stnId,stnNm,tm,avgTa,minTa,minTaHrmt,maxTa,maxTaHrmt,mi10MaxRn,mi10MaxRnHrmt,hr1MaxRn,hr1MaxRnHrmt,sumRnDur,sumRn,maxInsWs,maxInsWsWd,maxInsWsHrmt,maxWs,maxWsWd,maxWsHrmt,avgWs,hr24SumRws,maxWd,avgTd,minRhm,minRhmHrmt,avgRhm,avgPv,avgPa,maxPs,maxPsHrmt,minPs,minPsHrmt,avgPs,ssDur,sumSsHr,hr1MaxIcsrHrmt,hr1MaxIcsr,sumGsr,ddMefs,ddMefsHrmt,ddMes,ddMesHrmt,sumDpthFhsc,avgTca,avgLmac,avgTs,minTg,avgCm5Te,avgCm10Te,avgCm20Te,avgCm30Te,avgM05Te,avgM10Te,avgM15Te,avgM30Te,avgM50Te,sumLrgEv,sumSmlEv,n99Rn,iscs,sumFogDur
143,대구,2021-03-20,9.9,8.3,0654,10.9,1752,,,,,9.0,5.3,6.9,110,0153,5.1,110,0154,2.3,2029,290,8.5,73,0011,92.1,11.2,1006.6,1020.2,0001,1010.4,1744,1013.2,12.1,0.0,1000,0.64,4.12,,,,,,9.4,6.8,10.4,7.0,,,,,,,,,,0.9,1.2,,{비}0440-{비}{강도0}0600-{비}{강도0}0900-{비}{강도0}1200-1340. {박무}0815-{박무}{강도0}0900-0905. {박무}1040-{박무}{강도1}1200-1450.,
143,대구,2021-03-21,8.8,5.1,2353,11.7,1551,,,,,,,13.4,290,1627,8.7,320,1404,5.3,4536,290,1.4,41,1623,61.5,7.0,1006.6,1018.7,2334,1010.3,0306,1013.2,12.2,8.6,1100,2.55,17.7,,,,,,5.8,3.6,10.2,4.2,,,,,,,,,,3.3,4.7,,,
143,대구,2021-03-22,7.9,3.3,0623,13.0,1503,,,,,,,11.5,290,1437,8.3,290,1649,4.7,4053,290,-3.1,32,1257,46.6,4.9,1013.4,1022.1,2333,1018.0,1544,1020.1,12.2,11.1,1200,3.17,22.65,,,,,,1.6,1.3,10.4,1.4,,,,,,,,,,3.8,5.4,,,
143,대구,2021-03-23,11.4,1.7,0622,20.2,1557,,,,,,,7.4,270,1655,4.9,270,1659,2.2,1910,290,0.6,31,1222,49.4,6.4,1014.3,1023.7,0902,1017.4,1730,1020.9,12.3,11.2,1200,3.07,21.74,,,,,,0.0,0.0,12.8,-5.5,,,,,,,,,,4.0,5.8,,{황사}1140-{황사}{강도0}1200-{황사}{강도0}1500-{황사}{강도0}1800-1810.,
143,대구,2021-03-24,11.5,4.3,0646,18.2,1309,,,,,,,4.2,270,1953,2.9,290,2143,1.0,880,340,2.1,30,1347,54.9,7.2,1014.0,1023.8,0944,1017.9,1709,1020.6,12.3,4.1,1200,2.63,14.14,,,,,,6.3,2.1,10.9,-2.8,,,,,,,,,,2.4,3.5,,,
143,대구,2021-03-25,14.1,5.7,0619,22.3,1716,,,,,,,6.7,250,1305,4.5,270,1408,1.6,1404,270,4.0,30,1710,54.0,8.1,1013.7,1022.5,0949,1017.9,1713,1020.2,12.3,11.3,1200,3.08,22.25,,,,,,0.8,0.0,15.5,-1.2,,,,,,,,,,4.1,5.8,,,
143,대구,2021-03-26,15.3,6.7,0633,23.9,1510,,,,,,,6.9,110,1654,5.3,110,1659,1.6,1369,140,4.6,26,1341,52.6,8.5,1014.5,1023.7,0901,1018.0,1603,1021.0,12.4,9.7,1100,3.02,20.31,,,,,,4.0,0.0,16.4,-0.8,,,,,,,,,,3.7,5.4,,,
143,대구,2021-03-27,12.7,6.5,0619,17.1,1338,,,,,10.25,18.4,5.6,110,1128,4.1,140,1012,2.2,1897,140,10.0,57,1205,84.8,12.7,1006.4,1020.9,0026,1003.9,2357,1012.8,12.4,0.1,1100,1.32,6.5,,,,,,9.0,4.1,12.3,0.9,,,,,,,,,,1.2,1.7,,{비}1345-{비}{강도0}1500-{비}{강도0}1800-{비}{강도0}2100-{비}{강도1}2400- {박무}1445-{박무}{강도0}1500-1725. {박무}1855-2045. {박무}2105-2355.,
143,대구,2021-03-28,15.8,11.7,2332,20.2,1433,,,,,3.67,6.0,9.9,290,1402,6.9,290,1403,3.1,2690,340,10.5,47,1749,72.9,12.9,996.6,1005.5,2054,999.9,0546,1002.9,12.4,8.2,1400,2.72,18.35,,,,,,4.6,3.8,16.0,7.0,,,,,,,,,,3.4,4.8,,{박무}0105-0150. -{비}-0210. {비}0235-{비}{강도0}0300-0405. {박무}0325-0510.,
143,대구,2021-03-29,15.1,10.9,0121,19.5,1455,,,,,,,10.1,340,1234,6.0,340,1217,3.1,2676,320,4.3,36,1157,51.0,8.5,1000.7,1009.8,2352,1004.3,0336,1007.1,12.5,5.5,1200,2.87,17.93,,,,,,3.4,0.8,13.8,6.1,,,,,,,,,,4.2,6.0,,{박무}0415-{박무}{강도0}0600-0625. {연무}0620- {황사}0640-0645.{황사}{강도2}0900-{황사}{강도2}1200-{황사}{강도1}1500-{황사}{강도1}1800-{황사}{강도1}2100-{황사}{강도0}2400-,
143,대구,2021-03-30,14.6,10.5,2356,21.3,1623,,,,,,,6.3,270,1054,4.5,270,1125,2.6,2224,290,0.4,27,1446,39.5,6.4,1005.0,1014.3,2358,1009.7,0001,1011.5,12.5,9.5,1200,3.23,22.52,,,,,,3.0,1.4,14.1,6.0,,,,,,,,,,4.6,6.6,,-{황사}-{황사}{강도0}0300-{황사}{강도0}0600-{황사}{강도0}0900-1040.,
143,대구,2021-03-31,13.6,4.7,0612,23.1,1439,,,,,,,9.0,50,2245,5.6,110,1832,2.1,1812,110,4.6,26,1429,58.6,8.6,1008.6,1017.4,2229,1012.0,1534,1015.0,12.5,10.7,1200,3.17,22.76,,,,,,4.4,0.0,16.2,-0.4,,,,,,,,,,4.5,6.5,,,
143,대구,2021-04-01,13.5,9.2,0510,17.7,1246,,,,,,,12.2,90,1335,8.9,90,1318,5.2,4465,110,6.3,43,1631,63.1,9.6,1014.2,1022.5,2236,1017.2,0001,1020.8,12.6,7.3,1200,2.91,17.9,,,,,,7.3,3.8,14.3,6.8,,,,,,,,,,3.9,5.6,,,
143,대구,2021-04-02,14.7,12.2,0456,18.7,1551,,,,,,,10.0,90,0502,7.0,110,0406,4.5,3902,110,9.0,59,1507,69.0,11.5,1014.7,1023.1,1007,1019.2,1806,1021.2,12.6,6.0,1200,2.85,19.59,,,,,,7.6,4.4,18.6,12.0,,,,,,,,,,3.1,4.4,,,
143,대구,2021-04-03,14.5,11.8,0632,18.5,1144,1.4,1746,3.7,1700,8.42,16.2,6.2,140,2241,5.0,140,2248,2.3,2000,140,12.9,68,1125,91.1,15.0,1007.3,1020.5,0001,1008.8,2345,1013.7,12.7,0.0,1000,1.36,6.47,,,,,,9.8,6.3,15.7,11.2,,,,,,,,,,0.9,1.3,,{비}1210-{비}{강도0}1500-{비}{강도1}1800-2035. {박무}1255-{박무}{강도0}1500-{박무}{강도0}1800-{박무}{강도0}2100-{박무}{강도0}2400-,
143,대구,2021-04-04,9.7,7.0,2356,13.8,0001,2.3,358,7.2,357,9.33,19.3,9.5,110,0418,7.2,110,0418,3.7,3197,110,7.4,59,1938,86.6,10.5,1008.6,1020.6,2359,1008.5,0210,1015.2,12.7,0.0,1000,0.78,4.51,,,,,,8.8,6.4,11.0,4.1,,,,,,,,,,1.0,1.5,,{비}0005-0045. {비}0055-{비}{강도0}0300-{비}{강도1}0600-{비}{강도0}0900-0925. -{박무}-0145. {박무}0350-{박무}{강도0}0600-0650. {비}1005-1015.,
143,대구,2021-04-05,9.9,2.7,0550,16.2,1429,,,,,,,7.7,110,1737,5.4,140,1537,2.3,2030,140,2.5,38,1738,63.9,7.3,1015.6,1024.0,0728,1020.5,0004,1022.3,12.7,12.0,1200,3.36,25.02,,,,,,0.0,0.0,12.5,-3.3,,,,,,,,,,3.9,5.6,,,
143,대구,2021-04-06,13.2,3.8,0523,21.4,1549,,,,,,,7.6,320,1459,5.5,320,1602,2.3,2012,270,3.5,32,1636,57.0,7.9,1013.0,1022.6,0005,1015.9,1656,1019.5,12.8,8.9,1200,3.32,21.78,,,,,,1.6,0.8,13.4,-1.1,,,,,,,,,,4.8,6.8,,,
143,대구,2021-04-07,17.1,10.6,0649,23.0,1559,,,,,,,6.8,320,1757,4.7,320,1803,2.2,1932,270,3.9,29,1425,42.8,8.1,1011.9,1020.8,0935,1015.0,1725,1018.3,12.8,11.7,1200,3.31,24.65,,,,,,1.3,0.4,17.6,5.5,,,,,,,,,,4.9,7.0,,,
143,대구,2021-04-08,14.6,9.2,0625,21.9,1509,,,,,,,8.6,140,1830,6.0,140,1832,2.0,1724,340,4.4,28,1218,54.1,8.4,1010.9,1019.9,2351,1014.3,1620,1017.4,12.9,11.5,1200,3.41,25.22,,,,,,2.8,0.0,18.2,4.3,,,,,,,,,,4.8,6.8,,,
143,대구,2021-04-09,9.2,5.5,0602,15.0,1020,,,,,,,11.1,110,1629,7.6,110,1521,3.5,3061,110,4.8,58,1705,75.6,8.7,1019.7,1031.5,2308,1019.7,0105,1026.4,12.9,8.9,1400,2.56,19.95,,,,,,3.0,2.3,14.0,0.1,,,,,,,,,,2.8,3.9,,,
143,대구,2021-04-10,10.6,2.5,0539,18.5,1614,,,,,,,6.8,90,1925,4.6,90,1842,2.3,1963,140,2.9,32,1207,63.8,7.6,1024.8,1034.0,0921,1028.7,1658,1031.4,12.9,11.7,1200,3.26,25.16,,,,,,1.4,0.0,15.5,-0.8,,,,,,,,,,3.7,5.3,,,
143,대구,2021-04-11,13.6,4.3,0556,21.9,1357,,,,,,,5.8,140,1822,4.0,110,1826,1.9,1607,140,4.1,35,1407,56.9,8.2,1023.6,1033.3,0920,1026.7,1724,1030.2,13.0,11.7,1200,3.28,24.59,,,,,,2.0,0.0,18.4,-0.1,,,,,,,,,,4.3,6.1,,,
143,대구,2021-04-12,11.8,9.2,0554,14.5,2345,0.6,2133,1.7,1709,14.25,7.4,5.4,140,2110,3.5,140,1451,2.0,1738,140,9.1,43,0019,85.1,11.9,1013.9,1028.7,0001,1011.1,2355,1020.4,13.0,0.0,1100,0.85,5.43,,,,,,9.8,6.9,13.1,7.6,,,,,,,,,,0.9,1.3,,{비}0945-{비}{강도0}1200-{비}{강도0}1500-{비}{강도0}1800-{비}{강도0}2100-{비}{강도0}2400- {박무}1635-{박무}{강도0}1800-{박무}{강도0}2100-2305.,
143,대구,2021-04-13,15.1,8.1,2358,20.0,1629,0.0,,0.0,,0.08,0.0,10.9,320,1320,7.0,320,1323,3.5,3066,290,9.1,45,1630,70.3,12.1,1004.6,1016.6,2351,1007.7,0318,1011.1,13.0,7.9,1300,2.94,18.84,,,,,,5.6,3.8,16.8,6.2,,,,,,,,,,3.7,5.2,,-{비}-0005.,
143,대구,2021-04-14,11.1,5.8,0539,17.2,1617,,,,,,,9.7,290,1536,6.9,290,1541,3.8,3323,290,0.5,34,1746,49.9,6.3,1011.4,1020.0,2231,1016.3,1518,1018.0,13.1,10.3,1200,3.54,25.44,,,,,,2.9,0.0,14.1,3.0,,,,,,,,,,4.7,6.7,,,
143,대구,2021-04-15,11.9,4.4,0558,18.7,1547,,,,,,,5.2,230,2002,4.0,140,0851,1.5,1317,110,1.8,33,1347,52.6,7.0,1012.4,1021.5,0657,1016.2,1833,1018.9,13.1,11.0,1100,2.8,21.26,,,,,,3.5,0.6,14.5,-1.0,,,,,,,,,,3.1,4.5,,{햇무리}1210-1440.,
143,대구,2021-04-16,13.7,5.7,0503,21.1,1614,,,,,,,7.9,290,1515,5.2,270,1518,1.6,1409,320,7.4,49,1349,67.4,10.4,1009.9,1018.4,0010,1013.6,1715,1016.4,13.1,4.2,1100,2.54,14.85,,,,,,7.0,3.0,14.7,0.3,,,,,,,,,,2.9,4.1,,,
143,대구,2021-04-17,13.5,9.0,2358,19.3,1159,,,,,,,12.9,290,1810,8.1,290,1557,3.5,3010,290,3.5,33,1543,52.6,8.1,1007.0,1016.8,0011,1009.9,1533,1013.5,13.2,8.5,1100,3.1,19.24,,,,,,4.0,2.1,16.9,4.6,,,,,,,,,,4.3,6.1,,{황사}1105-{황사}{강도0}1200-{황사}{강도0}1500-1740.,
143,대구,2021-04-18,12.6,7.9,0503,17.5,1635,,,,,,,9.8,320,0939,6.3,290,0945,3.9,3362,290,2.4,39,1537,51.0,7.3,1008.8,1017.2,2354,1013.3,1709,1015.3,13.2,9.5,1300,3.32,24.21,,,,,,2.6,2.6,16.6,5.8,,,,,,,,,,4.7,6.7,,,
143,대구,2021-04-19,16.6,8.2,0620,24.0,1547,,,,,,,8.5,290,1219,6.2,290,1157,3.5,3017,290,3.6,31,1437,43.0,7.9,1009.9,1017.8,0800,1013.3,1613,1016.3,13.2,12.5,1200,3.48,27.06,,,,,,0.0,0.0,19.7,3.5,,,,,,,,,,6.6,9.5,,,
143,대구,2021-04-20,18.9,13.5,0602,26.5,1512,,,,,,,7.4,290,0130,5.4,290,0139,3.0,2559,270,5.8,30,1148,44.0,9.4,1013.3,1022.2,2351,1017.6,1619,1019.7,13.3,11.6,1200,3.3,25.4,,,,,,2.5,0.0,22.4,10.0,,,,,,,,,,5.2,7.4,,,
143,대구,2021-04-21,19.9,10.1,0548,29.5,1638,,,,,,,7.7,270,1733,4.5,340,1738,1.6,1353,140,9.6,31,1709,55.0,12.0,1015.1,1023.8,0845,1018.2,1731,1021.5,13.3,10.9,1200,3.32,24.58,,,,,,4.5,0.0,24.4,5.1,,,,,,,,,,4.9,6.9,,,
143,대구,2021-04-22,20.2,15.0,0523,28.3,1424,,,,,,,7.7,140,1433,5.8,110,1442,3.0,2587,110,9.3,31,1338,51.5,11.7,1013.5,1021.8,0001,1017.4,1500,1019.8,13.4,4.5,1100,3.01,18.7,,,,,,7.9,5.4,23.3,12.0,,,,,,,,,,5.2,7.5,,,
143,대구,2021-04-23,15.8,13.6,2338,18.0,1435,0.0,,0.0,,0.67,0.0,11.0,110,1612,7.4,110,1651,4.4,3841,110,8.9,52,1251,64.0,11.4,1014.4,1022.9,2205,1018.7,0216,1020.9,13.4,0.8,1500,1.59,10.64,,,,,,9.5,6.6,18.7,12.4,,,,,,,,,,2.9,4.1,,{비}0745-0825.,
143,대구,2021-04-24,16.7,12.8,0610,23.3,1503,,,,,,,8.0,110,0835,5.8,110,0842,3.3,2893,110,9.3,47,1504,62.9,11.8,1013.5,1022.7,0753,1017.4,1549,1019.9,13.4,8.1,1200,3.42,23.48,,,,,,7.4,5.5,24.3,10.1,,,,,,,,,,4.2,6.1,,,
143,대구,2021-04-25,14.4,10.7,2339,18.8,1338,,,,,,,11.5,140,1039,7.7,140,1217,4.3,3705,110,7.1,43,1339,63.3,10.1,1014.4,1024.4,2334,1017.9,0338,1020.9,13.5,11.9,1200,3.49,26.98,,,,,,2.3,2.1,21.9,6.1,,,,,,,,,,4.5,6.4,,,
143,대구,2021-04-26,13.6,6.3,0536,21.1,1555,,,,,,,7.1,90,1838,5.1,90,1839,2.3,1959,140,5.9,39,1556,63.1,9.3,1016.0,1024.8,0908,1020.0,1554,1022.6,13.5,12.1,1200,3.52,26.66,,,,,,3.5,0.0,21.4,0.3,,,,,,,,,,4.4,6.3,,,
143,대구,2021-04-27,15.8,8.1,0432,22.2,1303,,,,,,,6.1,270,1244,4.3,290,1251,1.5,1324,140,7.1,38,1543,58.5,10.1,1012.3,1022.2,0001,1015.5,1633,1018.8,13.5,6.5,1100,2.89,19.56,,,,,,7.6,2.1,22.2,4.7,,,,,,,,,,3.4,4.9,,,
143,대구,2021-04-28,18.1,11.6,0549,23.9,1343,,,,,,,6.7,320,1419,4.2,320,1547,1.9,1602,290,8.5,38,1807,56.5,11.2,1009.3,1018.0,0733,1013.6,2347,1015.6,13.6,8.1,1200,2.97,20.28,,,,,,7.4,1.0,22.6,5.8,,,,,,,,,,3.8,5.5,,{황사}1220-{황사}{강도0}1500-{황사}{강도0}1800-{황사}{강도0}2100-{황사}{강도0}2400-,
143,대구,2021-04-29,18.3,13.5,0739,24.7,1432,0.0,,0.0,,1.6,0.0,10.1,290,1611,6.8,290,1501,2.5,2192,110,8.0,33,1605,52.6,10.7,999.9,1014.0,0009,1002.2,1609,1006.2,13.6,8.3,1300,3.18,22.51,,,,,,7.3,3.6,23.2,12.0,,,,,,,,,,5.3,7.5,,-{황사}-0240. {비}0605-0650. {비}0748-0804. ]{우박}[(d 1.0)(NW 80)/상주시 화서면/ 모서면 일대/매일신문1100-1130. {비}1132-1137. ]{우박}[(d 1.0)(NE 70)/청송군 청송읍/ 진보면/ 파천면 일대/매일신문1330-1410. {비}2315-2345.,
143,대구,2021-04-30,16.9,12.6,0508,22.2,1354,0.1,,0.1,,0.67,0.1,12.7,140,0035,7.8,290,1136,4.1,3503,290,7.9,34,1505,57.5,10.7,997.5,1008.5,2135,1000.1,0415,1003.8,13.6,10.6,1100,3.45,27.0,,,,,,5.4,3.1,24.4,9.4,,,,,,,,,,4.8,6.9,,{비}0430-0510.,
143,대구,2021-05-01,12.1,9.4,0457,15.6,1551,0.4,231,1.4,203,5.92,3.7,10.3,290,1649,7.0,290,1518,3.9,3341,290,7.9,51,1605,77.3,10.7,998.7,1008.5,2352,1002.3,0509,1005.1,13.6,2.8,1500,2.01,13.13,,,,,,7.6,5.4,15.4,9.2,,,,,,,,,,2.5,3.6,,{비}0115-{비}{강도0}0300-{비}{강도0}0600-0625. {비}1145-{비}{강도0}1200-1220. {비}1335-1345. ]{우박}[(d 0.5)(NW 80)/상주시 모서면/안동MBC1920-1925.,
143,대구,2021-05-02,13.6,8.4,0531,19.9,1635,0.2,,0.3,450,2.68,0.5,8.2,290,0239,6.1,290,0210,3.2,2742,290,7.3,43,1631,68.0,10.2,1008.6,1019.8,2344,1008.2,0029,1015.1,13.7,9.2,1100,3.75,24.63,,,,,,5.5,4.9,19.1,4.1,,,,,,,,,,4.0,5.8,,{비}0324-{비}{강도0}0600-0605.,
143,대구,2021-05-03,16.5,7.6,0530,24.7,1554,,,,,,,7.1,290,1458,4.3,290,1421,1.8,1528,290,8.7,38,1509,64.1,11.3,1011.3,1020.6,0707,1014.1,1704,1017.8,13.7,11.7,1200,3.51,27.62,,,,,,2.6,0.0,23.0,1.4,,,,,,,,,,4.9,7.0,,,
143,대구,2021-05-04,17.0,12.5,0538,20.9,1443,0.9,2134,2.8,1940,8.92,8.9,4.9,200,1454,3.4,110,1841,1.6,1365,110,14.2,67,0850,85.0,16.4,1005.4,1017.7,0001,1003.8,2356,1011.7,13.8,0.2,0800,1.12,6.25,,,,,,9.8,6.5,19.3,8.4,,,,,,,,,,1.4,1.9,,{비}1505- {비}{강도0}1800- {박무}1950-{박무}{강도0}2100-,
143,대구,2021-05-05,18.5,13.6,2349,23.5,1155,1.0,254,1.0,250,2.03,1.2,12.2,290,1223,8.8,290,1230,4.1,3541,290,7.8,31,1226,53.6,11.1,1005.4,1018.4,2314,1002.4,0158,1011.7,13.8,12.2,1200,3.61,28.21,,,,,,3.9,1.4,21.1,8.3,,,,,,,,,,6.0,8.6,,-{박무}-0010. -{비}-0015. {비}0045-0150. {비}0250-{비}{강도0}0300-0310. {비}0335-0357.,
143,대구,2021-05-06,16.9,7.1,0514,25.7,1421,,,,,,,5.2,270,1519,3.1,180,1714,1.3,1138,200,6.3,34,1403,52.1,9.6,1010.1,1020.1,0733,1013.3,2358,1016.5,13.8,10.4,1200,3.59,26.27,,,,,,4.9,0.6,21.3,0.4,,,,,,,,,,4.7,6.7,,,
143,대구,2021-05-07,18.1,11.5,0528,25.6,1208,,,,,,,11.5,270,1532,6.9,270,1529,2.4,2069,320,4.7,20,1823,43.5,9.0,1000.8,1013.3,0001,1001.9,1506,1007.1,13.8,5.8,1100,2.51,17.06,,,,,,6.9,2.1,20.1,6.5,,,,,,,,,,4.5,6.5,,{황사}1530-1630. {황사}1730-{황사}{강도0}1800-{황사}{강도0}2100-{황사}{강도0}2400-,
143,대구,2021-05-08,18.1,7.7,0524,26.1,1322,,,,,,,10.6,270,1431,6.6,270,1353,2.9,2482,270,2.2,17,1323,36.9,7.3,998.3,1009.0,0541,999.3,1653,1004.6,13.9,11.8,1200,3.46,27.9,,,,,,0.8,0.0,23.8,1.2,,,,,,,,,,7.5,10.8,,-{황사}-{황사}{강도0}0300-{황사}{강도0}0600-{황사}{강도1}0900-{황사}{강도0}1200-{황사}{강도0}1500-{황사}{강도0}1800-{황사}{강도0}2100-{황사}{강도1}2400-,
143,대구,2021-05-09,19.0,12.6,0507,25.0,1634,,,,,,,11.3,290,1606,8.1,290,1447,3.9,3335,320,0.1,16,1401,30.3,6.2,1002.9,1011.7,2354,1004.9,0001,1009.2,13.9,13.0,1200,3.55,29.12,,,,,,1.3,0.0,24.8,5.8,,,,,,,,,,7.8,11.2,,-{황사}-{황사}{강도0}0300-{황사}{강도0}0600-0820.,
143,대구,2021-05-10,13.8,12.1,0418,16.2,0001,0.8,1447,1.1,1412,5.97,1.8,7.4,340,1005,4.9,340,1008,1.3,1129,140,7.3,34,0001,66.5,10.4,1007.4,1017.8,1006,1011.3,0333,1013.9,13.9,0.5,1200,1.24,7.7,,,,,,9.1,4.8,15.3,6.1,,,,,,,,,,1.3,1.9,,{비}0452-{비}{강도0}0600-0730. {비}0930-0940. {비}0958-1053. {비}1403-{비}{강도0}1500-1615. {비}2102-2105.,
143,대구,2021-05-11,15.1,12.3,0535,18.2,1332,0.3,743,0.7,737,4.9,1.3,8.7,140,1739,6.1,110,2013,3.1,2639,110,9.0,47,1747,69.4,11.5,1009.2,1017.0,1025,1014.4,1533,1015.7,14.0,0.3,1200,1.92,9.87,,,,,,9.8,5.9,15.9,12.3,,,,,,,,,,3.1,4.4,,{비}0332-{비}{강도0}0600-0638. {비}0737-{비}{강도0}0900-0910. {박무}0750-0848. {비}0950-1005.,
143,대구,2021-05-12,17.3,13.4,0351,22.5,1625,,,,,,,10.8,90,0935,7.0,110,0941,4.3,3686,140,8.8,40,1627,58.6,11.3,1007.2,1016.1,0012,1011.4,1559,1013.6,14.0,10.4,1100,3.03,25.44,,,,,,4.4,1.9,22.9,12.0,,,,,,,,,,5.0,7.1,,,
143,대구,2021-05-13,20.4,11.1,0547,30.3,1627,,,,,,,6.8,110,1712,4.7,110,1714,2.2,1904,140,9.3,30,1428,53.1,11.8,1005.5,1013.8,0819,1009.0,1720,1011.8,14.0,12.8,1100,3.39,27.79,,,,,,2.6,0.0,27.7,9.8,,,,,,,,,,5.7,8.2,,,
143,대구,2021-05-14,22.0,14.1,0527,30.4,1406,,,,,,,7.1,110,1543,5.1,110,1252,2.4,2082,140,13.0,33,1359,59.3,15.0,1005.8,1014.2,0531,1009.7,1531,1012.0,14.0,10.0,1200,3.36,24.6,,,,,,6.5,1.9,28.4,11.6,,,,,,,,,,5.1,7.2,,,
143,대구,2021-05-15,19.9,17.4,0722,22.6,1723,1.5,957,4.5,908,6.28,8.7,6.3,140,0118,4.9,140,0128,1.7,1494,140,17.3,68,0001,85.6,20.0,1001.7,1011.7,0001,1005.1,1725,1007.9,14.1,0.0,1200,0.89,6.1,,,,,,9.9,5.5,21.3,17.1,,,,,,,,,,1.1,1.5,,{비}0648-{비}{강도0}0900-{비}{강도0}1200-1305. {박무}0655-{박무}{강도0}0900-{박무}{강도0}1200-{박무}{강도0}1500-{박무}{강도0}1800-1910. {박무}1945-{박무}{강도0}2100-{박무}{강도0}2400-,
143,대구,2021-05-16,20.1,13.7,2317,23.7,1337,4.8,250,8.3,227,14.42,24.7,8.5,140,2233,6.3,140,2241,2.1,1810,140,18.8,85,1402,92.9,22.1,996.1,1006.1,0001,999.3,1726,1002.4,14.1,0.0,1300,0.81,4.8,,,,,,10.0,6.9,21.7,13.7,,,,,,,,,,1.1,1.5,,{비}0130-0135. -{박무}-0155. {비}0215-{비}{강도1}0300-0330. {박무}0225-{박무}{강도2}0300-{박무}{강도0}0600-0625. {비}0345-0510. {비}0520-0535. {비}0630-0640. {비}0803-0854. {비}1026-{비}{강도0}1200-{비}{강도0}1500-{비}{강도0}1800-1935. {박무}1805-1915. {비}2202-2317.,
143,대구,2021-05-17,14.4,13.4,2317,16.0,1350,0.7,1630,2.2,1442,14.87,11.4,8.5,140,0447,5.8,140,0641,3.6,3069,140,13.3,86,0500,93.4,15.3,1000.7,1011.0,2230,1002.9,0129,1007.1,14.1,0.0,1100,0.92,5.75,,,,,,9.8,7.3,16.7,13.4,,,,,,,,,,1.0,1.5,,{안개비}0520-{안개비}{강도0}0600-{비}0720-0824. {박무}0705-0810. {안개비}0832-{안개비}{강도0}0900-0910. {안개비}1050-{비}1107-{비}{강도0}1200-{안개비}1210-1320. {비}1425-{비}{강도0}1500-{비}{강도0}1800-{비}{강도0}2100-2305. {박무}1450-{박무}{강도0}1500-1550. {박무}1620-{박무}{강도0}1800-1950. {박무}2010-{박무}{강도0}2100-2310.,
143,대구,2021-05-18,17.7,13.5,0149,23.5,1707,0.1,,0.1,,1.33,0.1,4.6,140,0351,3.8,140,0352,1.3,1085,140,14.0,50,1727,81.0,16.0,1004.2,1011.9,0851,1008.5,1632,1010.5,14.1,5.1,1500,2.48,16.26,,,,,,7.0,4.5,20.8,12.5,,,,,,,,,,3.0,4.2,,{박무}0140-{박무}{강도0}0300-{박무}{강도0}0600-0650. {안개비}0510-{안개비}{강도0}0600-0630. {박무}0740-0850.,
143,대구,2021-05-19,22.5,15.8,0019,29.4,1440,,,,,,,5.0,320,1218,3.3,290,1225,1.5,1336,250,12.1,24,1450,57.4,14.3,1004.7,1012.1,0706,1008.7,1752,1011.0,14.2,9.3,1200,3.56,26.95,,,,,,5.6,0.0,24.3,12.7,,,,,,,,,,5.1,7.2,,{박무}0230-{박무}{강도0}0300-0325. {박무}0540-{박무}{강도0}0600-0726.,
143,대구,2021-05-20,16.3,14.7,2317,20.0,0001,2.0,1151,8.3,1115,13.67,12.2,8.0,110,1455,5.7,110,1526,2.6,2288,140,13.6,65,0005,85.1,15.6,999.0,1012.0,0001,1001.5,1903,1005.3,14.2,0.0,1200,0.73,4.63,,,,,,9.9,7.0,17.6,14.7,,,,,,,,,,1.1,1.5,,{비}0750-0853. {비}0903-{비}{강도1}1200-1430. {박무}0940-{박무}{강도0}1200-1205. {안개비}1550-1615. {안개비}1715-{안개비}{강도0}1800- {박무}1845-1905. {박무}1940-2020. {박무}2320-{박무}{강도0}2400-,
143,대구,2021-05-21,17.6,14.7,0002,21.5,1349,0.0,,0.0,,0.75,0.0,8.6,320,1430,6.2,290,1227,2.7,2342,290,11.6,50,1327,69.6,13.8,999.1,1009.7,2336,1000.8,0113,1005.4,14.2,1.8,1300,2.47,13.97,,,,,,8.9,8.4,18.6,14.5,,,,,,,,,,3.4,4.8,,-{안개비}-0045. -{박무}-0120. {박무}0240-{박무}{강도0}0300-0340.,
143,대구,2021-05-22,21.0,13.7,0544,27.5,1629,,,,,,,7.2,340,0951,5.1,290,1340,2.8,2458,290,11.8,37,1523,57.6,13.8,1003.2,1011.1,0727,1006.7,1552,1009.5,14.2,12.8,1200,3.47,28.72,,,,,,0.3,0.1,22.0,10.1,,,,,,,,,,5.8,8.2,,,
143,대구,2021-05-23,23.6,14.8,0457,30.8,1528,,,,,,,5.5,250,1407,3.6,290,1638,1.5,1324,270,12.3,25,1423,52.5,14.4,1003.6,1012.2,0616,1007.6,1841,1009.8,14.3,10.0,1200,3.41,25.35,,,,,,5.0,0.0,25.4,9.9,,,,,,,,,,5.1,7.3,,,
143,대구,2021-05-24,22.3,18.0,2343,27.5,1319,0.3,655,0.5,605,2.18,0.7,8.3,320,1459,5.7,340,1503,2.4,2044,320,10.2,21,1857,49.8,13.2,1000.7,1009.3,2400,1004.3,1448,1006.9,14.3,5.4,1200,3.41,18.25,,,,,,6.6,3.6,24.2,12.7,,,,,,,,,,4.7,6.8,,{비}0530-{비}{강도0}0600-0741. {박무}0645-0850. {박무}0920-1020. {황사}2305-{황사}{강도0}2400-,
143,대구,2021-05-25,18.0,13.1,0533,23.7,1330,0.0,,0.0,,0.43,0.0,13.0,270,1312,8.9,290,1600,3.1,2668,320,4.3,19,1858,43.5,8.5,1000.7,1010.7,2355,1004.0,1312,1007.0,14.3,8.2,1100,2.99,20.71,,,,,,4.1,2.0,20.3,7.2,,,,,,,,,,5.6,7.9,,-{황사}-{황사}{강도0}0300-{황사}{강도0}0600-{황사}{강도0}0900-{황사}{강도0}1200-1320. {비}0823-0835. {비}0945-0959.,
143,대구,2021-05-26,18.0,11.2,0533,24.3,1526,,,,,,,7.2,270,2134,3.5,230,2143,1.3,1124,160,4.8,26,1603,44.3,8.7,1003.1,1013.0,0921,1006.4,1739,1009.4,14.3,1.8,1100,2.81,16.65,,,,,,8.8,2.3,21.1,7.2,,,,,,,,,,3.8,5.4,,,
143,대구,2021-05-27,18.9,15.0,2356,25.5,1541,,,,,,,9.0,290,1550,6.6,270,1737,2.5,2190,290,9.2,28,1810,55.9,11.8,996.0,1006.8,0001,999.5,1509,1002.3,14.3,5.3,1500,2.19,15.89,,,,,,5.9,3.9,22.8,7.4,,,,,,,,,,4.0,5.8,,,
143,대구,2021-05-28,16.7,10.7,0522,28.8,1308,4.2,1444,11.7,1422,1.82,13.8,10.6,270,1327,7.0,290,1335,1.8,1582,140,10.7,25,1227,71.6,12.9,995.5,1006.3,0237,996.9,1327,1001.8,14.4,9.9,1200,3.47,21.16,,,,,,2.6,1.8,18.9,5.1,,,,,,,,,,4.3,6.2,,{비}1406-{비}{강도1}1500-1555.,
143,대구,2021-05-29,20.4,14.9,0449,26.3,1522,,,,,,,9.9,320,1242,6.7,290,1231,2.8,2437,290,8.8,28,1241,49.4,11.3,999.6,1009.2,2357,1001.8,0001,1005.9,14.4,11.1,1200,3.59,27.88,,,,,,3.9,3.1,21.7,10.5,,,,,,,,,,5.8,8.2,,,
143,대구,2021-05-30,20.6,13.3,0520,28.5,1541,,,,,,,7.7,110,1756,5.9,90,1759,1.7,1495,140,10.5,25,1116,56.5,12.8,1003.2,1011.2,2352,1006.9,1540,1009.5,14.4,11.5,1200,3.49,27.66,,,,,,2.6,2.1,25.3,8.3,,,,,,,,,,5.4,7.8,,,
143,대구,2021-05-31,20.7,15.5,0640,28.9,1446,0.5,558,1.1,508,3.82,1.9,7.0,140,1832,4.9,110,1831,2.2,1925,110,13.8,36,1439,67.1,15.8,1005.8,1014.7,2203,1009.9,1438,1012.0,14.4,6.6,1200,3.37,21.87,,,,,,5.9,5.3,25.1,15.2,,,,,,,,,,4.6,6.6,,{비}0056-0145. {비}0320-0355. {비}0420-{비}{강도0}0600-0615. {박무}0540-{박무}{강도0}0600-0615. {비}0635-0705.,
143,대구,2021-06-01,22.8,15.9,0426,29.7,1607,,,,,,,5.7,160,0200,4.0,140,0207,2.1,1833,140,13.1,26,1621,57.6,15.1,1008.1,1016.4,0808,1012.6,1639,1014.3,14.4,11.1,1200,3.07,25.97,,,,,,4.6,0.1,27.8,12.9,,,,,,,,,,4.9,7.1,,{박무}0435-{박무}{강도0}0600-0730.,
143,대구,2021-06-02,23.8,18.2,0440,30.2,1320,,,,,,,4.6,200,1753,3.1,140,1444,1.4,1250,140,12.3,27,1558,51.9,14.4,1006.9,1015.7,0800,1010.9,1724,1013.1,14.5,8.1,1100,3.22,22.15,,,,,,6.1,0.0,27.2,14.2,,,,,,,,,,4.6,6.6,,,
143,대구,2021-06-03,18.7,16.7,0505,19.9,0001,1.0,1301,2.9,2230,15.33,17.5,5.1,340,2045,4.0,140,0706,1.7,1501,140,16.6,65,0003,88.4,19.0,998.5,1012.1,0030,999.4,1912,1004.8,14.5,0.1,0700,0.65,5.87,,,,,,9.3,5.9,20.7,13.8,,,,,,,,,,1.5,2.1,,{비}0840-{비}{강도0}0900-{비}{강도0}1200-{비}{강도0}1500-{비}{강도0}1800-{비}{강도0}2100-{비}{강도0}2400- {박무}0855-{박무}{강도0}0900-{박무}{강도0}1200-{박무}{강도1}1500-{박무}{강도0}1800-{박무}{강도0}2100-2335.,
143,대구,2021-06-04,21.3,17.1,0608,27.0,1550,0.6,329,1.9,234,3.58,3.8,6.9,290,1152,4.8,290,1159,2.7,2307,290,10.5,27,1550,53.9,12.9,995.5,1003.5,2300,999.8,0120,1001.7,14.5,12.6,1000,3.4,28.17,,,,,,6.4,3.9,23.3,14.5,,,,,,,,,,5.8,8.3,,-{비}-{비}{강도0}0300-0335.,
143,대구,2021-06-05,23.1,13.7,0507,30.4,1452,,,,,,,8.1,270,1352,5.6,290,1242,2.1,1772,270,11.8,32,1341,51.8,14.1,995.8,1003.9,2317,999.4,1543,1001.9,14.5,12.4,1200,3.32,26.08,,,,,,4.4,0.0,23.8,8.8,,,,,,,,,,5.7,8.2,,{연무}2150-{연무}{강도0}2400-,
143,대구,2021-06-06,23.9,18.2,0535,30.4,1609,0.2,,0.2,,0.5,0.2,6.2,340,1236,3.6,290,1449,1.3,1098,50,15.4,34,1726,62.1,17.6,1001.1,1011.5,2400,1003.9,0001,1007.2,14.5,10.0,1200,2.86,22.27,,,,,,3.5,1.5,26.0,14.7,,,,,,,,,,4.4,6.3,,{박무}0045-{박무}{강도0}0300-{박무}{강도0}0600-0810. -{연무}-0050. {연무}0805-{연무}{강도0}0900-0910. {소나기}1135-{소나기}{강도0}1200-1205.,
143,대구,2021-06-07,25.3,18.4,0447,31.4,1313,,,,,,,4.8,320,1220,3.4,340,1229,1.3,1155,340,14.9,29,1213,56.3,17.0,1007.2,1014.6,2143,1011.5,0001,1013.4,14.5,9.9,1200,3.2,24.61,,,,,,4.0,1.8,27.8,14.2,,,,,,,,,,5.0,7.2,,{박무}0410-0540.,
143,대구,2021-06-08,25.4,20.5,0534,33.2,1530,,,,,,,7.8,110,1715,5.6,140,1706,1.8,1590,140,14.6,26,1536,54.0,16.7,1009.0,1016.2,0808,1013.6,1557,1015.2,14.5,11.7,1200,3.38,26.65,,,,,,4.9,1.1,31.3,17.2,,,,,,,,,,6.2,8.9,,,
143,대구,2021-06-09,25.3,19.9,0514,32.7,1553,,,,,,,6.3,110,1731,4.7,110,1733,2.6,2241,140,13.4,25,1528,50.5,15.5,1009.4,1017.7,0820,1013.2,1702,1015.6,14.5,11.5,1200,3.36,27.06,,,,,,3.5,0.8,31.9,18.3,,,,,,,,,,6.3,9.0,,,
143,대구,2021-06-10,24.2,19.1,0421,30.5,1251,0.0,,0.0,,0.5,0.0,5.5,140,0254,4.0,140,0125,2.6,2221,140,14.6,33,1245,57.1,16.8,1007.2,1015.9,0043,1011.6,2359,1013.5,14.5,4.4,1100,3.2,19.34,,,,,,7.8,2.1,28.8,17.7,,,,,,,,,,4.1,5.9,,{박무}0525-{박무}{강도0}0600-0655. {연무}0830-0855. {비}2330-{비}{강도0}2400-,
143,대구,2021-06-11,22.1,20.1,0857,25.5,1700,0.7,852,2.0,811,10.92,5.5,7.2,200,0659,2.9,110,1225,1.4,1239,140,19.3,69,1706,84.8,22.4,1004.8,1012.8,2251,1009.7,0559,1011.0,14.6,0.3,1500,1.19,7.55,,,,,,8.0,6.5,24.1,19.7,,,,,,,,,,1.7,2.5,,-{비}-{비}{강도0}0300-{비}{강도0}0600-{비}{강도0}0900-1055. {박무}0750-{박무}{강도0}0900-1020.,
143,대구,2021-06-12,24.1,20.6,0419,28.0,1253,,,,,,,6.9,90,1257,4.9,110,1306,2.4,2062,140,19.0,54,1318,74.8,22.0,1005.6,1013.4,0716,1010.2,1742,1011.8,14.6,2.1,1200,2.33,19.25,,,,,,8.9,4.9,26.8,18.7,,,,,,,,,,4.0,5.7,,{박무}2140-{박무}{강도0}2400-,
143,대구,2021-06-13,25.4,21.6,0521,31.7,1430,0.1,,0.1,,0.75,0.1,8.1,90,1802,5.7,90,1811,2.2,1899,160,18.7,41,1419,69.0,21.7,1002.0,1011.3,0001,1005.0,1723,1008.2,14.6,9.3,1100,3.01,23.82,,,,,,7.0,6.3,30.6,20.4,,,,,,,,,,4.8,6.8,,{비}0205-0250. -{박무}-{박무}{강도0}0300-{박무}{강도0}0600-0650. {박무}0730-0830. {박무}2330-{박무}{강도0}2400-,
143,대구,2021-06-14,23.9,21.1,0229,28.0,1500,,,,,,,6.6,90,1901,4.8,110,1906,2.9,2520,140,17.6,49,1235,69.4,20.1,1000.4,1008.0,0548,1004.9,1726,1006.6,14.6,2.9,1400,2.55,17.04,,,,,,8.1,6.8,28.7,20.0,,,,,,,,,,3.9,5.6,,-{박무}-0030. {박무}0210-{박무}{강도0}0300-{박무}{강도0}0600-{박무}{강도0}0900-0915.,
143,대구,2021-06-15,21.4,19.7,2353,23.9,1138,0.6,2112,1.1,2022,5.92,3.0,7.1,110,2348,4.9,110,2153,2.9,2480,110,16.9,60,1215,76.0,19.2,998.8,1007.0,0018,1003.9,1717,1005.1,14.6,0.0,1000,1.04,8.38,,,,,,9.8,4.4,23.5,18.9,,,,,,,,,,2.0,2.8,,{비}1210-1420. {비}1625-1630. {비}1905-{비}{강도0}2100-2245. {박무}1950-2045.,
143,대구,2021-06-16,20.4,17.9,0447,23.0,1513,0.1,,0.3,351,2.17,0.5,9.1,110,1121,6.4,110,1126,3.5,3021,110,15.4,59,1509,73.5,17.5,999.7,1008.2,2111,1003.8,0225,1005.9,14.6,0.3,1100,1.55,10.18,,,,,,9.5,8.1,21.7,17.6,,,,,,,,,,2.6,3.7,,{안개비}0015-0115. {비}0348-0458.,
143,대구,2021-06-17,20.0,18.3,0353,23.4,1553,0.1,,0.1,,1.22,0.1,5.8,140,1337,4.3,110,1340,2.5,2133,140,14.4,57,1355,70.6,16.4,1000.9,1008.8,0753,1005.7,1855,1007.2,14.6,1.0,1300,3.02,13.71,,,,,,9.5,7.4,24.0,18.1,,,,,,,,,,2.6,3.7,,{비}1852-1925. {비}2250-2330. {박무}2325-{박무}{강도0}2400-,
143,대구,2021-06-18,22.3,17.9,0506,26.7,1328,0.4,358,1.6,348,4.25,3.0,4.4,360,2117,3.0,270,1931,1.3,1085,340,17.1,52,1513,73.6,19.5,995.5,1005.7,0001,999.0,1742,1001.7,14.6,0.4,1300,2.18,11.6,,,,,,8.5,6.4,23.8,17.9,,,,,,,,,,2.9,4.2,,{비}0010-0025. {비}0220-{비}{강도0}0300-0510. -{박무}-{박무}{강도0}0300-{박무}{강도1}0600-{박무}{강도0}0900-{박무}{강도0}1200-1240. {비}0545-{비}{강도0}0600-0640. {비}0655-0710.,
143,대구,2021-06-19,25.3,19.6,0347,31.3,1501,,,,,,,6.1,320,1536,3.4,140,2117,1.8,1579,290,13.2,23,1756,51.1,15.4,994.6,1002.5,2304,998.9,1547,1000.7,14.6,13.0,1300,3.41,29.89,,,,,,3.9,2.8,30.0,16.2,,,,,,,,,,6.3,9.0,,,
143,대구,2021-06-20,25.9,18.1,0630,33.9,1358,,,,,,,6.5,290,1407,4.3,290,1409,2.0,1768,140,12.0,13,1400,47.1,14.3,995.4,1003.4,0741,999.6,1701,1001.5,14.6,11.4,1200,3.55,27.65,,,,,,4.0,1.5,31.8,15.0,,,,,,,,,,6.7,9.6,,{달코로나}2055-2210.,
143,대구,2021-06-21,23.9,19.4,2359,31.6,1450,,,,,,,9.6,110,1812,7.3,110,1729,3.1,2639,110,12.3,26,1326,50.9,14.4,998.3,1008.8,2338,1001.5,0200,1004.4,14.6,9.8,1100,3.46,25.93,,,,,,4.1,2.5,31.2,14.2,,,,,,,,,,6.5,9.3,,,
143,대구,2021-06-22,20.7,17.7,0349,26.5,1329,2.4,2342,3.4,2310,1.42,3.5,7.5,90,0018,5.5,110,0018,3.4,2964,140,14.3,45,1357,67.3,16.3,1003.7,1011.9,2348,1008.2,0215,1010.0,14.6,5.4,1200,3.41,19.29,,,,,,7.4,5.6,26.6,16.0,,,,,,,,,,3.9,5.5,,{소나기}1525-1535. {소나기}1725-1750. {소나기}2310-{소나기}{강도1}2400-,
143,대구,2021-06-23,20.4,17.6,0338,24.4,1409,0.2,,0.2,,0.42,0.2,7.4,110,1804,5.6,110,1657,3.4,2935,110,14.3,52,1412,68.9,16.3,1005.4,1013.1,2227,1010.2,1640,1011.7,14.6,2.5,1300,3.0,15.88,,,,,,9.0,7.9,23.0,17.3,,,,,,,,,,3.6,5.1,,-{소나기}-0025.,
143,대구,2021-06-24,23.0,18.9,0447,28.5,1422,,,,,,,4.3,90,0209,3.1,140,0344,1.8,1535,140,14.9,38,1623,62.0,17.0,1005.5,1013.4,0839,1009.5,1716,1011.7,14.6,3.2,1100,2.97,18.35,,,,,,7.5,5.3,27.0,18.9,,,,,,,,,,3.9,5.5,,,
143,대구,2021-06-25,23.5,18.6,0525,29.8,1312,4.0,1858,12.0,1839,2.33,14.7,10.3,110,1814,7.1,110,1822,1.5,1290,140,17.0,32,1251,70.6,19.6,1004.6,1012.7,0655,1008.0,1716,1010.8,14.6,6.3,1100,3.44,19.61,,,,,,4.5,2.5,27.9,15.7,,,,,,,,,,3.5,5.1,,{박무}0255-{박무}{강도0}0300-{박무}{강도0}0600-{박무}{강도0}0900-0950. {소나기}1730-{소나기}{강도0}1800-1950. {박무}1845-{박무}{강도2}2100-{박무}{강도0}2400-,
143,대구,2021-06-26,22.8,20.1,0436,27.2,1324,0.3,719,0.9,838,4.08,2.0,4.0,140,2056,3.1,140,2057,1.3,1144,140,17.2,46,1500,72.9,19.8,1004.4,1012.4,0819,1009.2,1731,1010.7,14.6,1.8,1100,2.69,13.1,,,,,,8.5,5.3,24.0,19.8,,,,,,,,,,3.2,4.5,,-{박무}-0145. {박무}0305-{박무}{강도0}0600-{박무}{강도0}0900-1155. {비}0635-{비}{강도0}0900-1040. {연무}1150-{연무}{강도0}1200-1220.,
143,대구,2021-06-27,24.0,19.1,0527,29.9,1340,,,,,,,7.7,110,2144,5.6,110,1906,3.3,2875,110,15.9,35,1408,63.0,18.1,1001.6,1010.1,0001,1005.3,1744,1007.8,14.6,8.8,1100,3.43,25.32,,,,,,4.8,2.3,26.7,17.9,,,,,,,,,,5.6,8.0,,{박무}0140-{박무}{강도0}0300-{박무}{강도0}0600-0855. {연무}0850-{연무}{강도0}0900-0920.,
143,대구,2021-06-28,23.9,21.3,0159,28.0,1412,,,,,,,8.4,90,1546,5.6,90,1716,3.2,2755,110,16.5,45,1441,64.3,18.7,999.5,1007.6,0001,1003.6,1718,1005.7,14.6,6.6,1100,2.61,20.23,,,,,,6.1,4.1,27.9,20.4,,,,,,,,,,4.5,6.5,,,
143,대구,2021-06-29,24.6,20.3,0408,30.0,1523,0.5,2016,1.0,1945,1.2,1.0,6.8,110,1846,4.9,90,1921,1.9,1615,140,16.6,35,1444,64.0,19.0,999.8,1007.8,2304,1004.1,1643,1006.0,14.6,6.5,1300,3.11,23.01,,,,,,7.6,7.6,31.2,18.9,,,,,,,,,,4.8,6.8,,{박무}0350-0430. {박무}0620-0735. {소나기}1945-2057. {박무}2020-2030.,
143,대구,2021-06-30,24.4,21.7,2351,29.6,1452,0.0,,0.0,,0.08,0.0,7.4,140,1727,5.1,110,1734,2.3,1991,140,17.6,44,1445,67.0,20.1,1001.2,1008.9,1026,1006.0,1753,1007.3,14.6,2.0,1300,2.6,16.95,,,,,,7.1,4.4,29.3,20.5,,,,,,,,,,4.0,5.7,,{소나기}1724-1729.,
143,대구,2021-07-01,25.1,19.6,0536,32.4,1551,,,,,,,8.6,140,2247,6.3,140,2245,2.9,2510,140,14.8,22,1507,57.4,17.0,1001.0,1008.5,0204,1004.6,1658,1007.2,14.6,11.3,1200,3.44,26.16,,,,,,3.9,0.3,31.3,18.8,,,,,,,,,,6.5,9.2,,{박무}0330-{박무}{강도0}0600-0850.,
143,대구,2021-07-02,24.0,20.3,0514,28.8,1525,,,,,,,8.5,110,1810,6.4,140,1812,3.8,3324,140,17.8,50,1511,69.0,20.3,1003.6,1012.1,2331,1008.1,0008,1009.8,14.6,7.9,1300,3.28,22.51,,,,,,5.0,3.1,30.0,19.3,,,,,,,,,,5.2,7.5,,,
143,대구,2021-07-03,22.7,21.4,0238,24.8,0907,1.9,1455,5.2,1455,10.23,22.1,9.6,140,1258,6.7,110,1306,3.9,3401,110,18.6,64,1136,78.8,21.5,1002.1,1012.1,0001,1004.2,2338,1008.3,14.5,0.4,0800,1.15,7.35,,,,,,8.8,7.4,24.6,19.2,,,,,,,,,,2.0,2.9,,{비}0957-1005. {비}1224-{비}{강도0}1500-{비}{강도0}1800-1815. {박무}1440-{박무}{강도0}1500-1710. {비}1905-1925. {비}2005-{비}{강도0}2100-{비}{강도1}2400- {박무}2315-{박무}{강도0}2400-,
143,대구,2021-07-04,27.8,21.8,0001,32.4,1404,1.0,59,3.4,9,2.58,4.6,9.1,270,1029,5.9,270,1016,2.9,2488,270,19.8,43,1407,64.4,23.3,998.6,1009.2,2309,1000.8,0348,1004.6,14.5,8.3,1200,3.59,24.34,,,,,,7.9,4.1,28.6,21.8,,,,,,,,,,5.7,8.2,,-{박무}-0110. -{비}-0215. {비}0255-{비}{강도0}0300-0315.,
143,대구,2021-07-05,23.8,20.6,2226,27.2,1343,3.2,2155,8.3,2126,9.5,16.8,5.9,320,1408,4.2,270,1359,1.7,1509,340,18.7,55,1623,74.3,21.6,1003.8,1011.6,0943,1008.5,2356,1010.0,14.5,0.1,1300,1.31,9.1,,,,,,9.3,4.9,25.2,20.6,,,,,,,,,,1.8,2.6,,{비}1430-{비}{강도0}1500-{비}{강도0}1800-{비}{강도0}2100-{비}{강도1}2400-,
143,대구,2021-07-06,22.6,20.6,0048,25.8,1319,1.2,45,2.8,1624,14.32,18.2,4.9,110,0008,3.6,140,0015,1.2,1045,290,20.8,75,1315,90.3,24.6,1001.8,1009.4,2353,1006.2,0553,1008.0,14.5,0.0,1300,1.15,6.49,,,,,,10.0,6.5,24.1,20.6,,,,,,,,,,1.2,1.7,,{박무}0030-{박무}{강도0}0300-0510. -{비}-{비}{강도0}0300-0504. {비}0605-0705. {박무}0610-0815. {비}0740-0805. {비}1215-1230. {비}1330-1350. {비}1405-{비}{강도0}1500-{비}{강도0}1800-{비}{강도0}2100-2120.,
143,대구,2021-07-07,24.2,22.6,0006,26.2,1537,5.6,757,15.4,746,11.27,39.7,3.3,90,1828,2.3,110,1308,0.7,634,140,23.2,87,1544,95.0,28.5,1001.7,1010.1,1119,1005.2,1827,1007.9,14.5,0.0,1400,0.85,4.89,,,,,,9.6,7.3,25.3,22.6,,,,,,,,,,1.2,1.7,,{박무}0050-{박무}{강도0}0300-{박무}{강도0}0600-{박무}{강도1}0900-1005. {비}0130-0155. {비}0710-{비}{강도1}0900-0958. {비}1017-{비}{강도1}1200-1435. {박무}1025-{박무}{강도0}1200-1305. {비}1455-{비}{강도0}1500-1550. {비}1555-{비}{강도1}1800-1845. {박무}1705-{박무}{강도0}1800-1845. {박무}1910-1950.,
143,대구,2021-07-08,24.9,22.5,0609,29.6,1255,3.7,437,9.0,355,5.4,14.9,7.6,290,0336,4.5,110,1835,2.0,1720,140,20.9,57,1256,80.1,24.8,999.6,1006.7,0001,1003.3,0323,1005.7,14.5,1.8,1100,3.2,14.7,,,,,,9.3,7.5,26.7,22.5,,,,,,,,,,2.8,4.0,,{비}0040-0155. {비}0330-{비}{강도1}0600-0625. {박무}0410-0510. {박무}0530-{박무}{강도0}0600-0610. {비}0645-0712. {비}1345-1355. {비}1540-1555. {비}1635-1657.,
143,대구,2021-07-09,24.7,22.1,0427,29.1,1700,5.8,1901,7.2,1820,3.75,15.7,6.5,340,2022,4.0,140,1612,2.0,1739,140,21.6,62,1822,84.0,25.7,999.5,1007.4,2342,1004.2,1720,1005.6,14.5,4.7,1400,2.47,17.29,,,,,,8.5,7.4,27.4,22.1,,,,,,,,,,3.4,4.9,,{비}0120-0215. {박무}0120-{박무}{강도0}0300-{박무}{강도0}0600-0855. {비}0310-0320. {비}0410-0440. {비}0750-0755. {비}0945-1035. {박무}0955-1025. {소나기}1820-1935.,
143,대구,2021-07-10,25.6,21.6,2346,32.6,1408,2.3,1854,2.5,1845,1.9,2.6,7.6,290,1752,4.6,340,1756,1.4,1202,140,20.7,43,1348,76.8,24.5,1002.1,,1856,1005.6,1657,1008.2,14.5,6.7,0900,2.4,19.53,,,,,,7.3,6.5,28.4,22.6,,,,,,,,,,3.9,5.6,,{박무}0415-0455. {박무}0530-{박무}{강도0}0600-0640. ]{우박}[(d 1.0)(NW 54)/의성군 비안면/ 다인면 일대/경북일보1600-1620. ]{우박}[(d 1.0)(NW 69)/상주시 중동면 일대/신아일보1730-1745. {소나기}1756-{소나기}{강도0}1800-1805. {소나기}1845-1955. {비}2230-2305.,
143,대구,2021-07-11,25.7,21.1,0438,33.8,1557,1.7,2035,3.5,2020,2.8,3.5,10.2,270,2022,5.9,320,2025,1.6,1379,320,20.3,41,1252,74.5,23.8,1004.4,1012.7,2036,1008.6,1551,1010.6,14.4,8.4,1100,3.21,22.83,,,,,,5.9,4.3,28.2,20.3,,,,,,,,,,4.8,6.8,,{박무}0525-{박무}{강도0}0600-0635. {소나기}1636-1744. {소나기}2020-{소나기}{강도0}2100-2150. {소나기}2205-2215.,
143,대구,2021-07-12,27.3,22.2,0131,34.1,1352,4.9,1910,5.4,1855,0.68,5.4,8.3,270,1855,5.0,270,1857,1.2,1062,270,20.8,42,1421,70.6,24.6,1004.3,1012.0,0541,1008.2,1737,1010.5,14.4,7.5,1200,3.19,21.72,,,,,,6.1,3.4,29.3,21.9,,,,,,,,,,4.3,6.1,,{비}0230-0240. {소나기}1855-1926.,
143,대구,2021-07-13,28.7,22.8,0347,34.3,1603,,,,,,,4.4,230,1942,2.7,180,2050,1.1,962,50,20.8,42,1503,64.8,24.7,1004.7,1012.2,2332,1009.2,1615,1010.8,14.4,8.2,1000,2.72,21.41,,,,,,5.6,2.6,30.7,21.7,,,,,,,,,,4.5,6.5,,,
143,대구,2021-07-14,29.9,24.7,0501,35.3,1602,,,,,,,4.2,290,0935,3.3,290,0939,1.1,971,340,20.8,33,1606,60.5,24.6,1006.5,1013.9,0717,1011.0,1610,1012.6,14.4,8.6,1300,3.16,22.62,,,,,,5.4,4.5,31.8,23.0,,,,,,,,,,4.9,7.0,,,
143,대구,2021-07-15,27.5,23.6,1631,33.9,1153,1.6,1556,3.2,1536,1.92,3.6,8.8,270,1337,6.0,290,1350,1.8,1531,110,21.4,43,1128,70.9,25.5,1008.7,1016.2,2241,1013.8,0001,1014.9,14.4,6.8,1100,3.43,17.82,,,,,,6.0,5.0,30.1,22.8,,,,,,,,,,3.6,5.2,,{소나기}1320-1410. {소나기}1535-1640.,
143,대구,2021-07-16,27.1,23.3,0311,31.9,1314,,,,,,,9.4,90,1651,6.5,110,1655,2.6,2283,110,20.2,44,1613,67.9,23.7,1008.8,1016.9,0658,1012.8,1553,1014.9,14.4,9.9,1300,3.27,21.84,,,,,,5.8,3.3,28.8,22.7,,,,,,,,,,5.0,7.1,,{박무}0420-{박무}{강도0}0600-0855.,
143,대구,2021-07-17,26.7,23.4,0432,30.4,1517,0.0,,0.0,,0.08,0.0,7.5,110,1429,5.4,110,1249,2.8,2412,140,19.5,49,1519,65.5,22.6,1006.7,1014.5,0001,1011.1,1656,1012.8,14.3,6.8,1400,3.01,21.38,,,,,,7.1,5.9,31.1,21.9,,,,,,,,,,5.0,7.1,,{소나기}0205-0210.,
143,대구,2021-07-18,26.7,22.9,0524,31.9,1232,0.2,,0.3,1714,1.5,0.3,6.8,90,1632,4.9,110,1605,2.1,1825,140,20.1,48,1402,68.0,23.5,1006.1,1013.5,2353,1010.3,1553,1012.2,14.3,6.1,1300,2.63,18.29,,,,,,6.6,4.1,30.9,21.0,,,,,,,,,,3.8,5.5,,{소나기}1645-{소나기}{강도0}1800-1815.,
143,대구,2021-07-19,27.2,23.8,0604,31.6,1613,0.2,,0.4,608,2.75,0.5,4.7,90,1736,3.3,110,1620,1.3,1105,140,20.7,47,1614,69.0,24.4,1007.5,1014.9,2307,1012.5,1710,1013.7,14.3,2.8,1300,2.6,17.0,,,,,,7.9,2.5,31.0,23.3,,,,,,,,,,3.7,5.3,,{비}0415-0545. {비}0605-0720.,
143,대구,2021-07-20,28.8,24.8,0543,33.9,1523,0.0,,0.0,,0.33,0.0,7.2,90,1644,4.9,110,1651,2.0,1755,140,20.0,36,1454,61.5,23.5,1008.4,1016.2,0806,1012.7,1732,1014.5,14.3,9.6,1000,2.99,22.77,,,,,,8.1,2.8,35.0,23.9,,,,,,,,,,5.2,7.4,,{비}0520-0540.,
143,대구,2021-07-21,27.5,23.4,0558,32.5,1313,,,,,,,8.2,140,1314,5.8,140,1822,2.9,2537,110,19.8,44,1357,64.0,23.0,1007.2,1014.7,0022,1011.7,1614,1013.4,14.2,8.5,1300,3.35,24.15,,,,,,7.3,0.5,33.2,20.9,,,,,,,,,,6.1,8.8,,,
143,대구,2021-07-22,28.0,24.3,0525,32.3,1328,,,,,,,8.7,110,1509,5.7,90,1516,3.2,2727,110,19.9,45,1414,62.4,23.3,1005.7,1013.7,0006,1010.3,1539,1011.8,14.2,8.9,1300,2.84,22.85,,,,,,7.6,2.5,33.6,21.6,,,,,,,,,,5.3,7.6,,,
143,대구,2021-07-23,27.8,23.7,0540,32.8,1453,,,,,,,6.8,90,1423,5.0,90,1501,2.6,2226,110,20.5,45,1453,65.9,24.1,1003.9,1011.8,0001,1008.4,1717,1010.0,14.2,8.0,1100,2.73,21.24,,,,,,7.1,1.6,32.9,21.7,,,,,,,,,,5.2,7.4,,,
143,대구,2021-07-24,28.1,24.3,0540,33.2,1541,,,,,,,7.3,110,1922,5.5,110,1938,3.0,2613,140,20.5,44,1538,64.5,24.1,1003.0,1010.6,0759,1007.2,1624,1009.1,14.2,7.0,1200,2.83,20.82,,,,,,8.1,1.3,34.1,22.1,,,,,,,,,,4.9,7.0,,{박무}0155-0205. {햇무리}0950-1320. {달무리}2230-,
143,대구,2021-07-25,28.0,23.7,0544,32.9,1431,,,,,,,7.9,110,1626,6.0,110,1729,2.4,2102,90,21.2,45,1310,68.4,25.2,1001.5,1009.2,0304,1005.7,1620,1007.6,14.1,7.3,1200,2.67,19.24,,,,,,7.1,3.5,33.9,20.9,,,,,,,,,,4.7,6.7,,0420.,
143,대구,2021-07-26,28.5,23.4,0536,33.9,1445,,,,,,,7.1,110,1315,4.9,90,1924,2.6,2254,140,18.6,33,1500,58.9,21.6,999.2,1007.8,0001,1003.6,1552,1005.3,14.1,12.5,1200,3.57,27.56,,,,,,2.3,1.9,30.4,20.5,,,,,,,,,,6.6,9.4,,{박무}0455-0540.,
143,대구,2021-07-27,28.1,23.3,0427,34.4,1313,,,,,,,8.9,110,1913,6.4,90,1728,2.6,2268,140,19.4,32,1516,62.0,22.7,997.6,1005.0,0001,1001.5,1546,1003.7,14.1,10.6,1400,2.84,22.79,,,,,,3.0,3.0,32.1,21.6,,,,,,,,,,5.6,7.9,,,
143,대구,2021-07-28,28.2,23.1,0422,34.2,1252,,,,,,,7.7,90,1821,5.4,110,1920,2.3,2027,90,19.8,37,1554,62.8,23.2,997.3,1005.1,0753,1001.2,1645,1003.4,14.1,11.3,1200,3.64,24.74,,,,,,1.8,1.8,32.8,20.6,,,,,,,,,,6.1,8.7,,,
143,대구,2021-07-29,29.5,23.4,0519,35.2,1254,0.0,,0.0,,1.13,0.0,4.6,90,1401,2.9,110,1404,1.5,1273,140,19.6,33,1535,58.4,22.9,996.1,1004.1,0707,999.9,1714,1002.1,14.0,8.7,1200,3.56,22.31,,,,,,5.3,3.5,34.9,21.9,,,,,,,,,,4.9,7.0,,{소나기}1840-1948.,
143,대구,2021-07-30,30.6,25.3,0509,35.9,1446,,,,,,,5.5,200,1741,3.3,230,1733,1.3,1146,110,19.2,30,1725,53.5,22.4,994.9,1002.6,0711,999.0,1704,1000.9,14.0,9.9,1100,3.11,21.52,,,,,,6.0,1.6,36.3,22.9,,,,,,,,,,4.9,7.1,,,
143,대구,2021-07-31,29.9,25.3,0513,37.2,1608,2.6,1958,5.4,1950,1.33,5.4,6.2,140,1753,4.2,110,1754,1.5,1301,160,21.3,35,1546,62.9,25.5,994.5,1002.4,0802,998.2,1636,1000.6,14.0,7.5,1100,3.18,21.71,,,,,,6.6,5.4,35.6,22.7,,,,,,,,,,4.9,7.0,,{소나기}1950-{소나기}{강도1}2100-2110. {박무}2005-2030.,
143,대구,2021-08-01,28.1,25.0,2127,35.1,1227,7.4,2036,14.1,2034,5.12,26.2,6.6,140,1345,5.3,110,1353,1.4,1209,110,23.6,45,1234,78.6,29.2,995.0,1002.6,2100,999.0,1246,1001.0,14.0,5.3,1100,2.9,17.44,,,,,,7.8,5.0,31.5,25.0,,,,,,,,,,3.4,4.8,,{소나기}0003-0030. {박무}0520-0540. {비}1302-1332. {비}1520-1615. {비}1830-{비}{강도1}2100-2145. {박무}1940-{박무}{강도0}2100-2130.,
143,대구,2021-08-02,27.7,25.0,0536,32.9,1339,0.0,,0.0,,0.25,0.0,7.3,270,1343,5.5,270,1350,1.3,1159,340,23.8,53,1338,80.4,29.4,997.5,1006.4,2352,1001.9,0256,1003.6,13.9,3.8,1300,2.41,16.33,,,,,,7.3,5.9,30.5,25.0,,,,,,,,,,3.5,5.0,,{비}1855-1910.,
143,대구,2021-08-03,29.0,24.7,0542,33.5,1603,0.0,,0.0,,0.5,0.0,4.9,110,0700,3.3,110,0707,1.3,1139,200,22.2,45,1352,69.3,26.9,1002.0,1010.0,2256,1005.9,0114,1008.1,13.9,6.2,1200,3.22,18.36,,,,,,6.0,2.0,30.6,24.2,,,,,,,,,,3.8,5.4,,{소나기}1034-1104.,
143,대구,2021-08-04,30.1,25.0,0458,35.5,1316,,,,,,,4.4,140,1341,2.7,140,1343,1.1,939,20,22.2,39,1306,65.1,26.8,1002.8,1010.9,0846,1006.6,1736,1008.9,13.9,8.7,1100,3.14,21.16,,,,,,2.6,1.5,32.7,23.3,,,,,,,,,,4.5,6.5,,,
143,대구,2021-08-05,30.8,25.1,0553,36.9,1513,,,,,,,5.1,140,1804,3.6,110,1807,1.4,1188,140,22.3,35,1436,62.9,27.0,999.8,1008.5,0012,1003.1,1714,1005.8,13.9,9.8,1100,3.31,24.13,,,,,,3.0,2.5,35.3,23.2,,,,,,,,,,5.4,7.7,,{연무}0720-0740.,
143,대구,2021-08-06,30.2,25.0,0538,36.8,1640,,,,,,,7.0,250,1855,4.6,270,1903,1.8,1577,110,21.3,35,1432,61.8,25.4,997.1,1005.1,0006,1000.1,1609,1003.1,13.8,10.1,1200,3.38,23.28,,,,,,3.1,1.5,35.2,23.3,,,,,,,,,,5.4,7.7,,,
143,대구,2021-08-07,29.1,23.1,2243,37.0,1438,4.7,2235,10.2,2222,4.33,13.2,8.1,270,2204,5.8,270,2206,1.6,1363,90,22.1,37,1257,68.1,26.7,996.6,1005.5,2259,1000.6,1516,1002.6,13.8,8.0,1200,3.44,20.41,,,,,,6.1,3.9,34.6,23.1,,,,,,,,,,4.2,6.0,,{소나기}1550-1720. {소나기}2105-2355. {박무}2230-2250.,
143,대구,2021-08-08,25.4,23.2,2258,29.0,1259,0.2,,0.5,2036,5.75,1.2,8.0,110,1442,6.1,110,1446,1.8,1593,140,22.1,61,1326,82.8,26.6,996.7,1004.4,0600,1000.7,2400,1002.8,13.8,0.5,1000,1.15,7.69,,,,,,9.6,4.8,27.5,23.2,,,,,,,,,,2.2,3.1,,{박무}0455-0510. {비}1450-{비}{강도0}1500-1545. {비}1550-1635. {비}1830-1910. {비}2035-{비}{강도0}2100-{비}{강도0}2400-,
143,대구,2021-08-09,27.4,23.1,0008,33.0,1645,0.1,,0.2,,2.17,0.3,6.2,320,1109,4.4,110,1859,2.5,2159,290,18.0,36,1643,58.5,20.7,996.5,1006.6,2309,1000.2,0352,1002.6,13.7,7.0,1400,2.51,19.4,,,,,,7.0,6.6,29.6,22.6,,,,,,,,,,4.6,6.5,,-{비}-0150. {비}0510-0530.,
143,대구,2021-08-10,23.5,21.0,0836,27.8,1305,2.0,601,5.1,525,8.5,13.6,6.5,140,1205,4.6,140,1117,2.4,2113,140,19.7,61,1306,80.6,23.0,1003.2,1011.2,2027,1006.5,0026,1009.4,13.7,1.8,1100,2.73,10.03,,,,,,8.0,8.0,25.0,21.0,,,,,,,,,,2.1,3.0,,{소나기}0525-{소나기}{강도0}0600-0630. {박무}0545-{박무}{강도0}0600-0615. {소나기}0643-0740. {소나기}0750-0855. {소나기}1445-{소나기}{강도0}1500-{소나기}{강도0}1800-1835. {소나기}1950-{소나기}{강도0}2100-2123. {박무}2350-{박무}{강도0}2400-,
143,대구,2021-08-11,25.6,21.9,0054,32.5,1432,4.8,1845,7.4,1821,1.87,8.9,6.4,140,1948,4.8,140,1955,1.4,1184,160,20.4,36,1433,76.1,24.1,1004.6,1012.3,0818,1008.2,1721,1010.8,13.7,6.0,1200,3.01,19.94,,,,,,6.3,4.9,29.2,21.4,,,,,,,,,,4.1,5.9,,-{박무}-{박무}{강도0}0300-{박무}{강도0}0600-{박무}{강도0}0900-1010. {소나기}1733-{소나기}{강도0}1800-1925. {박무}1755-{박무}{강도0}1800-1805. {박무}1845-1920. {박무}2335-{박무}{강도0}2400-,
143,대구,2021-08-12,26.1,21.6,0416,30.9,1449,0.0,,0.0,,0.13,0.0,6.7,140,1708,5.0,110,1708,2.4,2042,140,20.0,46,1506,71.3,23.4,1003.8,1012.1,0933,1008.0,1935,1010.0,13.6,6.1,1100,2.9,19.85,,,,,,6.8,4.5,28.8,21.0,,,,,,,,,,4.3,6.1,,-{박무}-{박무}{강도0}0300-{박무}{강도0}0600-0820. {소나기}1825-1833.,
143,대구,2021-08-13,25.7,23.4,0533,30.2,1428,0.0,,0.0,,0.33,0.0,8.3,110,1642,5.7,110,1614,2.3,2019,140,19.4,43,1431,69.4,22.6,1000.3,1008.6,0001,1004.7,1503,1006.4,13.6,2.5,1300,2.4,16.0,,,,,,7.9,4.4,27.7,21.9,,,,,,,,,,3.5,4.9,,{비}2340-{비}{강도0}2400-,
143,대구,2021-08-14,23.3,21.7,2353,26.6,1611,0.7,810,2.9,743,10.77,13.6,6.2,110,1501,4.1,70,1700,1.4,1221,110,19.4,52,1654,79.6,22.5,1001.6,1011.1,2339,1005.8,0059,1007.9,13.6,0.8,1400,1.86,10.28,,,,,,8.8,5.1,26.2,20.4,,,,,,,,,,2.4,3.4,,-{비}-0054. {비}0128-{비}{강도0}0300-{비}{강도0}0600-{비}{강도0}0900-1120. {박무}0205-{박무}{강도0}0300-{박무}{강도0}0600-0740. {박무}0810-{박무}{강도0}0900-0930.,
143,대구,2021-08-15,23.5,20.9,0548,28.2,1307,0.5,1337,0.8,1335,0.85,0.8,6.8,140,1823,4.8,110,1826,1.7,1488,110,18.4,54,1120,74.0,21.2,1008.3,1016.8,2350,1010.9,0050,1014.5,13.5,3.2,1000,2.12,13.63,,,,,,8.1,6.8,26.4,20.0,,,,,,,,,,2.6,3.7,,{소나기}1235-1243. {소나기}1335-1418.,
143,대구,2021-08-16,23.5,20.8,0502,27.5,1456,0.0,,0.0,,0.13,0.0,7.9,110,1514,5.4,110,1519,2.2,1918,110,17.0,43,1643,68.4,19.5,1008.9,1016.9,0010,1013.2,1538,1015.1,13.5,3.7,1200,2.49,15.65,,,,,,8.1,5.9,25.7,19.2,,,,,,,,,,3.6,5.1,,{비}1150-1158.,
143,대구,2021-08-17,23.6,21.7,0332,26.9,1215,0.2,,0.2,,1.08,0.2,4.8,160,1346,3.6,140,1757,1.5,1317,140,17.7,54,1224,70.3,20.2,1003.3,1013.6,0001,1007.8,1457,1009.5,13.5,0.1,1100,1.36,7.77,,,,,,8.9,8.4,24.7,20.6,,,,,,,,,,1.9,2.6,,{비}0710-0720. {비}1140-1155. {비}1555-1630. {비}1705-1710.,
143,대구,2021-08-18,23.1,21.2,0457,26.1,1508,0.4,850,1.2,835,1.58,1.3,8.2,110,1534,5.1,110,1535,1.8,1554,110,18.5,56,1536,76.3,21.3,1003.9,1011.1,0929,1009.0,0206,1010.1,13.4,1.0,1200,1.62,10.22,,,,,,8.4,5.9,24.9,19.7,,,,,,,,,,2.3,3.3,,{비}0830-{비}{강도0}0900-0940. {비}1115-1135. {비}1330-1335.,
143,대구,2021-08-19,24.3,21.6,0042,28.3,1636,0.7,2104,0.8,2014,1.65,1.0,6.0,140,1816,4.3,110,1824,1.3,1148,110,17.7,51,1448,67.6,20.3,1005.5,1014.2,2336,1009.9,0404,1011.7,13.4,1.1,1400,1.62,11.75,,,,,,7.6,5.8,27.0,19.8,,,,,,,,,,2.7,3.8,,{소나기}1403-1412. {소나기}2005-{소나기}{강도0}2100-2135.,
143,대구,2021-08-20,25.0,19.7,0515,31.9,1433,,,,,,,5.2,160,1618,3.5,160,1622,1.8,1584,140,17.8,36,1421,67.6,20.5,1006.8,1014.7,0754,1011.1,1623,1013.0,13.4,9.1,1400,2.64,20.98,,,,,,4.5,3.5,27.9,18.3,,,,,,,,,,4.0,5.8,,{박무}0740-0820.,
143,대구,2021-08-21,23.1,21.9,1628,25.8,1340,2.2,911,8.2,826,9.58,30.9,5.6,110,1147,4.0,140,0333,2.3,1960,140,20.9,74,0001,88.3,24.8,1000.3,1012.4,0007,1002.3,1629,1006.5,13.3,0.0,1300,0.71,3.6,,,,,,8.6,5.9,24.1,20.9,,,,,,,,,,1.1,1.5,,{비}0520-0530. {비}0655-{비}{강도1}0900-{비}{강도1}1200-1215. {박무}0705-0740. {박무}0805-{박무}{강도1}0900-{박무}{강도0}1200-1210. {비}1240-1320. {비}1355-{비}{강도0}1500-1630. {비}1905-1955.,
143,대구,2021-08-22,26.1,22.1,0518,31.5,1616,,,,,,,6.5,290,1543,4.2,270,1629,1.4,1191,290,19.6,39,1616,70.6,23.0,1002.5,1010.6,2312,1006.4,0453,1008.7,13.3,4.6,1000,2.35,15.97,,,,,,7.6,3.9,27.6,19.7,,,,,,,,,,3.2,4.6,,{박무}0710-0740.,
143,대구,2021-08-23,23.1,21.2,2243,24.9,1420,1.4,2305,5.4,2241,17.23,26.3,8.6,140,2342,5.6,110,2348,1.6,1403,140,20.9,73,0055,87.8,24.7,1003.2,1012.5,0953,1002.9,2400,1009.4,13.3,0.0,1100,0.76,4.98,,,,,,9.9,5.0,24.8,21.0,,,,,,,,,,1.1,1.6,,{비}0458-{비}{강도0}0600-0730. {비}0758-0825. {비}0840-{비}{강도0}0900-{비}{강도0}1200-1410. {박무}0940-1005. {박무}1025-{박무}{강도0}1200-1410. {비}1425-{비}{강도0}1500-{비}{강도0}1800-1920. {박무}1435-{박무}{강도0}1500-1550. {비}2010-{비}{강도0}2100-{비}{강도1}2400- {박무}2050-{박무}{강도0}2100-2210. {박무}2230-2350.,
143,대구,2021-08-24,24.4,21.5,0001,29.2,1742,10.5,1113,29.8,1025,12.02,69.0,8.9,110,0038,4.8,110,0039,1.6,1377,270,22.0,64,2009,87.0,26.4,995.3,1004.5,2347,998.6,1311,1001.4,13.2,0.4,1600,0.8,4.29,,,,,,9.1,5.3,24.3,21.3,,,,,,,,,,1.1,1.5,,{박무}0030-0130. -{비}-0140. {박무}0250-{박무}{강도0}0300-0350. {비}0255-{비}{강도0}0300-0415. {비}0540-{비}{강도0}0600-{비}{강도0}0900-{비}{강도2}1200-1235. {박무}0740-{박무}{강도0}0900-1140. {비}1325-{비}{강도1}1500-1531. {박무}1418-{박무}{강도0}1500-1505.,
143,대구,2021-08-25,25.3,22.9,0538,27.7,1628,2.5,2349,4.7,2300,5.0,7.7,4.8,110,1351,3.3,110,1320,1.1,977,110,22.7,72,1634,85.6,27.5,1001.0,1009.2,2356,1004.5,0001,1007.1,13.2,0.2,1600,0.98,7.83,,,,,,8.6,6.3,26.0,22.0,,,,,,,,,,1.8,2.5,,{박무}0420-{박무}{강도0}0600-0705. {비}0845-{비}{강도0}0900-0930. {비}1025-1105. {비}1120-{비}{강도0}1200-1305. {비}2210-{비}{강도1}2400- {박무}2245-{박무}{강도1}2400-,
143,대구,2021-08-26,27.4,22.9,0612,34.4,1520,1.9,8,3.7,1,1.77,6.0,5.9,290,1629,3.8,290,1622,1.2,1051,270,18.9,25,1501,64.6,22.2,1006.3,1014.2,2140,1008.6,0118,1012.4,13.2,9.9,1200,3.16,22.88,,,,,,5.3,2.3,29.7,21.3,,,,,,,,,,4.6,6.5,,-{비}-0055. {비}0232-{비}{강도0}0300-0323. -{박무}-{박무}{강도0}0300-0355.,
143,대구,2021-08-27,23.7,21.5,2007,28.7,1533,3.2,1044,5.1,1934,5.48,13.7,9.0,290,1727,7.0,290,1736,1.2,1061,270,20.7,60,1536,84.3,24.4,1006.5,1013.9,0525,1009.5,1718,1012.7,13.1,1.9,1300,1.6,8.75,,,,,,8.0,5.4,26.5,20.2,,,,,,,,,,1.9,2.7,,{소나기}1006-1116. {박무}1045-1155. {비}1646-{비}{강도0}1800-2055. {비}2110-2120.,
143,대구,2021-08-28,25.6,20.9,0345,31.9,1457,,,,,,,5.0,290,1508,3.2,290,1509,1.4,1193,320,16.8,29,1502,61.8,19.3,1007.6,1015.1,0710,1012.4,1550,1013.8,13.1,9.8,1300,3.04,22.35,,,,,,4.6,2.6,28.0,20.1,,,,,,,,,,4.5,6.4,,,
143,대구,2021-08-29,23.6,21.3,1154,26.6,1605,3.3,1103,6.6,1100,2.5,7.0,4.3,290,0956,3.3,290,1013,1.3,1096,290,19.4,64,1606,78.0,22.5,1007.4,1015.4,1125,1012.5,1534,1013.6,13.1,1.4,1500,1.99,8.2,,,,,,8.4,6.5,26.1,21.3,,,,,,,,,,1.7,2.4,,{비}1050-{비}{강도1}1200-1320. {박무}1105-{박무}{강도0}1200-1205. {박무}1505-1525.,
143,대구,2021-08-30,25.2,22.0,0524,30.6,1520,0.2,,0.2,,0.95,0.2,4.2,290,1243,2.7,340,1404,1.2,998,340,18.2,30,1629,68.4,21.1,1009.3,1016.6,1006,1013.9,1600,1015.5,13.0,4.7,1200,2.61,16.11,,,,,,8.4,5.3,27.0,21.2,,,,,,,,,,3.2,4.6,,{비}0815-{비}{강도0}0900-0910. {비}2144-2146.,
143,대구,2021-08-31,24.4,21.5,2334,29.1,1533,4.0,2120,13.6,2047,4.0,15.2,7.0,140,2239,5.0,140,2247,1.9,1664,140,19.0,44,1223,74.0,22.0,1008.5,1017.1,0853,1012.6,2239,1014.7,13.0,3.0,1100,2.87,14.04,,,,,,8.9,5.3,26.5,21.1,,,,,,,,,,3.0,4.3,,{비}0840-{비}{강도0}0900-0920. {비}1925-{비}{강도1}2100-2220. {박무}1950-{박무}{강도0}2100-2240. {비}2305-2330.,
143,대구,2021-09-01,21.9,20.0,0748,28.2,1256,11.8,1607,17.6,1528,13.18,40.7,6.8,110,1823,4.9,140,1832,2.4,2059,140,20.2,73,1302,90.8,23.8,1003.4,1013.2,0009,1006.9,1605,1009.7,12.9,0.2,1200,1.79,5.8,,,,,,9.9,6.5,24.1,20.0,,,,,,,,,,1.4,2.0,,{박무}0320-{박무}{강도0}0600-{박무}{강도0}0900-1150. {비}0325-{비}{강도0}0600-{비}{강도0}0900-1127. {비}1516-{비}{강도1}1800-1805. {비}2025-{비}{강도0}2100-2245.,
143,대구,2021-09-02,21.8,20.1,2050,24.7,1302,0.6,1735,0.7,1720,1.62,1.2,7.2,140,1434,5.1,90,1558,2.5,2133,140,17.3,52,1328,77.1,19.8,1004.4,1012.1,1027,1009.3,1552,1010.7,12.9,0.9,1000,1.99,10.13,,,,,,9.4,6.6,23.7,19.9,,,,,,,,,,2.3,3.3,,{비}1720-1752. {비}1820-1925.,
143,대구,2021-09-03,20.5,19.3,0745,22.7,1336,0.7,737,1.3,728,5.88,3.8,6.3,140,1359,4.5,140,1405,1.4,1247,140,18.1,77,1116,86.5,20.7,1004.2,1013.0,2315,1009.0,0303,1010.5,12.9,0.7,1300,2.32,10.18,,,,,,9.1,6.4,23.4,19.3,,,,,,,,,,1.9,2.7,,{비}0405-0505. {박무}0420-{박무}{강도0}0600-0648. {비}0520-{비}{강도0}0600-{안개비}0620-0645. {박무}0715-0825. {비}0725-0828. {비}0845-{비}{강도0}0900-0940. {비}1135-{비}{강도0}1200-1305.,
143,대구,2021-09-04,22.4,18.8,0611,26.8,1521,,,,,,,7.5,110,1731,5.9,110,1733,2.0,1726,140,15.3,40,1502,66.4,17.5,1009.2,1018.2,2137,1012.7,0148,1015.5,12.8,7.7,1200,3.05,19.33,,,,,,7.4,3.3,25.4,17.4,,,,,,,,,,4.1,5.8,,{햇무리}1510-1650.,
143,대구,2021-09-05,21.8,19.3,0602,25.1,1300,0.2,,0.4,2240,2.33,0.4,6.5,110,1735,4.8,110,1736,1.7,1485,110,15.5,49,1312,68.5,17.6,1012.3,1020.1,2332,1017.3,0352,1018.6,12.8,1.0,1400,1.45,10.65,,,,,,8.8,3.5,23.8,18.6,,,,,,,,,,2.3,3.3,,{비}1810-1815. {비}1925-2020. {비}2140-2150. {비}2240-2340. {비}2350-{비}{강도0}2400-,
143,대구,2021-09-06,21.8,19.4,0211,25.6,1221,1.0,2238,2.3,2151,8.65,4.8,9.9,90,1238,7.0,90,1341,2.3,1960,110,17.5,48,1342,78.3,20.1,1011.6,1020.6,0039,1015.9,2348,1017.8,12.8,1.6,1200,2.65,12.22,,,,,,9.8,7.0,24.0,19.4,,,,,,,,,,2.7,3.8,,-{비}-0025. {비}0103-0245. {비}0930-0955. {비}1020-1055. {비}1755-{비}{강도0}1800-{비}{강도0}2100-2327. {박무}2210-{박무}{강도0}2400-,
143,대구,2021-09-07,22.2,19.9,0001,25.5,1324,0.0,,0.0,,4.32,0.0,6.1,290,1415,4.2,290,1419,1.2,1020,140,19.7,65,1312,86.0,23.0,1003.7,1016.0,0001,1006.7,1917,1009.9,12.7,0.2,1100,1.5,7.02,,,,,,8.9,5.9,23.8,19.9,,,,,,,,,,1.5,2.1,,-{박무}-0050. {비}0230-0234. {박무}0550-{박무}{강도0}0600-0605. {비}0920-1020. {박무}0930-0940. {비}1555-{비}{강도0}1800-1910. {박무}1915-{박무}{강도0}2100-{박무}{강도0}2400-,
143,대구,2021-09-08,23.7,20.1,2353,28.8,1503,,,,,,,5.5,320,1701,3.9,320,1701,1.7,1485,340,17.1,39,1523,68.8,19.6,1003.8,1013.3,2335,1007.2,0301,1010.0,12.7,6.7,1200,3.1,17.91,,,,,,4.5,2.1,25.3,17.1,,,,,,,,,,3.7,5.3,,-{박무}-0110.,
143,대구,2021-09-09,23.7,18.7,0537,29.6,1422,,,,,,,2.9,140,1345,2.0,320,1121,0.9,761,70,16.4,28,1504,67.1,18.8,1007.8,1015.3,1000,1012.3,1551,1014.0,12.7,6.1,1200,2.92,18.87,,,,,,7.6,4.0,25.6,16.0,,,,,,,,,,3.4,4.8,,,
143,대구,2021-09-10,22.6,20.2,2349,26.3,1257,,,,,,,4.3,340,1442,3.2,340,1449,0.9,814,340,17.8,58,1305,75.5,20.4,1007.7,1014.9,0939,1012.8,1628,1013.9,12.6,0.2,1000,1.22,7.75,,,,,,7.0,2.9,23.5,17.6,,,,,,,,,,1.8,2.5,,{박무}0430-0555. {박무}0610-0640. {박무}0905-1045. {연무}1040-{연무}{강도0}1200-1410.,
143,대구,2021-09-11,23.8,18.5,0543,30.9,1542,,,,,,,3.4,360,0951,2.5,340,0911,1.0,846,110,15.5,26,1544,65.4,17.9,1006.6,1014.8,0619,1010.2,1643,1012.8,12.6,9.5,1200,3.07,21.84,,,,,,1.5,1.5,27.1,15.7,,,,,,,,,,4.4,6.3,,{박무}0430-0455. {박무}0705-{박무}{강도0}0900-1010. {연무}1005-1105.,
143,대구,2021-09-12,24.3,18.2,0610,30.8,1459,,,,,,,7.2,110,1753,5.0,110,1713,2.0,1734,110,16.6,36,1620,65.3,18.9,1007.2,1016.8,2316,1011.4,1508,1013.4,12.5,8.8,1200,2.9,19.56,,,,,,5.1,0.4,27.7,15.3,,,,,,,,,,4.4,6.3,,{박무}0605-0840.,
143,대구,2021-09-13,23.1,20.9,2343,25.8,1158,,,,,,,8.5,140,1724,5.7,90,1252,3.4,2924,110,16.2,45,1258,66.3,18.5,1011.6,1019.5,1108,1016.6,0103,1017.8,12.5,0.6,1100,1.91,13.21,,,,,,8.9,1.5,25.3,19.1,,,,,,,,,,3.5,5.0,,{햇무리}1430-1640.,
143,대구,2021-09-14,22.5,20.8,0109,24.5,1238,,,,,,,8.0,70,1302,5.4,90,1539,3.5,2996,110,16.3,57,1239,68.9,18.6,1009.7,1018.0,0001,1014.6,1626,1016.0,12.5,0.0,1200,1.22,7.2,,,,,,8.6,5.6,23.9,19.3,,,,,,,,,,2.7,3.8,,,
143,대구,2021-09-15,22.7,19.3,2358,26.7,1328,,,,,,,11.3,90,1220,7.6,110,1208,3.9,3371,140,14.7,44,1220,61.6,16.7,1010.3,1017.6,2042,1015.3,1500,1016.5,12.4,10.7,1200,3.19,22.49,,,,,,4.5,4.4,26.7,16.2,,,,,,,,,,5.4,7.7,,,
143,대구,2021-09-16,22.2,16.9,0444,25.8,1146,0.0,,0.0,,1.33,0.0,8.6,90,1123,5.6,90,1207,2.9,2536,110,16.6,54,1235,71.6,18.9,1007.0,1016.9,0001,1011.4,1454,1013.2,12.4,6.0,1100,2.42,14.69,,,,,,6.9,4.9,25.2,12.6,,,,,,,,,,3.2,4.5,,{비}2240-{비}{강도0}2400-,
143,대구,2021-09-17,20.5,18.1,0658,22.6,1437,1.1,434,1.5,705,7.12,4.1,7.3,90,1543,5.4,110,0147,2.5,2197,140,17.3,67,1519,82.5,19.7,1003.2,1011.6,0001,1006.5,1541,1009.5,12.4,0.0,1100,1.12,6.35,,,,,,9.3,7.5,21.8,18.1,,,,,,,,,,1.6,2.3,,-{비}-0045. {비}0215-0245. {비}0320-0520. {박무}0430-0440. {비}0610-{비}{강도0}0900-1002. {박무}0750-0805.,
143,대구,2021-09-18,21.5,16.9,0600,26.6,1134,,,,,,,6.4,110,1819,4.6,110,1828,1.6,1421,110,17.4,56,1129,79.1,19.9,1008.5,1017.6,2323,1011.3,0016,1014.8,12.3,7.8,1100,3.18,15.86,,,,,,4.4,4.1,23.4,13.5,,,,,,,,,,2.9,4.1,,,
143,대구,2021-09-19,21.7,17.2,0338,27.1,1414,,,,,,,6.9,70,1257,4.6,90,1818,2.1,1831,110,16.8,46,1515,76.3,19.1,1010.4,1018.3,0731,1014.9,1651,1016.7,12.3,10.5,1300,2.84,20.15,,,,,,2.5,2.5,26.2,13.9,,,,,,,,,,4.1,5.8,,,
143,대구,2021-09-20,21.7,16.6,0613,26.3,1444,,,,,,,7.6,90,1701,5.4,110,1641,2.6,2262,110,17.6,59,1440,79.1,20.1,1007.1,1016.9,0001,1010.9,2343,1013.3,12.2,5.2,0900,1.89,13.23,,,,,,4.8,4.8,24.6,13.2,,,,,,,,,,2.6,3.8,,{박무}0550-{박무}{강도0}0600-0605.,
143,대구,2021-09-21,22.9,20.0,0251,26.5,1710,3.8,920,6.0,913,3.62,9.0,6.8,320,0913,3.8,140,0002,1.5,1331,110,21.1,67,1711,90.6,25.0,1000.5,1011.0,0005,1004.9,1441,1006.7,12.2,1.8,1600,1.03,6.14,,,,,,5.8,4.6,22.9,16.9,,,,,,,,,,1.2,1.8,,{비}0913-1002. {비}1049-1124. {비}1249-{비}{강도0}1500-1502.,
143,대구,2021-09-22,24.1,18.2,0608,29.6,1545,,,,,,,9.6,270,1359,5.4,270,1400,2.2,1931,270,16.7,40,1545,67.4,19.2,1002.8,1012.7,2343,1007.1,1351,1009.0,12.2,10.2,1100,2.83,18.37,,,,,,1.5,1.5,23.6,15.1,,,,,,,,,,4.5,6.4,,,
143,대구,2021-09-23,21.6,17.6,2343,26.6,1356,,,,,,,9.4,320,1241,6.5,290,1216,2.2,1919,290,13.8,41,1243,63.6,15.9,1010.6,1020.5,2328,1012.7,0001,1016.9,12.1,9.7,1200,3.0,19.48,,,,,,2.5,1.3,23.5,13.4,,,,,,,,,,3.9,5.6,,,
143,대구,2021-09-24,19.7,15.1,0543,25.8,1218,,,,,,,8.9,110,1550,6.3,110,1553,1.9,1618,140,16.1,50,1221,82.1,18.3,1016.6,1024.3,2333,1020.5,0001,1023.0,12.1,6.1,1000,2.57,15.56,,,,,,4.3,2.8,22.7,11.6,,,,,,,,,,2.7,3.8,,,
143,대구,2021-09-25,20.6,17.5,0143,23.6,1522,0.3,942,0.6,345,5.17,1.2,7.3,110,1545,5.3,110,1547,1.7,1469,110,17.8,66,1619,84.8,20.4,1016.7,1024.8,0933,1021.7,1601,1023.1,12.0,0.2,1100,1.48,8.88,,,,,,8.9,7.0,21.9,14.4,,,,,,,,,,1.7,2.5,,{비}0315-0455. {비}0710-0730. {비}0820-0840. {비}0935-1055. {비}1140-{비}{강도0}1200-1310.,
143,대구,2021-09-26,20.5,17.9,0433,24.9,1157,,,,,,,7.4,90,1127,5.0,90,1510,2.0,1704,110,15.4,52,1303,74.1,17.6,1014.6,1023.2,0001,1019.1,1516,1020.9,12.0,2.6,1100,2.5,12.34,,,,,,7.6,4.6,22.8,15.6,,,,,,,,,,2.6,3.8,,,
143,대구,2021-09-27,20.4,17.8,0536,24.8,1525,,,,,,,7.9,90,1806,4.9,110,1812,1.8,1549,110,15.3,59,1528,73.1,17.4,1010.5,1019.6,0001,1015.1,1515,1016.8,12.0,2.1,1400,1.83,10.46,,,,,,8.3,5.5,23.9,17.0,,,,,,,,,,2.1,3.0,,,
143,대구,2021-09-28,21.8,19.0,0543,26.0,1330,,,,,,,6.4,110,1113,3.7,140,1040,2.0,1708,140,17.1,61,1329,75.8,19.6,1007.5,1015.8,0001,1011.9,1545,1013.7,11.9,2.5,1100,2.27,11.81,,,,,,9.1,5.4,23.9,18.5,,,,,,,,,,2.3,3.3,,,
143,대구,2021-09-29,22.4,19.8,0702,27.3,1430,1.6,1914,3.3,1706,8.43,11.3,4.0,110,0038,2.9,140,0045,1.2,1007,140,21.2,68,1528,93.9,25.2,1002.7,1012.1,0001,1006.4,1518,1009.0,11.9,1.1,1200,1.57,8.28,,,,,,9.8,6.1,24.3,19.8,,,,,,,,,,1.4,2.1,,{비}0005-0010. {비}0240-0250. {비}0310-0335. {박무}0405-{박무}{강도0}0600-{박무}{강도0}0900-1010. {비}0540-0545. {비}0555-{비}{강도0}0600-0605. {비}0630-0716. {비}1530-{비}{강도0}1800-1950. {박무}1650-{박무}{강도0}1800-1935. {비}2135-{비}{강도0}2400- {박무}2145-2225.,
143,대구,2021-09-30,21.9,18.1,2354,27.0,1509,1.2,52,3.8,52,4.17,7.6,6.7,110,1658,5.1,110,1705,2.0,1726,140,18.2,54,1513,82.0,21.0,1002.4,1009.9,2158,1007.1,1501,1008.6,11.9,7.7,1200,2.93,17.0,,,,,,4.4,3.4,23.7,14.8,,,,,,,,,,3.4,4.9,,{박무}0055-0225. -{비}-{비}{강도0}0300-0305. {비}0335-0440. {박무}0405-0525.,
143,대구,2021-10-01,21.6,15.4,0552,28.9,1606,,,,,,,4.3,320,1255,2.7,290,1243,1.1,925,140,16.9,46,1608,77.8,19.3,1002.8,1011.9,2354,1006.5,1457,1009.1,11.8,10.5,1100,2.65,18.9,,,,,,0.6,0.6,23.1,12.1,,,,,,,,,,3.4,4.9,,{박무}0605-0640.,
143,대구,2021-10-02,22.3,17.4,0537,29.1,1453,,,,,,,6.1,320,1228,4.1,320,1314,1.3,1140,320,15.9,36,1454,71.3,18.2,1007.8,1018.3,2357,1010.5,0258,1014.1,11.8,10.3,1200,2.7,18.69,,,,,,0.6,0.4,24.2,13.9,,,,,,,,,,3.7,5.3,,{박무}0320-0430. {박무}0650-0710. {박무}0835-{박무}{강도0}0900-0910. {연무}0905-1025.,
143,대구,2021-10-03,22.4,16.0,0521,30.9,1519,,,,,,,3.9,160,1526,2.7,110,0920,1.3,1120,110,16.0,24,1545,71.0,18.1,1014.1,1022.0,2239,1018.1,0034,1020.4,11.8,10.0,1200,2.68,18.39,,,,,,1.5,0.0,24.4,12.2,,,,,,,,,,3.5,4.9,,{박무}0210-{박무}{강도0}0300-{박무}{강도0}0600-{박무}{강도0}0900-0915.,
143,대구,2021-10-04,24.3,16.6,0429,31.5,1443,,,,,,,5.8,230,1205,3.6,270,1204,1.3,1103,230,17.5,46,1345,67.8,20.1,1014.9,1022.8,2300,1019.1,1450,1021.2,11.7,7.6,1300,2.36,16.37,,,,,,5.6,2.0,25.8,12.1,,,,,,,,,,3.3,4.7,,,
143,대구,2021-10-05,24.0,19.7,0359,30.1,1420,,,,,,,5.5,320,1231,3.7,140,2144,1.7,1463,340,18.4,45,1421,74.5,21.3,1014.7,1022.8,0849,1019.0,1452,1021.0,11.7,9.0,1200,2.73,18.36,,,,,,3.8,1.8,26.8,14.4,,,,,,,,,,3.8,5.5,,{박무}0645-0735.,
143,대구,2021-10-06,22.1,19.7,0633,26.5,1118,,,,,,,7.2,90,1417,4.7,90,1419,2.5,2180,140,18.3,59,1119,80.4,21.0,1013.7,1022.3,0636,1017.9,1700,1020.0,11.6,5.3,1100,2.66,13.27,,,,,,6.4,6.3,24.8,18.7,,,,,,,,,,2.5,3.6,,,
143,대구,2021-10-07,23.3,18.4,0610,28.6,1510,,,,,,,5.3,250,1406,3.7,290,1847,1.3,1087,110,17.7,44,1556,73.8,20.3,1010.7,1018.7,0001,1014.9,1536,1017.0,11.6,6.6,1000,2.29,14.2,,,,,,5.5,5.5,25.4,14.8,,,,,,,,,,2.8,4.1,,,
143,대구,2021-10-08,22.2,20.9,2029,25.3,1120,0.0,,0.0,,2.08,0.0,6.3,110,1527,4.5,140,1515,2.7,2322,110,18.4,66,1121,79.8,21.2,1014.5,1023.1,2353,1018.2,0038,1020.8,11.6,0.8,1100,1.65,9.28,,,,,,9.3,6.9,24.7,20.3,,,,,,,,,,2.0,2.8,,{비}0630-0640. {비}0720-0730. {비}1635-1710. {비}1735-{비}{강도0}1800-1815. {비}1850-1920.,
143,대구,2021-10-09,23.4,20.6,0356,28.9,1404,,,,,,,5.9,110,1244,3.9,110,1217,1.8,1596,140,19.8,57,1403,81.8,23.1,1016.0,1024.3,0853,1020.3,1507,1022.2,11.5,6.2,1200,2.6,14.93,,,,,,6.5,5.6,26.9,19.4,,,,,,,,,,2.9,4.1,,{박무}2340-{박무}{강도0}2400-,
143,대구,2021-10-10,25.1,20.0,0702,31.8,1322,0.2,,0.2,,0.08,0.2,6.7,270,1436,4.5,270,1441,1.4,1224,70,19.8,40,1417,75.1,23.1,1011.7,1021.4,0001,1014.9,1702,1017.9,11.5,8.3,1200,2.67,16.84,,,,,,4.9,4.1,28.6,17.6,,,,,,,,,,3.9,5.5,,-{박무}-0020. {박무}0105-0120. {박무}0210-{박무}{강도0}0300-0420. {박무}0510-{박무}{강도0}0600-{박무}{강도0}0900-0950. {비}2355-{비}{강도0}2400-,
143,대구,2021-10-11,17.8,15.4,1047,25.1,0001,2.0,1039,7.4,949,15.83,23.1,9.4,290,0332,6.4,290,0337,2.0,1714,290,15.7,74,0701,88.4,17.9,1013.9,1022.9,2247,1015.9,0104,1020.3,11.5,0.0,1200,0.38,2.65,,,,,,9.9,7.1,20.7,15.4,,,,,,,,,,0.6,0.8,,-{비}-0020. {비}0310-0350. {비}0905-{비}{강도0}1200-{비}{강도0}1500-{비}{강도0}1800-{비}{강도0}2100-2355. {박무}0915-1055. {박무}1650-1710. {박무}1805-1910. {박무}2040-{박무}{강도0}2100-2345.,
143,대구,2021-10-12,15.9,14.7,0846,17.3,1536,1.3,617,3.8,604,15.67,10.6,5.4,110,0108,3.7,110,0052,1.9,1621,140,14.4,83,1459,91.0,16.4,1019.2,1027.1,0942,1022.4,0042,1025.7,11.4,0.0,1300,0.59,3.59,,,,,,10.0,7.0,18.4,14.7,,,,,,,,,,0.7,1.1,,{비}0210-0250. {비}0305-{비}{강도0}0600-{비}{강도0}0900-{비}{강도0}1200-1215. {박무}0405-0430. {박무}0610-0705. {비}1605-{비}{강도0}1800-1820. {비}2025-{비}{강도0}2100-{비}{강도0}2400-,
143,대구,2021-10-13,18.2,14.7,0101,21.7,1508,0.2,,0.5,1,1.83,0.6,6.5,90,1304,4.2,110,1922,1.5,1259,140,14.6,64,1459,80.9,16.6,1018.5,1026.9,0044,1023.1,1610,1024.9,11.4,0.2,1100,1.39,8.49,,,,,,8.6,8.0,20.1,14.7,,,,,,,,,,1.6,2.3,,-{비}-0150.,
143,대구,2021-10-14,19.6,14.6,0653,26.0,1548,,,,,,,5.2,270,1451,3.5,270,1409,1.2,1073,110,15.9,55,1450,81.5,18.0,1013.1,1023.2,0001,1016.6,1650,1019.5,11.4,8.1,1200,2.52,15.81,,,,,,2.4,2.4,21.0,11.4,,,,,,,,,,2.7,3.9,,{박무}0505-{박무}{강도1}0600-{시정(미만)}{1km}{안개}0605-{시정(미만)}{0.5km}{안개}0625-{시정(이상)}{0.5km}{안개}0710-{시정(이상)}{1km}{박무}0740-{박무}{강도0}0900-0905.,1.58
143,대구,2021-10-15,19.2,16.2,0633,24.0,1147,1.2,1955,5.0,1953,7.92,10.5,4.4,140,1725,3.2,140,1854,1.3,1165,140,15.4,52,1148,81.3,17.6,1011.0,1018.8,0946,1015.5,1419,1017.4,11.3,3.7,1100,1.92,9.38,,,,,,7.1,5.0,20.3,13.4,,,,,,,,,,1.6,2.3,,{비}1605-{비}{강도0}1800-{비}{강도1}2100-{비}{강도0}2400- {박무}1955-{박무}{강도0}2100-{박무}{강도0}2400-,
143,대구,2021-10-16,14.3,8.1,2346,17.4,0006,0.9,110,2.8,20,9.67,12.8,9.3,290,2006,6.3,290,1703,3.3,2853,290,6.7,33,1707,64.4,11.1,1013.7,1025.2,2339,1016.8,0250,1020.1,11.3,0.1,1200,0.67,4.65,,,,,,9.1,4.5,15.7,6.0,,,,,,,,,,2.5,3.6,,-{박무}-0150. -{비}-{비}{강도0}0300-{비}{강도0}0600-{비}{강도0}0900-0940. {박무}0425-0505.,
143,대구,2021-10-17,7.9,3.7,0632,13.8,1511,,,,,,,6.8,320,0002,4.9,290,0129,2.7,2366,290,-3.9,26,1428,45.4,4.7,1019.7,1028.7,0851,1024.4,1509,1026.4,11.2,10.8,1200,2.75,18.79,,,,,,0.4,0.0,10.7,-0.2,,,,,,,,,,3.0,4.3,,,
143,대구,2021-10-18,9.2,2.0,0548,17.6,1510,,,,,,,4.9,290,1432,2.8,320,1449,1.0,861,290,0.1,20,1530,59.6,6.3,1017.3,1027.0,0815,1021.3,1743,1024.0,11.2,10.8,1200,2.66,17.94,,,,,,1.6,1.6,11.4,-2.8,,,,,,,,,,3.2,4.5,,,
143,대구,2021-10-19,11.6,6.8,0654,18.2,1328,,,,,,,10.1,340,1455,6.8,290,1431,2.0,1744,290,5.0,40,1242,65.8,8.8,1012.6,1022.4,0001,1016.1,1406,1019.2,11.2,7.5,1200,2.37,14.12,,,,,,4.1,3.4,12.2,3.0,,,,,,,,,,2.5,3.6,,,
143,대구,2021-10-20,10.7,5.1,0613,17.4,1505,,,,,,,3.6,340,1426,2.4,320,1428,1.0,861,50,4.4,33,1302,68.8,8.4,1014.5,1023.2,0926,1018.9,1503,1021.1,11.1,10.3,1200,2.55,16.58,,,,,,1.8,0.4,13.0,-0.4,,,,,,,,,,2.5,3.6,,{박무}0430-0440. {박무}0620-0755.,
143,대구,2021-10-21,11.4,6.0,0533,16.9,1459,,,,,,,4.6,140,1233,3.4,140,1235,1.2,1009,140,7.5,55,1500,79.0,10.4,1012.7,1021.3,0753,1017.2,1434,1019.3,11.1,6.1,1000,2.19,12.74,,,,,,5.0,2.9,13.7,1.5,,,,,,,,,,1.8,2.5,,{박무}0545-{박무}{강도0}0600-0645.,
143,대구,2021-10-22,11.8,6.2,0635,18.0,1434,0.0,,0.0,,0.17,0.0,8.4,70,1832,5.7,50,1833,1.9,1660,340,4.7,35,1452,65.6,8.6,1014.9,1026.1,2355,1019.0,0038,1021.5,11.1,9.9,1200,2.56,16.07,,,,,,2.0,2.0,13.5,0.8,,,,,,,,,,2.7,3.9,,{박무}0550-{박무}{강도0}0600-0825. {연무}0820-{연무}{강도0}0900-1005. {비}1845-1855.,
143,대구,2021-10-23,11.7,5.5,0622,19.3,1528,,,,,,,4.2,250,1523,2.9,270,1527,1.0,823,110,4.9,33,1707,68.1,8.7,1021.7,1030.0,0851,1026.0,0003,1028.3,11.0,10.0,1200,2.46,15.44,,,,,,0.3,0.3,13.4,0.2,,,,,,,,,,2.5,3.5,,,
143,대구,2021-10-24,11.8,5.2,0617,19.9,1417,,,,,,,5.0,290,1425,3.1,290,1431,0.9,764,140,5.8,32,1622,70.8,9.2,1019.8,1029.7,0847,1023.7,1510,1026.5,11.0,9.4,1200,2.38,15.61,,,,,,5.9,0.5,14.1,0.8,,,,,,,,,,2.4,3.5,,{박무}0415-0520.,
143,대구,2021-10-25,12.4,7.0,0645,20.4,1424,,,,,,,4.5,320,1324,2.7,340,1414,1.1,938,320,5.5,25,1440,67.9,9.1,1016.0,1025.1,0001,1020.5,1518,1022.5,11.0,10.1,1200,2.37,15.65,,,,,,1.8,0.1,14.6,1.2,,,,,,,,,,2.6,3.7,,{박무}0550-{박무}{강도0}0600-0610.,
143,대구,2021-10-26,12.0,5.0,0642,20.2,1541,,,,,,,4.2,270,1402,2.7,290,1412,1.0,860,270,5.0,26,1543,67.0,8.8,1013.8,1023.4,0848,1018.0,1656,1020.4,10.9,9.2,1200,2.39,14.61,,,,,,4.1,0.0,13.3,-1.3,,,,,,,,,,2.5,3.6,,{박무}0550-{박무}{강도0}0600-0640. {박무}0750-0810. {연무}1025-1115.,
143,대구,2021-10-27,14.1,9.5,0737,21.4,1404,,,,,,,6.6,320,1451,4.3,320,1456,1.3,1090,320,6.0,25,1514,61.6,9.5,1012.7,1020.7,2336,1017.1,1423,1019.2,10.9,9.3,1200,2.18,13.82,,,,,,2.6,0.1,15.3,2.8,,,,,,,,,,2.9,4.1,,{박무}0410-{박무}{강도0}0600-{박무}{강도0}0900-0915. {연무}0910-{연무}{강도0}1200-1315.,
143,대구,2021-10-28,13.9,5.7,0632,20.6,1412,,,,,,,7.9,90,1623,5.8,110,1631,1.8,1574,110,5.0,33,1408,57.6,8.8,1016.6,1025.9,2231,1020.6,0001,1023.1,10.8,9.6,1200,2.4,15.43,,,,,,1.0,1.0,14.7,-0.2,,,,,,,,,,2.9,4.2,,,
143,대구,2021-10-29,12.8,7.3,0633,18.9,1131,,,,,,,7.2,90,1209,4.9,110,1120,1.7,1475,110,7.0,42,1256,70.5,10.0,1019.4,1027.8,0850,1024.4,1511,1026.0,10.8,7.7,1100,2.25,13.26,,,,,,3.9,3.3,14.0,1.6,,,,,,,,,,2.3,3.3,,,
143,대구,2021-10-30,11.8,7.6,0715,17.8,1426,,,,,,,3.1,320,1344,2.0,110,0717,0.7,628,110,7.9,51,1427,79.3,10.7,1018.3,1026.2,0834,1023.3,1541,1024.8,10.8,0.4,1300,1.22,7.43,,,,,,6.6,0.0,13.3,3.0,,,,,,,,,,1.1,1.6,,,
143,대구,2021-10-31,12.8,6.4,0627,21.6,1449,,,,,,,4.1,290,1313,3.0,270,1314,0.9,749,340,6.5,31,1628,70.1,9.7,1017.7,1026.3,0828,1022.0,1443,1024.3,10.7,9.8,1200,2.3,14.67,,,,,,0.3,0.0,14.2,0.7,,,,,,,,,,2.4,3.4,,{박무}0150-0210. {박무}0310-0330. {박무}0510-{박무}{강도0}0600-0740.,
143,대구,2022-03-20,6.6,2.0,0521,11.0,1523,,,,,,,4.9,290,1813,3.3,290,2233,1.6,1364,140,1.0,45,1535,69.8,6.6,1012.1,1021.5,2352,1015.8,0001,1018.8,12.1,3.6,1400,2.14,14.12,,,,,,8.1,5.4,9.1,-1.7,,,,,,,,,,2.1,3.0,,{달코로나}0155-0335.,
143,대구,2022-03-21,8.3,2.2,0657,13.8,1525,,,,,,,6.1,290,0100,4.2,290,0101,2.0,1700,140,-1.6,22,1503,53.1,5.6,1016.4,1026.4,0852,1020.6,1550,1023.1,12.2,8.4,1100,2.82,19.07,,,,,,7.6,3.4,9.8,-0.1,,,,,,,,,,3.0,4.3,,{햇무리}1350-1530.,
143,대구,2022-03-22,8.7,5.5,2354,14.2,1429,,,,,,,9.4,90,1731,6.7,90,1740,3.0,2627,290,-2.2,23,1343,48.8,5.3,1014.8,1023.3,0957,1019.6,1504,1021.4,12.2,9.9,1200,2.98,20.87,,,,,,5.6,0.1,11.3,3.3,,,,,,,,,,3.4,4.8,,,
143,대구,2022-03-23,6.8,2.6,0436,11.1,1606,,,,,0.62,0.0,7.0,290,1355,4.7,290,1359,1.7,1505,320,0.8,49,1818,66.6,6.5,1011.8,1022.0,0059,1015.9,1653,1018.5,12.2,0.5,1200,1.76,10.02,,,,,,5.6,1.0,8.2,-0.6,,,,,,,,,,1.6,2.2,,{박무}0310-{박무}{강도0}0600-{박무}{강도0}0900-1047. {연무}1042-{연무}{강도0}1200-1230. {비}1403-1440.,
143,대구,2022-03-24,9.1,1.4,0659,17.0,1504,,,,,,,4.7,290,1427,3.1,290,1350,1.1,921,110,1.1,37,1515,60.6,6.7,1013.9,1022.6,2240,1018.5,0014,1020.5,12.3,9.4,1200,2.8,20.37,,,,,,2.0,0.6,11.5,-4.0,,,,,,,,,,2.8,4.0,,{박무}0115-0230. {박무}0405-{박무}{강도0}0600-{박무}{강도0}0900-0910. {연무}0905-0950. {연무}1040-{연무}{강도0}1200-{연무}{강도0}1500-{연무}{강도0}1800-{연무}{강도0}2100-{연무}{강도0}2400-,
143,대구,2022-03-25,13.5,6.1,0533,20.1,1425,,,,,1.92,1.6,8.0,110,2304,5.4,140,2312,1.9,1655,140,7.3,43,1413,67.6,10.5,1011.1,1022.6,0032,1009.0,2400,1017.6,12.3,4.9,1000,2.24,14.53,,,,,,9.1,3.0,14.6,2.3,,,,,,,,,,2.4,3.5,,-{연무}-{연무}{강도0}0300-0430. {박무}0425-{박무}{강도0}0600-0835. {연무}0830-{연무}{강도0}0900-0910. {연무}1010-1030. {연무}1220-1350. {비}2205-{비}{강도0}2400-,
143,대구,2022-03-26,14.7,12.3,2359,20.4,1400,,,,,7.58,11.7,11.8,290,1405,7.9,290,1542,3.8,3257,290,11.2,55,1404,80.9,13.4,996.4,1010.8,2317,996.4,0928,1002.8,12.4,3.4,1400,2.52,12.81,,,,,,8.0,5.6,15.1,11.0,,,,,,,,,,2.8,4.1,,-{비}-{비}{강도0}0300-{비}{강도1}0600-0735. {박무}0440-{박무}{강도0}0600-0610.,
143,대구,2022-03-27,13.1,7.3,2353,20.7,1439,,,,,,,11.5,270,1622,8.0,290,1705,3.7,3215,290,-1.3,18,1434,39.3,5.7,1007.9,1021.6,2350,1009.9,1518,1014.4,12.4,9.8,1200,3.03,21.7,,,,,,6.5,0.0,12.2,5.3,,,,,,,,,,5.5,7.9,,,
143,대구,2022-03-28,9.0,3.0,0605,14.9,1512,,,,,,,6.9,110,1901,4.8,110,1905,2.2,1908,110,-2.4,30,1511,45.5,5.2,1019.4,1028.6,2353,1021.5,0001,1026.1,12.4,10.0,1000,2.56,19.76,,,,,,5.1,0.0,10.8,-1.9,,,,,,,,,,3.2,4.6,,,
143,대구,2022-03-29,10.8,1.8,0601,19.8,1625,,,,,,,4.9,320,1426,2.9,110,0815,1.3,1114,290,-0.3,19,1601,51.6,6.0,1018.3,1028.6,0004,1021.4,1723,1024.9,12.5,11.4,1200,3.16,23.52,,,,,,0.5,0.0,12.1,-1.7,,,,,,,,,,3.9,5.6,,,
143,대구,2022-03-30,14.8,5.7,0543,23.3,1440,,,,,,,9.2,270,1450,5.5,290,1456,1.7,1469,140,5.8,34,1146,57.0,9.5,1013.7,1024.2,0657,1016.3,1535,1020.2,12.5,7.6,1100,2.83,18.64,,,,,,6.1,3.0,15.6,-0.1,,,,,,,,,,3.6,5.1,,{햇무리}1150-1210.,
143,대구,2022-03-31,10.5,6.7,2348,13.4,0001,,,,,1.08,0.1,9.6,110,1630,7.5,90,1512,4.8,4156,110,6.0,66,0251,74.0,9.4,1017.1,1028.4,2343,1019.0,0022,1023.8,12.5,2.1,1100,2.21,15.54,,,,,,8.8,7.4,14.3,5.9,,,,,,,,,,2.2,3.1,,{비}2230-2335.,
143,대구,2022-04-01,8.8,3.7,0601,13.7,1459,0.2,,0.3,23,1.25,0.3,7.0,110,1022,4.9,90,1903,2.1,1827,110,1.6,37,1502,64.4,6.9,1022.5,1031.1,0940,1027.3,1651,1029.2,12.6,7.9,1200,2.45,17.58,,,,,,2.4,1.9,12.9,-1.9,,,,,,,,,,2.6,3.8,,{비}0020-0135.,
143,대구,2022-04-02,10.2,1.2,0624,17.3,1547,,,,,,,8.1,270,1454,3.3,290,1243,1.5,1332,140,-1.4,22,1418,50.0,5.6,1020.3,1029.9,0001,1023.1,1645,1026.9,12.6,11.1,1200,3.29,24.06,,,,,,0.9,0.9,14.2,-2.1,,,,,,,,,,4.1,5.9,,,
143,대구,2022-04-03,11.3,3.4,0625,19.3,1526,,,,,,,6.5,50,1851,4.6,110,1941,1.7,1440,270,-0.6,15,1709,50.9,6.1,1020.7,1029.0,2354,1024.6,1619,1027.4,12.7,11.9,1200,3.26,24.37,,,,,,0.3,0.3,15.7,-2.6,,,,,,,,,,4.4,6.3,,,
143,대구,2022-04-04,13.2,4.7,0625,21.0,1632,,,,,,,5.9,270,1309,3.9,250,1318,1.4,1215,140,0.2,17,1418,49.6,6.4,1020.3,1029.9,0723,1023.6,1711,1026.9,12.7,11.6,1200,3.29,24.22,,,,,,0.0,0.0,17.0,-1.3,,,,,,,,,,4.6,6.6,,{박무}0340-{박무}{강도0}0600-0830.,
143,대구,2022-04-05,14.4,5.7,0506,21.5,1459,,,,,,,6.5,290,1224,4.3,290,1227,2.0,1720,290,-2.5,16,1338,35.3,5.2,1014.8,1025.6,0012,1017.1,1617,1021.3,12.7,10.4,1200,3.06,21.09,,,,,,6.5,0.0,17.1,-1.3,,,,,,,,,,5.2,7.5,,,
143,대구,2022-04-06,16.0,10.0,0701,23.5,1556,,,,,,,6.4,290,1457,4.1,290,1458,2.2,1929,290,-0.3,19,1430,35.6,6.3,1013.3,1022.3,0654,1016.8,1635,1019.8,12.8,11.0,1200,3.21,23.7,,,,,,0.5,0.0,19.5,5.9,,,,,,,,,,4.7,6.8,,,
143,대구,2022-04-07,14.4,8.8,0454,20.5,1434,0.8,632,2.1,610,1.92,2.4,9.6,290,1621,6.2,290,1706,2.7,2344,290,2.9,26,1606,49.3,7.6,1010.5,1019.9,2349,1013.7,1511,1017.0,12.8,8.3,1200,3.2,20.69,,,,,,2.6,0.8,16.3,3.7,,,,,,,,,,4.6,6.5,,{박무}0130-0230. {비}0610-0735. {박무}0640-0710. {박무}0750-0840. {비}0845-0850. {비}0915-0940. {연무}1010-1030.,
143,대구,2022-04-08,15.7,6.0,0604,24.3,1629,,,,,,,5.4,290,1413,3.5,270,1531,1.6,1392,250,1.2,19,1324,41.4,6.8,1012.7,1022.7,0829,1015.4,1802,1019.1,12.8,11.9,1200,3.32,25.2,,,,,,0.0,0.0,19.1,0.8,,,,,,,,,,5.2,7.4,,,
143,대구,2022-04-09,18.6,9.4,0554,28.5,1604,,,,,,,7.5,270,1306,5.8,290,1308,1.7,1438,340,5.9,23,1518,48.5,9.4,1009.2,1017.7,0636,1012.3,1552,1015.6,12.9,11.5,1200,3.09,23.03,,,,,,0.1,0.0,20.9,3.6,,,,,,,,,,5.4,7.7,,,
143,대구,2022-04-10,19.5,11.4,0618,27.5,1447,,,,,,,5.7,290,1552,4.0,290,1547,1.6,1380,340,8.0,23,1505,50.6,10.8,1010.2,1018.8,0934,1013.7,1612,1016.6,12.9,9.8,1200,2.95,22.22,,,,,,4.4,0.0,22.0,4.5,,,,,,,,,,4.6,6.5,,,
143,대구,2022-04-11,20.3,13.6,0601,27.9,1436,,,,,,,7.1,270,1207,5.1,270,1207,1.7,1474,180,13.2,38,1500,66.3,15.2,1007.5,1017.2,0033,1010.0,1620,1013.8,12.9,10.4,1100,3.1,22.7,,,,,,3.0,1.3,24.6,7.9,,,,,,,,,,4.4,6.2,,,
143,대구,2022-04-12,22.5,15.4,0500,30.2,1626,,,,,,,5.5,250,1432,3.9,270,1436,1.4,1219,340,14.4,33,1731,64.5,16.4,1004.1,1013.4,0003,1006.9,1645,1010.3,13.0,10.1,1200,3.2,23.42,,,,,,3.0,0.9,25.6,9.6,,,,,,,,,,4.5,6.4,,{박무}0630-0710.,
143,대구,2022-04-13,12.2,9.6,2338,21.3,0002,,,,,,,12.6,110,1443,8.5,110,1515,5.4,4659,110,8.8,65,1351,80.1,11.4,1009.6,1019.9,2219,1010.0,0001,1016.1,13.0,0.0,1200,1.53,7.64,,,,,,9.8,7.3,15.7,9.2,,,,,,,,,,1.7,2.4,,{박무}0430-0530.,
143,대구,2022-04-14,10.9,9.2,0419,13.2,1529,0.0,,0.0,,0.33,0.0,9.9,110,0832,5.6,110,0839,3.7,3189,110,6.0,63,1508,72.4,9.3,1012.4,1020.9,2246,1017.3,1449,1019.0,13.1,0.0,1400,0.91,6.71,,,,,,9.3,8.0,14.1,8.2,,,,,,,,,,1.6,2.3,,{비}0410-0430.,
143,대구,2022-04-15,12.1,8.9,2355,19.1,1440,,,,,,,10.7,90,1859,8.1,110,1901,3.2,2732,110,4.1,37,1441,59.8,8.2,1010.9,1020.2,0001,1013.2,1558,1017.5,13.1,8.3,1100,3.3,23.01,,,,,,7.3,5.9,19.4,7.8,,,,,,,,,,4.3,6.2,,,
143,대구,2022-04-16,13.5,4.3,0558,21.0,1538,,,,,,,7.1,290,1416,4.5,290,1526,1.9,1635,290,0.1,19,1518,45.3,6.3,1010.7,1020.1,0738,1013.6,1733,1017.2,13.1,12.3,1200,3.45,26.3,,,,,,2.4,0.0,20.4,-1.4,,,,,,,,,,5.3,7.6,,,
143,대구,2022-04-17,15.6,7.1,0556,23.0,1619,,,,,,,7.1,290,1608,5.0,290,1130,1.8,1548,290,-1.7,12,1455,36.9,5.6,1011.3,1019.2,0719,1015.3,1846,1017.7,13.2,12.2,1200,3.52,26.97,,,,,,2.4,0.0,21.2,-0.7,,,,,,,,,,6.3,9.0,,,
143,대구,2022-04-18,18.1,10.9,0604,24.3,1500,,,,,,,8.0,290,1510,4.6,340,1215,2.0,1692,320,0.5,18,1152,33.3,6.4,1010.8,1019.2,0700,1014.4,1704,1017.2,13.2,9.2,1100,2.98,21.29,,,,,,6.0,0.4,22.2,5.1,,,,,,,,,,5.4,7.7,,,
143,대구,2022-04-19,18.4,9.5,0600,25.7,1515,,,,,,,8.3,290,1257,5.7,290,1305,2.2,1933,290,-0.2,15,1303,31.4,6.1,1010.2,1018.6,0733,1013.8,1617,1016.6,13.2,12.1,1300,3.27,25.3,,,,,,1.5,0.5,23.0,2.3,,,,,,,,,,6.7,9.5,,,
143,대구,2022-04-20,18.2,8.8,0553,26.6,1547,,,,,,,8.0,290,1412,4.8,290,1252,1.6,1424,360,1.1,16,1307,35.5,6.7,1009.1,1018.4,0801,1011.7,1619,1015.5,13.3,12.3,1200,3.4,26.13,,,,,,0.5,0.0,23.6,1.1,,,,,,,,,,6.3,8.9,,,
143,대구,2022-04-21,14.3,11.0,0538,19.7,1303,0.2,,0.2,,1.33,0.2,5.5,290,1244,3.8,270,1635,1.1,979,270,6.3,37,1133,60.3,9.6,1007.1,1015.7,0001,1011.5,1759,1013.6,13.3,1.5,1100,1.07,8.25,,,,,,5.9,2.4,14.8,4.3,,,,,,,,,,1.8,2.5,,{비}1435-{비}{강도0}1500-1555.,
143,대구,2022-04-22,19.0,8.9,0423,28.5,1604,,,,,,,7.9,290,1237,5.3,270,1205,2.1,1788,340,10.9,35,1556,64.0,13.1,1004.4,1014.1,0707,1006.6,1615,1010.8,13.4,10.5,1200,3.25,24.42,,,,,,3.4,1.3,23.4,3.0,,,,,,,,,,5.0,7.1,,{박무}0450-{박무}{강도0}0600-{박무}{강도0}0900-0940. {연무}0935-1105.,
143,대구,2022-04-23,19.1,14.9,2356,25.9,1344,,,,,,,8.6,110,1603,6.1,110,1604,2.6,2264,110,10.3,27,1148,58.9,12.6,1006.3,1015.3,0900,1010.1,1523,1012.6,13.4,6.2,1200,2.98,20.8,,,,,,7.5,0.4,24.7,11.8,,,,,,,,,,4.5,6.4,,{박무}0430-{박무}{강도0}0600-0710. {박무}0805-{박무}{강도0}0900-0907. {햇무리}1050-1140.,
143,대구,2022-04-24,22.0,12.5,0512,29.9,1623,,,,,,,5.6,290,1305,4.2,270,1451,1.8,1571,290,10.8,32,1545,52.4,13.0,1004.0,1012.9,0535,1006.6,1631,1010.3,13.4,11.6,1200,3.37,25.73,,,,,,1.6,0.0,27.7,8.5,,,,,,,,,,5.8,8.3,,,
143,대구,2022-04-25,21.7,14.5,0553,29.3,1518,0.7,2325,2.5,2254,1.42,2.5,6.2,110,1630,4.6,110,1550,1.7,1428,140,11.7,25,1235,58.4,14.0,1004.7,1014.4,0718,1007.5,2356,1011.0,13.4,6.0,1100,3.13,19.27,,,,,,5.5,0.9,26.0,8.9,,,,,,,,,,3.8,5.4,21.3,{비}2235-{비}{강도0}2400- {박무}2320-{박무}{강도0}2400-,
143,대구,2022-04-26,18.3,15.8,0253,20.6,1636,3.1,159,9.3,117,7.83,20.3,6.6,110,0404,4.4,160,0355,1.6,1367,160,17.3,79,2343,94.4,19.8,996.8,1007.6,0001,1000.9,1329,1003.1,13.5,0.0,1300,0.94,4.69,,,,,,8.6,5.0,19.0,14.3,,,,,,,,,,1.5,2.1,1.5,-{박무}-0250. -{비}-{비}{강도1}0300-0450. {박무}0305-{박무}{강도0}0600-{박무}{강도0}0900-1140. {비}0535-{비}{강도0}0600-0640. {비}0705-0720. {비}1150-{비}{강도0}1200-1330. {박무}1220-1340. {박무}1410-{박무}{강도0}1500-1510. {박무}2050-{박무}{강도0}2100-2145. {박무}2220-2325.,
143,대구,2022-04-27,17.2,12.6,2353,20.3,1242,,,,,,,9.5,110,1105,6.6,90,1555,3.7,3188,90,8.8,38,1042,59.6,11.4,1008.4,1018.9,2155,1006.7,0007,1014.8,13.5,11.0,1200,3.37,24.7,,,,,,4.0,0.3,19.0,10.4,,,,,,,,,,4.4,6.3,,,
143,대구,2022-04-28,15.7,10.4,0544,22.5,1414,,,,,,,10.4,110,2158,7.7,110,2202,3.7,3198,110,8.9,42,1107,67.0,11.4,1010.9,1020.5,0903,1014.3,1523,1017.4,13.6,8.9,1200,3.21,23.1,,,,,,4.9,1.6,19.7,7.8,,,,,,,,,,4.2,5.9,,,
143,대구,2022-04-29,11.3,9.3,0814,13.8,0001,0.7,813,3.4,734,8.0,12.8,9.1,110,0015,6.4,110,0024,2.6,2208,110,7.9,65,1628,80.6,10.7,1010.3,1021.5,2216,1012.6,0545,1016.8,13.6,0.7,1100,1.72,9.18,,,,,,8.8,7.4,13.4,9.3,,,,,,,,,,1.7,2.5,,{비}0240-{비}{강도0}0300-{비}{강도0}0600-{비}{강도0}0900-1040.,
143,대구,2022-04-30,14.5,9.9,0547,19.7,1418,,,,,,,7.1,290,2340,4.8,320,2333,2.1,1785,290,6.6,42,1419,60.4,9.8,1010.9,1021.5,0001,1013.5,1844,1017.4,13.6,4.6,1000,2.62,18.76,,,,,,7.6,4.8,17.5,9.9,,,,,,,,,,3.5,5.0,,,
143,대구,2022-05-01,15.2,10.2,0557,20.3,1544,,,,,,,8.8,320,1419,6.1,290,1426,3.2,2739,290,0.4,21,1335,39.4,6.4,1007.0,1015.3,0103,1011.1,1648,1013.5,13.6,11.6,1200,3.5,27.39,,,,,,2.1,0.1,17.5,7.6,,,,,,,,,,5.9,8.5,,,
143,대구,2022-05-02,13.1,7.4,0555,20.7,1403,0.5,1926,0.9,1902,2.25,1.2,9.4,90,1830,6.1,110,1853,2.1,1824,360,2.9,23,1342,55.8,7.8,1007.7,1018.5,2351,1011.2,1524,1014.2,13.7,8.9,1100,3.44,22.78,,,,,,3.1,3.1,16.6,2.1,,,,,,,,,,4.1,5.8,,{비}1830-2045.,
143,대구,2022-05-03,15.2,6.5,0457,23.5,1633,,,,,,,6.9,270,1318,4.2,290,1322,1.5,1294,140,5.5,26,1728,59.6,9.1,1012.8,1021.5,0750,1016.8,1657,1019.3,13.7,10.9,1200,3.54,27.07,,,,,,1.1,1.1,19.3,3.0,,,,,,,,,,5.1,7.3,,{박무}0130-{박무}{강도0}0300-0515. {박무}0540-{박무}{강도0}0600-0750.,
143,대구,2022-05-04,19.0,9.8,0557,28.3,1547,,,,,,,5.5,290,1333,3.7,270,1505,1.7,1462,290,6.7,25,1622,49.0,9.8,1012.7,1021.1,0753,1015.9,1712,1019.1,13.7,12.6,1200,3.44,27.38,,,,,,0.0,0.0,22.7,4.1,,,,,,,,,,5.8,8.3,,,
143,대구,2022-05-05,20.0,11.9,0543,29.1,1623,,,,,,,6.5,290,1327,3.5,320,1334,1.5,1287,320,7.9,18,1756,51.5,10.8,1012.4,1021.1,0709,1015.3,1724,1018.8,13.8,13.0,1200,3.48,28.14,,,,,,0.0,0.0,25.1,6.2,,,,,,,,,,5.9,8.4,,,
143,대구,2022-05-06,21.2,12.2,0532,28.7,1547,,,,,,,6.3,290,1402,4.5,290,1403,1.5,1338,340,11.8,31,1351,58.3,13.9,1009.6,1018.6,0001,1012.8,1654,1015.9,13.8,11.8,1200,3.43,27.3,,,,,,1.9,1.9,27.2,6.0,,,,,,,,,,5.5,7.9,,,
143,대구,2022-05-07,18.9,13.6,2258,26.0,1421,,,,,,,11.0,90,1944,7.9,110,1950,3.7,3232,290,12.1,42,1421,66.5,14.2,1010.6,1021.2,2331,1014.2,1454,1016.9,13.8,8.6,1200,3.1,21.23,,,,,,6.3,3.5,25.0,13.4,,,,,,,,,,4.4,6.4,,,
143,대구,2022-05-08,16.4,12.8,0335,22.1,1427,,,,,,,8.9,90,0018,6.2,110,0110,3.7,3172,110,8.2,39,1406,59.9,10.8,1012.8,1022.6,0809,1016.0,1813,1019.2,13.9,8.0,1200,3.28,23.82,,,,,,7.6,4.5,24.8,12.0,,,,,,,,,,4.2,6.0,,{햇무리}1050-1140. {무지개}1210-1255.,
143,대구,2022-05-09,16.2,12.3,0524,21.9,1443,0.2,,0.3,105,1.83,0.4,9.8,110,1635,6.7,90,1643,3.0,2596,90,6.3,27,1437,55.5,9.7,1012.5,1020.3,2119,1017.4,1519,1018.9,13.9,10.2,1200,3.4,25.84,,,,,,7.0,1.8,22.8,11.0,,,,,,,,,,5.7,8.2,,{비}0105-0255.,
143,대구,2022-05-10,16.5,10.3,0554,23.5,1508,,,,,,,8.0,90,1623,6.0,110,1627,2.9,2524,90,6.9,28,1434,56.3,10.0,1011.0,1020.4,0743,1014.5,1635,1017.5,13.9,8.7,1200,3.61,26.19,,,,,,6.9,2.1,24.5,6.9,,,,,,,,,,5.6,7.9,,,
143,대구,2022-05-11,20.7,14.3,0354,26.8,1628,0.0,,0.0,,0.17,0.0,4.7,140,0054,3.4,140,0055,1.7,1458,140,11.1,35,1208,57.4,13.3,1008.5,1016.8,0001,1012.6,1749,1014.8,14.0,5.2,1100,3.32,21.16,,,,,,6.9,4.5,26.6,14.2,,,,,,,,,,4.2,5.9,,{비}2045-2055.,
143,대구,2022-05-12,20.2,15.9,2340,24.6,1124,,,,,,,8.3,140,2357,6.1,110,2359,3.1,2709,110,12.6,48,1548,63.1,14.7,1005.2,1013.9,0001,1009.7,1601,1011.4,14.0,3.6,1100,2.25,16.36,,,,,,8.1,5.8,25.9,15.6,,,,,,,,,,3.7,5.3,,,
143,대구,2022-05-13,15.7,13.3,2358,19.3,1600,0.8,1655,1.6,1630,2.67,2.6,8.6,110,0016,6.0,110,0002,3.0,2608,140,13.2,69,1542,86.4,15.2,1002.2,1010.9,0001,1006.3,1516,1008.6,14.0,0.0,1000,1.15,5.97,,,,,,8.8,5.6,19.3,11.9,,,,,,,,,,1.5,2.1,,{비}1630-{비}{강도0}1800-1910. {박무}1630-{박무}{강도0}1800-{박무}{강도0}2100-{박무}{강도0}2400-,
143,대구,2022-05-14,17.9,11.1,0458,24.6,1447,,,,,,,9.8,290,1223,7.0,290,1227,3.1,2699,290,5.0,22,1412,50.0,9.2,1005.1,1014.7,2330,1008.7,0001,1011.5,14.0,11.4,1200,3.57,27.4,,,,,,4.5,1.4,23.4,5.6,,,,,,,,,,7.3,10.4,,-{박무}-{박무}{강도0}0300-{박무}{강도0}0600-0640.,
143,대구,2022-05-15,17.1,12.8,2355,23.2,1525,,,,,,,7.8,320,0034,5.2,320,0042,2.4,2100,290,3.1,21,1408,42.1,7.8,1007.0,1015.9,0718,1010.2,1757,1013.4,14.1,12.2,1200,3.62,28.66,,,,,,4.0,0.5,25.7,7.1,,,,,,,,,,5.9,8.4,,,
143,대구,2022-05-16,18.5,9.7,0506,25.5,1650,,,,,,,7.9,290,1537,5.8,290,1533,2.0,1753,360,2.7,20,1457,38.5,7.5,1005.8,1014.4,0011,1008.7,1736,1012.2,14.1,12.5,1200,3.58,29.31,,,,,,2.1,0.3,26.0,3.1,,,,,,,,,,6.7,9.6,,,
143,대구,2022-05-17,20.4,10.8,0524,28.2,1349,,,,,,,6.5,290,1441,4.2,250,1526,1.5,1288,320,5.6,17,1415,42.3,9.2,1007.9,1016.5,2345,1012.2,1650,1014.2,14.1,10.1,1200,3.52,25.52,,,,,,1.8,1.1,25.0,3.8,,,,,,,,,,5.6,8.0,,,
143,대구,2022-05-18,23.3,13.0,0536,31.1,1503,,,,,,,8.0,250,1511,5.2,270,1626,2.1,1847,270,8.2,21,1404,42.8,10.9,1010.6,1018.8,0735,1013.9,1617,1016.8,14.1,12.4,1200,3.41,27.05,,,,,,0.3,0.3,29.2,6.9,,,,,,,,,,7.4,10.5,,,
143,대구,2022-05-19,23.0,16.2,0530,29.5,1459,,,,,,,7.6,270,1211,5.2,270,1241,2.0,1696,340,6.5,20,1030,36.9,9.7,1010.6,1018.7,0759,1014.9,1707,1016.9,14.2,7.3,1300,2.74,20.82,,,,,,6.5,0.1,28.1,9.6,,,,,,,,,,5.4,7.7,,,
143,대구,2022-05-20,22.8,17.1,0532,28.6,1453,,,,,,,6.5,290,1959,4.6,270,2003,1.9,1602,290,8.4,17,1416,43.3,11.3,1006.9,1016.4,0012,1009.6,1806,1013.1,14.2,8.5,1300,3.31,23.69,,,,,,5.1,1.1,29.6,13.8,,,,,,,,,,6.1,8.7,,,
143,대구,2022-05-21,23.7,17.9,0211,29.7,1339,,,,,,,9.6,320,1433,5.7,290,1440,3.1,2679,290,12.5,32,1537,51.5,14.5,1002.1,1011.1,0001,1005.1,1756,1008.3,14.2,12.8,1200,3.42,28.2,,,,,,0.6,0.6,31.0,14.7,,,,,,,,,,6.9,9.9,,,
143,대구,2022-05-22,24.8,18.6,0434,32.7,1439,,,,,,,10.0,290,1440,7.0,270,1429,3.7,3162,290,11.4,25,1523,45.6,13.5,1000.9,1009.8,2400,1004.3,1521,1007.0,14.2,12.7,1200,3.35,27.59,,,,,,0.9,0.0,31.5,15.6,,,,,,,,,,7.8,11.1,,,
143,대구,2022-05-23,24.3,15.4,0535,32.3,1603,,,,,,,6.8,290,1259,5.0,270,1306,2.1,1782,140,13.5,31,1628,53.9,15.5,1005.5,1014.0,2353,1009.8,0001,1011.7,14.3,10.3,1100,3.29,24.95,,,,,,4.0,0.0,31.9,12.6,,,,,,,,,,5.8,8.2,,,
143,대구,2022-05-24,26.4,19.3,0349,33.2,1618,,,,,,,9.0,50,1852,7.0,50,1859,2.0,1730,290,12.6,26,1420,45.5,14.7,1006.5,1015.3,0800,1009.3,1706,1012.6,14.3,12.2,1200,3.4,27.43,,,,,,1.5,0.8,34.0,14.6,,,,,,,,,,6.2,8.9,,,
143,대구,2022-05-25,25.5,18.8,0527,33.2,1454,,,,,,,9.5,320,1749,6.5,290,1757,1.8,1560,270,14.9,25,1511,54.9,17.0,1001.5,1011.8,0023,1003.7,1641,1007.7,14.3,10.3,1200,3.34,25.46,,,,,,3.9,1.5,33.9,15.3,,,,,,,,,,6.4,9.2,,{연무}0905-0930.,
143,대구,2022-05-26,22.9,18.7,0627,27.5,1600,,,,,,,9.3,290,0850,5.9,290,0759,3.4,2968,290,8.4,23,1559,41.6,11.2,997.8,1006.5,0853,1001.7,1847,1004.0,14.3,12.6,1200,3.61,30.1,,,,,,3.1,1.4,31.9,18.7,,,,,,,,,,7.4,10.5,,,
143,대구,2022-05-27,23.8,16.4,0417,29.5,1503,,,,,,,13.9,270,1108,9.1,270,1110,4.1,3567,290,7.8,24,1627,37.3,10.6,994.8,1004.8,2357,998.7,1404,1001.0,14.3,13.3,1100,3.36,28.06,,,,,,0.1,0.1,29.2,10.8,,,,,,,,,,8.5,12.2,,,
143,대구,2022-05-28,24.9,15.2,0522,33.0,1510,,,,,,,7.6,320,1737,5.1,290,1255,1.9,1653,290,8.6,20,1755,39.0,11.2,999.4,1007.4,2335,1003.8,1637,1005.6,14.4,13.3,1100,3.03,25.62,,,,,,4.0,0.0,31.3,10.5,,,,,,,,,,6.7,9.5,,,
143,대구,2022-05-29,24.9,16.2,0530,33.0,1418,,,,,,,8.0,160,1602,5.3,160,1631,1.7,1428,180,9.3,21,1311,40.5,11.8,999.1,1007.9,0726,1002.4,1618,1005.3,14.4,13.5,1300,3.57,29.18,,,,,,3.1,0.8,32.7,11.1,,,,,,,,,,6.7,9.6,,{햇무리}1440-1530.,
143,대구,2022-05-30,24.3,20.5,0510,29.6,1542,0.0,,0.0,,0.1,0.0,7.3,290,2247,5.8,290,2249,2.1,1783,290,13.9,36,1312,53.8,16.1,995.3,1004.4,0001,998.3,1612,1001.5,14.4,1.4,1200,2.35,15.53,,,,,,9.3,5.4,31.3,17.4,,,,,,,,,,4.6,6.5,,{비}0430-0436.,
143,대구,2022-05-31,24.7,18.6,0523,31.1,1523,,,,,,,8.9,290,0311,6.1,290,0317,2.9,2505,290,8.8,22,1228,39.4,11.5,1001.1,1009.6,2252,1003.4,0001,1007.3,14.4,13.4,1200,3.54,29.65,,,,,,2.0,0.0,35.2,17.6,,,,,,,,,,6.9,9.9,,,
143,대구,2022-06-01,24.7,18.7,0510,33.1,1525,,,,,,,7.1,290,1442,4.5,290,1444,1.7,1445,50,9.1,20,1426,39.6,11.6,999.9,1009.6,0010,1001.9,1641,1006.0,14.4,10.6,1200,3.39,26.43,,,,,,4.3,0.1,33.9,16.2,,,,,,,,,,6.9,9.9,,,
143,대구,2022-06-02,26.1,17.5,0502,33.5,1526,,,,,,,6.6,290,1304,4.6,340,1743,2.3,1971,290,11.8,21,1546,44.5,14.0,1000.2,1008.1,0758,1004.0,1625,1006.4,14.5,13.3,1200,3.53,29.26,,,,,,0.6,0.0,35.6,13.6,,,,,,,,,,7.7,11.0,,,
143,대구,2022-06-03,23.5,18.7,2348,30.4,1335,,,,,,,11.3,110,1754,7.9,90,1704,3.9,3355,110,15.1,37,1148,61.5,17.2,1004.2,1013.9,2306,1007.6,0001,1010.4,14.5,12.4,1200,3.39,28.06,,,,,,1.4,0.0,32.3,18.2,,,,,,,,,,6.3,9.0,,,
143,대구,2022-06-04,22.1,17.9,0415,28.8,1439,,,,,,,8.1,110,1740,5.4,110,1746,3.7,3154,110,15.2,44,1345,67.0,17.3,1005.5,1014.4,0657,1008.6,1742,1011.7,14.5,8.5,1100,3.19,23.41,,,,,,5.3,0.4,29.8,17.4,,,,,,,,,,4.6,6.5,,{햇무리}1320-1600.,
143,대구,2022-06-05,18.0,17.0,1815,19.3,0937,1.8,1736,7.9,1707,16.0,32.2,8.4,110,2157,6.4,110,2200,2.7,2304,110,16.6,75,0022,92.5,18.9,998.1,1010.3,0040,998.6,2300,1004.4,14.5,0.0,1000,0.88,5.28,,,,,,9.9,6.4,19.5,16.6,,,,,,,,,,1.2,1.7,,{비}0510-0525. {비}0535-{비}{강도0}0600-0740. {비}0930-{비}{강도0}1200-{비}{강도0}1500-{비}{강도1}1800-{비}{강도0}2100-2310. {박무}1310-{박무}{강도0}1500-{박무}{강도0}1800-2050.,
143,대구,2022-06-06,18.7,15.9,2207,23.1,1040,0.3,1419,0.5,1405,2.22,0.8,9.1,20,1606,6.6,50,1611,1.9,1649,110,16.0,67,1041,84.6,18.2,994.9,1006.8,2349,998.5,0736,1001.2,14.5,2.0,1000,1.79,11.13,,,,,,8.1,7.6,22.1,15.5,,,,,,,,,,2.0,2.9,,{비}0207-0210. {비}0317-0322. {박무}0330-0410. {비}1345-{비}{강도0}1500-1510. {비}1550-1630.,
143,대구,2022-06-07,16.5,13.9,0501,21.1,1059,0.3,1705,0.5,1653,5.0,1.1,7.0,110,2115,4.7,90,1001,2.9,2541,110,13.7,58,1059,85.1,15.7,1002.8,1012.3,2316,1006.3,0134,1009.1,14.5,3.7,0900,2.61,13.63,,,,,,8.4,7.3,19.5,13.2,,,,,,,,,,2.1,3.0,,{비}1640-{비}{강도0}1800-1850. {비}1930-{비}{강도0}2100-2220.,
143,대구,2022-06-08,17.5,14.5,0019,22.3,1450,0.0,,0.0,,0.5,0.0,5.6,160,2213,3.9,110,1831,2.5,2191,140,13.4,57,1450,77.8,15.4,1006.6,1015.0,2319,1011.7,0159,1013.0,14.5,3.2,1400,2.42,16.15,,,,,,6.9,4.5,21.4,13.9,,,,,,,,,,2.9,4.1,,{비}0010-0040.,
143,대구,2022-06-09,20.4,13.3,0557,28.2,1513,,,,,,,5.1,110,2209,3.7,140,2312,2.0,1690,110,14.1,41,1208,70.5,16.1,1007.6,1015.8,0831,1011.3,1612,1013.9,14.5,8.5,1200,3.5,24.53,,,,,,4.9,3.1,26.3,13.1,,,,,,,,,,4.3,6.2,,,
143,대구,2022-06-10,22.7,15.2,0500,29.7,1353,,,,,,,5.7,140,0134,4.1,140,0134,1.5,1324,110,15.5,41,1354,67.1,17.6,1007.7,1015.8,0538,1012.1,1828,1014.0,14.5,7.8,1200,3.29,22.57,,,,,,5.5,0.0,28.1,14.3,,,,,,,,,,4.0,5.7,,,
143,대구,2022-06-11,21.4,18.4,2300,26.1,1346,,,,,,,9.8,90,1522,7.2,110,1530,3.4,2914,110,16.2,53,1752,74.0,18.5,1006.7,1014.5,2316,1011.3,1636,1013.0,14.6,7.1,1400,2.98,21.36,,,,,,5.1,1.5,26.2,17.6,,,,,,,,,,4.3,6.2,,,
143,대구,2022-06-12,20.7,16.4,0457,25.8,1442,,,,,,,7.7,90,1024,5.4,110,1913,3.2,2724,110,15.4,53,1409,73.1,17.5,1007.7,1016.0,0657,1012.0,1708,1014.0,14.6,7.7,1200,3.29,23.88,,,,,,5.0,0.8,27.7,14.9,,,,,,,,,,4.2,6.0,,,
143,대구,2022-06-13,19.9,17.2,0358,24.0,1340,,,,,,,10.5,140,1702,7.2,90,1729,4.2,3611,110,15.2,52,1307,75.6,17.3,1004.9,1014.0,0010,1009.3,1626,1011.2,14.6,4.0,1200,3.21,17.7,,,,,,9.4,5.9,23.2,16.7,,,,,,,,,,3.6,5.2,,,
143,대구,2022-06-14,16.9,15.9,2351,19.2,0001,0.5,151,1.7,135,7.17,3.1,8.3,70,0906,5.0,110,0914,2.7,2304,110,15.6,77,0001,92.4,17.7,1003.4,1011.2,1010,1008.5,2351,1009.8,14.6,0.0,1100,1.05,6.93,,,,,,9.6,7.3,18.5,15.8,,,,,,,,,,1.2,1.7,,{비}0135-{비}{강도0}0300-0305. {박무}0140-0220. {비}0810-{비}{강도0}0900-1110. {비}1440-{비}{강도0}1500-1720. {박무}1630-1720.,
143,대구,2022-06-15,19.7,15.5,0359,25.3,1629,1.8,1920,2.1,1829,3.75,3.7,7.2,320,1821,4.6,320,1825,1.0,888,110,17.5,62,1631,88.6,20.0,1000.9,1008.6,0001,1005.0,1756,1007.2,14.6,2.2,1000,2.47,14.37,,,,,,8.5,7.0,22.2,15.5,,,,,,,,,,2.5,3.6,,{비}0010-0030. {비}0230-{비}{강도0}0300-0510. {박무}0230-{박무}{강도0}0300-0540. {소나기}1820-1850. {소나기}1920-1935. {박무}2040-{박무}{강도0}2100-{박무}{강도0}2400-,
143,대구,2022-06-16,23.2,16.8,0523,28.9,1458,,,,,,,6.9,290,1409,4.5,340,1529,1.8,1581,340,16.5,42,1649,69.6,18.8,1001.3,1008.8,2306,1005.9,1732,1007.5,14.6,11.7,1100,3.53,28.2,,,,,,4.1,3.3,29.3,16.3,,,,,,,,,,5.3,7.6,,-{안개}-{시정(미만)}{1km}{안개}0205-{시정(미만)}{0.5km}{안개}0210-{안개}{강도1}0300-{시정(이상)}{0.5km}{안개}0325-{시정(미만)}{0.5km}{안개}0410-{시정(이상)}{0.5km}{안개}0535-{안개}{강도0}0600-{시정(이상)}{1km}{박무}0620-0820.,4.25
143,대구,2022-06-17,25.9,17.4,0455,34.2,1540,,,,,,,6.2,200,1812,3.4,270,1418,1.5,1291,200,17.9,40,1329,63.9,20.6,1001.6,1009.7,0653,1005.0,1712,1007.7,14.6,11.9,1200,3.4,27.8,,,,,,3.6,2.4,33.6,15.2,,,,,,,,,,5.7,8.2,,,
143,대구,2022-06-18,27.9,22.2,0528,34.3,1452,,,,,,,6.5,290,1341,4.3,290,1344,2.1,1844,320,20.3,34,1358,65.3,23.9,1000.5,1008.2,0001,1004.1,1653,1006.6,14.6,9.8,1200,3.37,25.89,,,,,,5.0,3.6,36.6,20.0,,,,,,,,,,5.6,8.0,,,
143,대구,2022-06-19,28.9,23.8,0630,34.5,1621,,,,,,,5.9,290,2209,4.6,270,2211,2.2,1943,290,20.7,42,1442,63.1,24.5,1000.5,1009.1,0702,1003.7,1726,1006.6,14.6,9.9,1200,3.21,25.9,,,,,,3.9,2.6,37.4,23.0,,,,,,,,,,5.8,8.3,,,
143,대구,2022-06-20,28.6,23.6,2333,35.6,1456,1.1,2057,1.7,2012,2.67,2.2,6.4,360,2031,4.5,340,2039,1.9,1638,270,21.7,42,1451,69.8,26.0,997.9,1006.3,0031,1000.9,1732,1004.0,14.6,10.5,1300,3.31,24.93,,,,,,3.9,3.4,38.4,23.1,,,,,,,,,,4.8,6.9,,{소나기}1925-{소나기}{강도0}2100-2145. {박무}2025-2050. {소나기}2225-2245.,
143,대구,2022-06-21,27.8,22.2,0557,34.1,1512,,,,,,,7.3,90,1802,5.3,90,1818,2.3,1989,110,21.8,43,1512,72.6,26.2,997.5,1005.9,2249,1001.5,1511,1003.6,14.6,10.9,1300,3.44,27.25,,,,,,3.5,3.5,33.9,21.5,,,,,,,,,,6.1,8.7,,{박무}0040-0050. {박무}0105-0140. {박무}0330-0405. {박무}0430-0520.,
143,대구,2022-06-22,29.9,23.6,0509,37.1,1528,,,,,,,6.3,270,1551,4.2,270,1433,1.6,1425,270,22.0,38,1424,65.0,26.4,1000.3,1008.1,0721,1004.3,1629,1006.4,14.6,10.2,1200,3.34,25.27,,,,,,2.9,1.8,35.8,21.6,,,,,,,,,,5.4,7.8,,,
143,대구,2022-06-23,27.9,23.4,0508,31.6,1500,0.2,,0.2,,0.83,0.2,7.9,270,2122,4.1,230,1445,2.0,1722,200,22.4,60,1520,72.8,27.2,996.7,1007.3,0050,998.5,2354,1002.8,14.6,1.6,1300,1.6,10.84,,,,,,8.1,6.9,32.6,22.2,,,,,,,,,,2.6,3.7,,{비}1220-1250. {비}2310-2330.,
143,대구,2022-06-24,28.1,23.1,0328,32.9,1547,4.3,255,16.2,217,5.42,32.4,9.2,250,1127,5.6,250,2023,3.1,2650,270,21.5,44,1614,70.0,25.8,992.4,1001.7,2311,995.4,0409,998.4,14.6,7.9,1000,2.89,22.0,,,,,,5.8,4.3,27.9,23.1,,,,,,,,,,5.7,8.1,,{비}0010-{비}{강도1}0300-0430. {박무}0020-{박무}{강도1}0300-0410. {비}0505-{비}{강도1}0600-0610.,
143,대구,2022-06-25,28.2,22.8,0523,34.4,1438,,,,,,,7.0,160,1644,5.0,270,1432,2.4,2064,270,21.1,45,1408,67.0,25.1,999.6,1008.7,2354,1001.7,0001,1005.7,14.6,12.0,1300,3.12,25.75,,,,,,4.1,2.4,29.1,20.3,,,,,,,,,,5.0,7.2,,,
143,대구,2022-06-26,28.4,24.4,0509,32.8,1503,,,,,,,6.6,230,1602,3.7,180,1440,1.7,1445,160,22.7,58,1821,72.1,27.5,1004.3,1013.4,2313,1007.7,0342,1010.4,14.6,4.0,1400,2.17,14.82,,,,,,7.1,5.8,29.5,22.5,,,,,,,,,,3.2,4.5,,,
143,대구,2022-06-27,27.3,25.4,2350,30.1,1057,2.9,1234,4.1,1144,6.75,5.4,6.1,140,2358,3.8,110,1629,1.8,1519,70,24.6,71,1102,86.3,31.0,1003.9,1012.4,0001,1008.6,1734,1010.0,14.6,0.0,1000,1.03,6.72,,,,,,9.6,8.3,27.5,24.1,,,,,,,,,,1.9,2.7,,{비}0555-{비}{강도0}0600-0615. {비}0745-0805. {비}1128-{비}{강도0}1200-{소나기}1230-{비}1310-{비}{강도0}1500-1550. {비}1648-1701. {비}2140-2155. {비}2245-{비}{강도0}2400-,
143,대구,2022-06-28,28.9,24.8,0009,32.3,1233,0.4,140,0.5,56,2.02,0.7,8.4,110,1424,5.0,230,1317,2.6,2284,200,23.0,59,1308,71.3,28.2,1000.6,1008.9,0008,1005.2,1552,1006.6,14.6,4.2,1200,3.13,18.53,,,,,,7.9,6.8,28.8,23.6,,,,,,,,,,4.3,6.1,,-{비}-0125. {비}0140-0210. {비}1140-1146.,
143,대구,2022-06-29,29.5,27.7,1830,33.7,1403,0.0,,0.0,,0.17,0.0,8.7,270,0858,5.1,250,1434,2.4,2068,200,23.0,54,1406,68.5,28.0,1001.0,1009.9,2317,1005.2,0359,1007.0,14.6,3.0,1300,2.54,15.1,,,,,,8.1,7.1,30.6,26.8,,,,,,,,,,3.7,5.3,,{비}0210-0220.,
143,대구,2022-06-30,29.8,26.5,2352,34.8,1411,,,,,,,7.0,290,0942,4.4,270,0907,1.9,1662,230,23.0,50,1600,68.0,28.0,1005.4,1014.5,2324,1009.7,0354,1011.5,14.6,7.3,1400,3.28,19.7,,,,,,5.4,4.1,35.3,23.9,,,,,,,,,,4.5,6.4,,,
143,대구,2022-07-01,29.8,24.0,0421,36.2,1555,,,,,,,6.4,270,1543,5.0,270,1504,1.4,1237,110,22.9,44,1441,68.6,27.9,1008.4,1016.2,0755,1012.6,1653,1014.5,14.6,11.0,1000,2.99,24.03,,,,,,2.5,1.8,35.8,21.2,,,,,,,,,,5.0,7.2,,,
143,대구,2022-07-02,29.9,22.5,0502,36.8,1356,,,,,,,5.4,110,1111,3.8,110,1118,2.0,1686,110,21.5,36,1356,63.9,25.7,1006.6,1015.4,0553,1010.1,1757,1012.7,14.6,11.8,1100,3.43,27.55,,,,,,3.4,0.6,36.9,20.0,,,,,,,,,,6.2,8.9,,,
143,대구,2022-07-03,29.3,25.3,0541,35.1,1253,0.8,1701,1.0,1647,0.65,1.0,6.6,200,1657,3.5,110,1205,1.6,1410,140,22.9,47,1318,69.6,27.9,1002.8,1011.6,0005,1006.6,1616,1008.9,14.6,7.1,1200,3.44,20.25,,,,,,7.0,4.6,34.0,23.9,,,,,,,,,,4.3,6.2,,{비}0201-0207. {소나기}1647-1720.,
143,대구,2022-07-04,28.8,25.8,0538,32.8,1121,0.0,,0.0,,1.22,0.0,5.6,180,1344,4.1,160,1345,1.4,1240,110,23.1,56,1055,72.5,28.3,999.7,1008.0,0001,1003.8,1741,1005.8,14.5,5.9,1000,2.2,15.11,,,,,,6.6,3.3,31.5,24.7,,,,,,,,,,3.1,4.4,,{소나기}1347-1440. {소나기}1855-1915.,
143,대구,2022-07-05,28.8,24.6,0506,33.0,1403,0.0,,0.0,,1.42,0.0,5.7,110,1852,3.7,110,1901,1.8,1513,110,23.0,55,1403,72.1,28.1,999.4,1008.0,2245,1004.0,1400,1005.5,14.5,4.5,0900,2.54,15.57,,,,,,7.9,2.6,33.7,23.3,,,,,,,,,,3.3,4.7,,{소나기}1545-1550. {소나기}2130-2250.,
143,대구,2022-07-06,28.5,25.3,0516,33.8,1638,1.0,1953,2.5,1942,2.33,2.9,6.7,90,1842,4.7,90,1753,2.3,2018,110,24.7,58,1619,81.4,31.1,1002.5,1010.1,2227,1006.8,1656,1008.6,14.5,3.7,1300,2.38,18.73,,,,,,7.5,4.6,35.4,25.2,,,,,,,,,,3.9,5.5,,{소나기}1855-{소나기}{강도0}2100-2115. {박무}1950-{박무}{강도0}2100-{박무}{강도0}2400-,
143,대구,2022-07-07,29.7,25.1,0524,35.3,1342,,,,,,,7.0,200,1507,4.2,200,1405,2.2,1866,110,24.1,49,1546,74.3,30.1,1001.7,1010.2,0601,1005.9,1722,1007.7,14.5,5.6,1400,2.83,19.96,,,,,,7.6,4.3,34.4,24.1,,,,,,,,,,4.1,5.9,,-{박무}-{박무}{강도0}0300-0450. {박무}0510-{박무}{강도0}0600-0725.,
143,대구,2022-07-08,28.5,26.0,2358,33.6,1139,9.6,1622,10.4,1606,1.85,17.2,8.5,320,1626,5.1,270,1629,1.3,1150,50,25.4,60,1141,84.6,32.5,996.5,1005.9,0001,1000.5,1554,1002.6,14.5,2.0,1100,2.25,11.75,,,,,,7.9,6.5,29.9,24.0,,,,,,,,,,2.8,4.1,,{비}0256-{비}{강도0}0300-0306. {비}0510-0522. {비}0905-0925. {비}1330-1355. {비}1606-1650. {박무}2030-{박무}{강도0}2100-2140.,
143,대구,2022-07-09,28.7,24.3,0235,33.8,1608,,,,,,,6.0,340,1640,4.0,110,2042,2.3,2009,290,22.7,56,1609,71.3,27.6,996.0,1004.8,2324,1000.6,1542,1002.0,14.5,9.3,1200,3.1,23.33,,,,,,5.0,4.5,29.5,22.3,,,,,,,,,,4.9,7.0,,,
143,대구,2022-07-10,28.1,24.1,0543,33.4,1353,,,,,,,8.9,90,1813,6.1,90,1653,2.7,2356,110,23.3,57,1231,76.5,28.6,999.5,1006.7,2202,1004.1,1741,1005.5,14.5,10.3,1300,2.91,24.32,,,,,,6.4,3.6,34.3,23.1,,,,,,,,,,4.6,6.6,,,
143,대구,2022-07-11,26.4,23.9,0805,29.7,1618,1.0,744,3.7,727,7.48,9.5,5.3,110,2357,4.1,110,2400,1.4,1196,140,23.8,70,1518,86.6,29.4,1000.2,1008.4,2337,1005.0,1538,1006.3,14.4,1.0,1400,2.35,9.31,,,,,,8.9,6.3,29.2,23.9,,,,,,,,,,2.1,3.1,,{비}0333-0445. {박무}0420-{박무}{강도0}0600-{박무}{강도0}0900-1140. {비}0611-{비}{강도0}0900-1158. {비}1250-1305. {비}1735-1750.,
143,대구,2022-07-12,25.6,23.6,2349,29.4,1242,,,,,,,8.0,110,1436,5.8,110,1433,3.8,3304,110,20.8,61,1228,75.3,24.5,1002.9,1010.5,2217,1007.8,0154,1009.0,14.4,2.2,1100,2.71,16.7,,,,,,8.6,7.8,27.1,23.6,,,,,,,,,,3.7,5.4,,,
143,대구,2022-07-13,24.4,22.5,0509,27.7,1343,6.0,2111,12.8,2028,6.42,15.2,6.4,110,1337,4.3,110,1340,2.2,1889,140,21.6,70,1420,85.6,25.9,999.9,1009.6,0001,1002.0,2353,1006.0,14.4,0.0,1200,1.59,8.46,,,,,,10.0,6.9,26.3,22.3,,,,,,,,,,1.8,2.6,,{비}1530-{비}{강도0}1800-1915. {비}1935-{비}{강도1}2100-2215. {박무}2005-{박무}{강도0}2100-2210.,
143,대구,2022-07-14,28.2,23.1,0201,33.6,1657,,,,,,,7.4,340,1540,5.4,340,1543,1.7,1470,320,23.5,51,1624,77.5,29.0,993.6,1002.0,0001,998.6,1308,999.6,14.4,7.0,1400,2.88,20.9,,,,,,7.3,3.1,29.4,23.0,,,,,,,,,,4.7,6.6,,{박무}0405-0430. {박무}0505-0550.,
143,대구,2022-07-15,28.3,23.3,0541,33.2,1551,,,,,,,6.6,320,1142,4.1,290,1240,1.9,1681,320,20.3,39,1723,64.5,23.9,993.3,1001.2,0720,997.0,1738,999.3,14.4,13.4,1100,3.23,26.72,,,,,,3.5,0.4,30.0,20.6,,,,,,,,,,5.8,8.3,,,
143,대구,2022-07-16,26.8,21.4,0521,34.0,1427,,,,,,,6.5,140,2032,5.0,140,2039,1.9,1660,110,20.4,39,1424,71.0,24.1,992.6,1000.9,2201,996.7,1458,998.6,14.4,8.5,1100,3.33,21.88,,,,,,4.6,2.6,31.8,18.8,,,,,,,,,,4.7,6.7,,,
143,대구,2022-07-17,27.3,21.5,0505,33.0,1405,,,,,,,6.9,290,1326,4.6,340,1205,1.9,1631,320,20.5,47,1405,68.6,24.2,994.7,1002.7,2227,999.4,1809,1000.8,14.3,7.5,1200,3.42,21.34,,,,,,7.3,2.3,31.7,20.0,,,,,,,,,,4.1,5.9,,,
143,대구,2022-07-18,22.9,21.6,1020,27.2,0017,2.6,1302,8.0,1009,13.03,34.0,7.8,110,1350,5.3,110,1359,1.5,1311,140,22.1,69,0043,95.6,26.6,994.6,1003.3,0810,998.7,1657,1000.8,14.3,0.0,1400,0.63,4.8,,,,,,10.0,7.0,25.0,21.6,,,,,,,,,,1.0,1.4,,{비}0250-{비}{강도0}0300-0310. {비}0430-{비}{강도0}0600-{비}{강도0}0900-{비}{강도1}1200-{비}{강도0}1500-1630. {박무}0540-{박무}{강도0}0600-0840. {박무}0920-{박무}{강도1}1200-1410. {비}2103-2145.,
143,대구,2022-07-19,27.6,22.6,0036,34.1,1554,0.1,,0.2,,0.75,0.2,5.3,290,1617,3.6,270,1619,1.5,1281,320,22.2,48,1617,74.4,26.8,996.1,1005.8,2356,999.3,0356,1002.1,14.3,6.2,1300,2.97,20.49,,,,,,7.5,5.3,29.4,22.6,,,,,,,,,,4.6,6.6,,{박무}0340-{박무}{강도0}0600-0705. {비}0345-0430.,
143,대구,2022-07-20,29.4,25.4,0542,34.1,1415,,,,,,,5.7,290,0907,3.9,340,1520,2.2,1866,290,21.1,39,1527,62.5,25.0,999.9,1007.7,0745,1004.6,1652,1005.9,14.3,11.4,1200,3.11,25.93,,,,,,7.4,0.8,30.8,24.1,,,,,,,,,,5.0,7.1,,,
143,대구,2022-07-21,26.0,21.8,0405,32.3,1444,0.9,644,2.5,259,6.33,5.0,9.2,290,1635,6.2,290,1605,2.8,2437,110,22.2,60,1501,80.9,26.8,995.7,1005.2,0001,998.0,1442,1001.8,14.3,3.1,1000,2.39,15.48,,,,,,8.4,7.4,27.9,21.3,,,,,,,,,,,,,{비}0020-0040. {비}0110-{비}{강도0}0300-{비}{강도0}0600-0705. {박무}0650-0710. {소나기}1605-1610.,
143,대구,2022-07-22,25.8,22.6,2246,29.7,1524,,,,,,,7.3,110,2042,5.1,110,2043,2.9,2491,290,20.1,54,1502,71.6,23.6,999.5,1007.6,2223,1003.9,0102,1005.6,14.2,2.1,1200,2.4,13.94,,,,,,6.9,6.9,26.9,21.6,,,,,,,,,,3.1,4.4,,,
143,대구,2022-07-23,24.9,22.1,0513,28.6,1421,0.0,,0.0,,3.08,0.0,4.4,140,0034,3.4,110,1000,2.1,1818,110,21.4,65,1452,82.0,25.6,1000.2,1008.0,0820,1004.0,2359,1006.3,14.2,0.0,1100,1.6,10.79,,,,,,9.5,7.3,27.3,21.2,,,,,,,,,,2.4,3.4,,{비}1630-1645. {비}1715-1730. {비}1830-{비}{강도0}2100-2105.,
143,대구,2022-07-24,27.4,22.3,0513,32.0,1737,0.4,321,0.9,307,2.33,1.1,7.0,140,0900,5.4,110,0943,2.2,1892,110,22.9,60,1618,77.6,27.9,996.9,1005.6,2358,1001.4,1430,1002.9,14.2,3.3,0900,2.3,15.89,,,,,,7.3,6.6,29.9,22.3,,,,,,,,,,3.3,4.8,,{비}0230-{비}{강도0}0300-0440. {박무}0310-{박무}{강도0}0600-0640. {비}0510-0520.,
143,대구,2022-07-25,28.8,24.9,2359,35.5,1601,,,,,,,6.5,110,1755,4.9,110,1800,2.1,1776,140,23.0,42,1612,72.6,28.1,1002.1,1010.4,2311,1005.6,0001,1008.2,14.2,9.0,1100,3.34,25.09,,,,,,5.9,5.9,34.7,24.3,,,,,,,,,,4.8,6.9,,,
143,대구,2022-07-26,26.9,23.1,0451,34.0,1421,,,,,,,7.5,140,1614,5.4,90,1743,2.9,2468,110,22.6,39,1334,79.4,27.4,1004.2,1011.8,2337,1008.4,1615,1010.4,14.1,9.5,1200,3.47,26.28,,,,,,3.5,3.5,34.1,21.6,,,,,,,,,,5.6,8.1,,{박무}0150-{박무}{강도0}0300-{박무}{강도0}0600-0830.,
143,대구,2022-07-27,25.6,22.0,0539,29.9,1326,,,,,,,8.7,70,1828,6.2,90,1718,3.3,2864,110,21.6,65,1316,79.5,25.8,1005.2,1012.6,2310,1010.2,1739,1011.3,14.1,10.5,1300,3.18,23.79,,,,,,4.8,3.1,33.4,19.6,,,,,,,,,,4.5,6.4,,,
143,대구,2022-07-28,26.2,24.2,0255,29.6,1454,0.0,,0.0,,0.5,0.0,6.2,110,1137,4.4,110,1144,2.9,2499,140,23.4,72,1456,85.5,28.8,1006.3,1013.9,2320,1011.6,0209,1012.5,14.1,2.0,1200,2.53,13.28,,,,,,7.5,6.8,31.2,23.1,,,,,,,,,,2.8,4.1,,{소나기}1825-1855. {박무}1830-1840. {박무}2120-{박무}{강도0}2400-,
143,대구,2022-07-29,28.7,24.5,0503,33.9,1438,,,,,,,8.3,110,1723,5.6,90,1807,3.3,2837,110,24.1,53,1508,77.8,30.0,1006.9,1014.7,0850,1011.0,1550,1013.1,14.1,10.6,1300,3.29,25.57,,,,,,3.4,2.9,34.4,23.4,,,,,,,,,,5.5,7.9,,-{박무}-{박무}{강도0}0300-{박무}{강도0}0600-{박무}{강도0}0900-1030.,
143,대구,2022-07-30,27.8,25.9,0451,30.3,1410,0.0,,0.0,,0.33,0.0,8.2,110,0944,6.2,90,1817,4.0,3446,110,24.8,73,1600,83.9,31.3,1004.3,1013.1,0001,1009.1,1800,1010.5,14.0,1.8,0900,2.52,14.02,,,,,,7.8,6.0,32.7,25.5,,,,,,,,,,2.8,4.1,,{소나기}1150-{소나기}{강도0}1200-1210.,
143,대구,2022-07-31,27.1,25.3,0348,29.5,1048,0.8,302,1.4,229,5.98,2.7,6.2,110,1127,4.4,110,1130,2.5,2125,140,25.6,78,1654,92.0,32.9,1001.7,1009.1,0001,1006.9,1810,1007.8,14.0,0.2,1000,1.68,8.34,,,,,,9.9,5.8,29.4,25.1,,,,,,,,,,1.8,2.5,,{비}0258-{비}{강도0}0300-0330. {박무}0305-0320. {비}0515-0550. {비}1105-{비}{강도0}1200-1310. {비}1350-1410. {비}1505-1515. {비}1930-2005. {비}2218-{비}{강도0}2400-,
143,대구,2022-08-01,29.4,26.8,0059,31.2,1403,0.0,,0.0,,3.08,0.0,7.3,110,1757,4.7,160,1514,2.2,1899,140,24.8,67,1357,76.6,31.3,1001.6,1008.9,2336,1006.1,1748,1007.7,14.0,0.1,1000,1.53,7.16,,,,,,9.0,6.8,29.8,25.9,,,,,,,,,,1.8,2.5,,-{비}-0110. {비}1415-1430. {비}1505-1530. {비}1550-1610. {비}1645-1730. {비}2340-2350.,
143,대구,2022-08-02,27.9,25.7,0452,32.6,1652,0.5,404,1.5,912,5.9,4.7,3.8,180,1654,2.7,140,0002,1.0,888,110,26.3,70,1652,91.8,34.1,1004.4,1011.6,2227,1008.5,0034,1010.5,13.9,1.5,1500,2.24,9.08,,,,,,8.5,6.4,29.6,25.5,,,,,,,,,,2.1,3.0,,{비}0056-0132. {비}0341-0417. {비}0818-{비}{강도0}0900-1030. {비}1045-{비}{강도0}1200-1250. {비}1325-1340. {비}1410-1420.,
143,대구,2022-08-03,30.6,26.3,0557,37.1,1500,0.5,1853,0.5,1845,0.75,0.5,8.8,290,1851,6.2,270,1855,2.1,1776,340,26.0,50,1501,78.8,33.5,1004.3,1012.3,0802,1008.1,1751,1010.4,13.9,8.7,1200,3.35,22.24,,,,,,6.0,6.0,35.0,25.4,,,,,,,,,,4.8,6.8,,{소나기}1845-1930.,
143,대구,2022-08-04,30.7,27.4,0426,35.3,1612,0.0,,0.0,,0.13,0.0,6.1,250,1147,4.3,270,1150,2.4,2056,290,25.6,56,1613,75.9,32.8,1003.2,1011.3,0759,1007.1,1757,1009.3,13.9,7.1,1300,3.19,19.73,,,,,,5.9,4.6,35.5,26.6,,,,,,,,,,4.3,6.1,,{비}0950-0958.,
143,대구,2022-08-05,30.8,26.5,0548,35.2,1732,,,,,,,6.8,290,1229,4.1,270,1229,1.9,1642,270,25.5,58,1500,75.0,32.7,1000.4,1008.6,0553,1003.5,1743,1006.5,13.9,7.6,1300,3.08,19.34,,,,,,6.0,4.6,37.6,25.3,,,,,,,,,,4.0,5.7,,,
143,대구,2022-08-06,31.6,26.6,0535,36.8,1555,,,,,,,6.5,290,1245,4.1,290,1252,1.7,1449,320,25.6,52,1556,72.0,32.7,999.8,1007.2,0718,1004.3,1507,1005.9,13.8,9.4,1200,3.23,20.96,,,,,,3.1,2.1,38.7,25.2,,,,,,,,,,4.3,6.2,,,
143,대구,2022-08-07,31.5,27.7,0547,37.8,1341,,,,,,,7.7,290,1454,5.0,270,1500,1.8,1597,340,25.4,48,1332,71.9,32.5,1001.1,1008.3,0627,1005.3,1413,1007.1,13.8,6.1,1300,2.93,18.29,,,,,,5.8,3.4,37.1,26.1,,,,,,,,,,4.2,5.9,,,
143,대구,2022-08-08,30.5,27.1,0545,34.6,1307,,,,,,,8.2,250,1529,5.3,250,1452,2.1,1785,270,24.1,52,1416,69.8,30.0,1002.0,1009.1,0650,1006.9,1545,1008.0,13.8,1.5,1300,2.29,14.92,,,,,,8.6,1.8,35.5,25.0,,,,,,,,,,3.6,5.1,,,
143,대구,2022-08-09,29.8,27.1,0512,32.9,1437,0.0,,0.0,,0.42,0.0,6.5,230,1339,3.8,250,1328,1.7,1511,200,23.5,57,1254,69.8,29.0,1001.8,1009.3,1038,1005.9,1752,1007.8,13.7,0.0,1100,1.37,9.74,,,,,,9.0,2.1,32.8,25.5,,,,,,,,,,2.7,3.8,,{비}0955-1020.,
143,대구,2022-08-10,28.2,26.5,2342,31.0,1258,0.1,,0.2,,7.38,0.3,6.3,270,1134,4.3,270,1143,1.2,1076,50,24.4,64,1300,80.1,30.5,1001.0,1008.1,2122,1006.3,0245,1007.1,13.7,0.0,1200,1.02,5.87,,,,,,9.8,2.6,29.7,25.3,,,,,,,,,,1.4,2.1,,{비}0657-0810. {비}0910-0950. {비}1050-1155. {비}1255-{비}{강도0}1500-1610. {비}2230-2340.,
143,대구,2022-08-11,26.5,25.2,0423,29.5,0956,0.6,1618,1.5,1054,7.83,4.1,4.9,270,1431,3.2,270,1435,0.9,806,20,24.8,72,0948,90.9,31.4,999.7,1007.2,0001,1005.0,1902,1005.8,13.7,0.0,1400,1.05,5.91,,,,,,9.5,4.6,29.1,24.2,,,,,,,,,,1.2,1.8,,{비}0015-0045. {비}0955-{비}{강도0}1200-{비}{강도0}1500-1715.,
143,대구,2022-08-12,29.7,25.3,0142,35.6,1500,1.1,450,3.1,416,2.92,3.2,5.3,340,1314,3.6,340,1432,1.6,1350,320,24.7,46,1555,77.1,31.1,999.7,1007.2,2342,1003.9,1630,1005.7,13.6,9.3,1300,3.19,22.96,,,,,,5.4,3.6,32.5,24.6,,,,,,,,,,4.7,6.7,,{비}0240-{비}{강도0}0300-0535. {박무}0410-{박무}{강도0}0600-0810.,
143,대구,2022-08-13,26.4,24.6,0502,34.0,1255,3.8,1439,5.4,1425,2.58,6.6,12.8,250,1437,7.4,270,1441,1.5,1290,140,24.9,61,1256,92.4,31.5,1000.6,1007.5,2129,1004.5,1413,1006.8,13.6,3.0,1200,2.91,13.96,,,,,,7.6,2.3,29.1,23.6,,,,,,,,,,2.6,3.7,,{박무}0550-{박무}{강도0}0600-0610. {박무}0705-0710. {소나기}1425-{소나기}{강도1}1500-1515. {박무}1440-1450. {비}1735-{비}{강도0}1800-1905. {박무}1805-1810. {비}2015-2030.,
143,대구,2022-08-14,29.8,25.1,0017,34.8,1318,0.0,,0.0,,0.33,0.0,7.1,290,1200,4.7,290,1056,1.6,1380,270,25.6,59,1553,80.1,32.9,1000.4,1007.2,0945,1005.5,1507,1006.5,13.6,4.1,1000,2.03,15.15,,,,,,7.1,4.5,31.4,24.7,,,,,,,,,,3.5,4.9,,{비}0220-0240.,
143,대구,2022-08-15,30.9,27.1,0337,35.4,1437,0.0,,0.0,,1.08,0.0,7.8,250,1137,4.5,230,1559,1.9,1619,200,24.5,55,1434,69.6,30.7,997.3,1006.8,0001,1000.8,1911,1003.3,13.5,4.0,1400,1.93,14.95,,,,,,8.0,3.6,33.3,25.3,,,,,,,,,,3.3,4.7,,{비}2005-2025. {비}2045-{비}{강도0}2100-2120. {비}2145-2155.,
143,대구,2022-08-16,25.7,22.9,0754,30.1,0001,7.7,733,19.8,702,12.4,39.8,7.7,340,0610,4.1,320,0616,1.1,985,110,24.7,68,0039,94.9,31.1,998.6,1007.0,2352,1001.1,0145,1004.8,13.5,0.0,1400,0.56,4.28,,,,,,9.6,5.8,28.1,22.9,,,,,,,,,,1.0,1.5,,{비}0245-0255. {비}0315-{비}{강도0}0600-{비}{강도0}0900-1045. {박무}0605-0620. {박무}0640-0650. {박무}0710-0855. {비}1230-1255. {비}1330-1445. {비}1515-1730. {박무}1550-1630. {비}1840-1905. {박무}1920-2010. {비}2144-2205. {박무}2210-{박무}{강도0}2400- {비}2330-2333.,
143,대구,2022-08-17,25.7,22.7,2200,29.7,1443,13.1,1949,19.7,1919,4.8,22.8,6.0,140,1515,4.5,140,1510,2.2,1930,140,23.6,68,1432,89.4,29.2,1000.4,1008.1,2302,1004.6,1749,1006.5,13.5,4.6,1400,2.57,16.21,,,,,,7.4,4.9,29.8,22.4,,,,,,,,,,3.0,4.3,,{비}0005-0203. -{박무}-{박무}{강도0}0300-0540. {박무}0710-0810. {비}1850-{비}{강도1}2100-2140. {박무}1940-{박무}{강도0}2100-2130.,
143,대구,2022-08-18,26.8,22.3,0258,32.3,1509,,,,,,,4.6,320,1448,2.9,320,1451,1.2,1057,290,22.0,48,1508,77.3,26.5,1001.6,1009.2,0805,1006.7,1533,1007.7,13.4,9.3,1200,3.17,23.76,,,,,,6.3,5.1,30.6,20.9,,,,,,,,,,4.3,6.1,,{박무}0250-{박무}{강도0}0300-0420. {박무}0650-0710.,
143,대구,2022-08-19,28.2,22.6,0539,33.7,1518,,,,,,,6.8,250,1546,4.2,270,1559,1.5,1309,270,24.2,59,1205,80.5,30.3,998.0,1007.7,0001,1001.7,1912,1004.1,13.4,5.3,1100,2.84,18.33,,,,,,7.5,2.9,29.7,20.9,,,,,,,,,,3.3,4.8,,{박무}0830-{박무}{강도0}0900-0930.,
143,대구,2022-08-20,26.4,23.9,2358,28.6,0008,1.8,914,3.8,829,5.08,10.3,6.8,110,2041,4.5,110,2011,1.6,1400,110,25.5,81,0308,95.1,32.8,996.8,1005.0,2132,1001.0,0239,1002.9,13.4,0.0,1400,0.83,5.84,,,,,,8.0,5.8,28.4,23.1,,,,,,,,,,1.5,2.1,,{비}0740-{비}{강도0}0900-0940. {박무}0750-0820. {박무}0905-0940. {비}0950-1010. {박무}0955-1005. {비}1110-{비}{강도0}1200-1325. {박무}1150-{박무}{강도0}1200-1320. {비}1345-1415. {박무}1350-1410. {박무}1850-1920.,
143,대구,2022-08-21,26.0,22.5,0535,31.1,1510,,,,,,,6.8,110,0957,4.7,110,0925,3.2,2722,110,20.8,47,1511,75.3,24.7,999.9,1007.5,1014,1004.3,0123,1006.0,13.4,12.2,1200,3.26,25.28,,,,,,3.1,1.6,29.0,21.3,,,,,,,,,,5.2,7.5,,,
143,대구,2022-08-22,26.8,18.9,0543,32.9,1444,,,,,,,5.0,340,1622,3.1,160,0034,1.4,1196,110,21.6,52,1254,75.6,26.0,998.8,1007.1,0001,1003.0,1640,1005.0,13.3,10.0,1200,3.26,23.05,,,,,,3.9,0.8,30.4,16.9,,,,,,,,,,4.1,5.8,,,
143,대구,2022-08-23,25.4,21.5,2335,28.8,1356,2.5,1528,5.0,1449,6.57,6.8,6.7,140,2258,4.7,110,2352,1.5,1306,340,23.4,74,1353,89.9,28.9,1000.1,1008.4,2318,1004.5,0203,1006.2,13.3,0.0,1300,0.99,5.49,,,,,,9.6,8.5,27.7,21.5,,,,,,,,,,1.0,1.5,,{비}0730-0750. {비}1304-1309. {비}1449-{비}{강도0}1500-{비}{강도0}1800-1910. {박무}1450-{박무}{강도0}1500-1650. {박무}1710-{박무}{강도0}1800-{박무}{강도0}2100-2140. {비}2210-2358. {박무}2210-2230. {박무}2305-2350.,
143,대구,2022-08-24,21.5,19.8,1119,22.6,1637,0.6,1014,2.1,947,8.33,4.6,7.4,140,0053,4.9,90,1402,2.7,2327,140,20.5,83,1513,94.4,24.1,1003.1,1011.4,1001,1008.2,0023,1009.3,13.2,0.0,1300,0.95,6.21,,,,,,9.4,6.9,24.2,19.8,,,,,,,,,,1.3,1.8,,{비}0125-{비}{강도0}0300-{비}{강도0}0600-0715. {박무}0130-0230. {박무}0320-{박무}{강도0}0600-0720. {비}0850-{비}{강도0}0900-1120.,
143,대구,2022-08-25,24.5,18.8,0545,30.8,1647,0.1,,0.1,,1.48,0.1,5.6,320,2345,4.1,290,2327,1.4,1176,290,20.1,54,1406,78.6,23.5,1001.3,1009.1,0001,1005.4,1519,1007.5,13.2,6.6,1200,2.97,20.02,,,,,,6.9,4.3,27.7,17.0,,,,,,,,,,4.2,6.0,,{비}2115-2145. {비}2301-{비}{강도0}2400-,
143,대구,2022-08-26,25.1,21.5,0627,30.2,1520,0.0,,0.0,,0.08,0.0,6.4,290,0527,4.9,290,0535,2.2,1865,290,17.6,48,1523,64.6,20.2,1001.1,1008.5,2339,1005.3,1655,1007.2,13.2,10.2,1200,3.23,22.17,,,,,,5.3,3.0,27.9,20.1,,,,,,,,,,3.8,5.5,,-{비}-0005.,
143,대구,2022-08-27,23.2,18.3,2358,28.2,1558,,,,,,,7.2,270,1429,4.7,320,1423,1.7,1493,320,16.0,27,1421,68.0,18.6,1003.5,1012.9,2350,1008.0,0251,1009.7,13.1,6.6,1300,2.87,17.27,,,,,,5.6,1.5,27.1,16.9,,,,,,,,,,4.1,5.8,,,
143,대구,2022-08-28,21.4,16.2,0336,27.5,1457,,,,,,,7.6,110,1148,5.2,110,1157,2.4,2099,110,15.5,46,1411,72.1,17.6,1009.4,1017.2,2117,1012.8,0001,1015.6,13.1,11.4,1200,3.28,25.11,,,,,,4.6,0.0,28.2,16.1,,,,,,,,,,5.0,7.2,,,
143,대구,2022-08-29,21.5,17.5,0424,24.9,1302,0.0,,0.0,,4.35,0.0,4.0,110,1923,2.8,110,1922,1.1,948,110,18.1,68,1122,81.4,20.7,1009.8,1016.8,0957,1015.1,1733,1016.1,13.1,0.5,1100,1.28,8.28,,,,,,9.4,4.1,25.2,17.0,,,,,,,,,,1.5,2.1,,{비}0932-0945. {비}1315-{비}{강도0}1500-1645. {비}1735-1755. {비}1850-1858. {비}2310-2320.,
143,대구,2022-08-30,20.9,19.4,0358,24.1,1126,4.0,1254,13.1,1230,7.58,26.2,6.2,90,1834,4.3,140,1839,1.5,1307,140,19.5,74,1118,92.3,22.7,1005.1,1016.0,0001,1008.1,2336,1011.4,13.0,0.0,1000,0.83,4.01,,,,,,9.6,5.9,23.5,19.4,,,,,,,,,,0.8,1.1,,{비}1225-{비}{강도1}1500-{비}{강도0}1800-1925. {박무}1230-1440. {비}2325-{비}{강도0}2400- {박무}2340-{박무}{강도0}2400-,
143,대구,2022-08-31,21.3,20.5,2359,22.7,1649,1.4,836,4.8,803,11.17,13.3,4.8,140,1406,3.0,110,1357,1.2,1018,110,20.5,84,1941,95.6,24.1,1002.2,1011.2,2338,1006.5,0433,1008.5,13.0,0.0,1300,0.79,4.21,,,,,,9.6,7.4,24.0,20.5,,,,,,,,,,1.1,1.6,,-{비}-0155. -{박무}-{박무}{강도0}0300-{박무}{강도0}0600-{박무}{강도0}0900-{박무}{강도0}1200-1330. {비}0320-0350. {비}0455-{비}{강도0}0600-0615. {비}0625-{비}{강도1}0900-{비}{강도0}1200-1340. {비}1720-1730.,
143,대구,2022-09-01,21.6,18.5,0611,25.2,1220,,,,,,,6.0,110,1416,4.3,140,1417,1.5,1303,110,19.5,72,1221,88.4,22.6,1007.7,1016.3,2340,1010.8,0116,1014.0,13.0,3.1,0800,1.68,9.7,,,,,,8.1,4.0,24.6,17.6,,,,,,,,,,1.5,2.1,,{무지개}1855-1905.,
143,대구,2022-09-02,21.5,18.8,0250,24.2,1350,0.3,814,0.3,724,1.33,0.3,7.6,90,1405,4.9,90,1523,1.9,1639,110,19.9,78,1452,91.1,23.2,1010.1,1017.5,2044,1015.1,1437,1016.4,12.9,0.0,1300,0.99,5.42,,,,,,9.6,5.5,22.8,17.3,,,,,,,,,,1.2,1.8,,{비}0720-0840. {박무}0750-0830.,
143,대구,2022-09-03,22.2,20.4,0646,24.3,1134,0.1,,0.1,,0.67,0.1,7.4,110,1138,5.0,110,1144,3.1,2655,140,20.7,81,1503,91.9,24.5,1009.0,1016.5,0101,1014.4,1638,1015.3,12.9,0.0,1100,1.06,7.53,,,,,,9.8,6.4,24.2,20.4,,,,,,,,,,1.5,2.1,,{비}0620-0640. {비}2340-{비}{강도0}2400- {박무}2340-{박무}{강도0}2400-,
143,대구,2022-09-04,25.4,20.9,0026,29.9,1604,0.3,57,0.3,3,0.83,0.4,7.1,90,0856,5.1,110,1116,2.7,2356,110,23.4,74,1434,89.5,28.9,1004.6,1015.0,0001,1008.3,1520,1010.8,12.9,4.4,1200,2.78,15.94,,,,,,8.9,6.5,28.0,20.9,,,,,,,,,,2.7,3.8,,-{비}-0010. -{박무}-0010. {비}0050-0130. {박무}0050-0110.,
143,대구,2022-09-05,24.9,22.0,2358,27.9,1257,3.4,2343,15.6,2258,11.83,31.7,11.1,90,2118,7.1,90,2122,2.6,2240,110,24.2,85,1240,96.0,30.2,998.4,1009.1,0001,996.7,2359,1004.5,12.8,0.0,1000,0.65,4.51,,,,,,9.6,4.3,26.5,22.0,,,,,,,,,,0.9,1.2,,{비}1155-{비}{강도0}1200-1235. {비}1250-{비}{강도0}1500-{비}{강도0}1800-{비}{강도0}2100-{비}{강도2}2400- {박무}2210-{박무}{강도0}2400-,
143,대구,2022-09-06,22.6,19.1,2347,26.4,1654,3.4,405,15.2,115,9.33,81.1,13.5,290,0716,9.4,270,0805,4.2,3620,290,18.8,59,1717,81.0,21.8,995.6,1013.5,2345,983.9,0602,1001.8,12.8,6.1,1300,2.39,14.61,,,,,,5.3,4.4,24.1,14.7,,,,,,,,,,3.2,4.6,,-{비}-{비}{강도2}0300-{비}{강도1}0600-{비}{강도0}0900-0920. -{박무}-{박무}{강도0}0300-{박무}{강도0}0600-0610. {박무}0750-0810.,
143,대구,2022-09-07,22.4,15.8,0544,29.1,1523,,,,,,,7.1,290,1410,4.5,320,1346,1.5,1295,320,15.5,35,1422,69.1,17.7,1010.5,1018.4,2119,1013.5,0001,1016.8,12.7,10.7,1200,3.23,23.2,,,,,,2.4,0.0,24.3,12.3,,,,,,,,,,4.8,6.8,,,
143,대구,2022-09-08,21.7,15.1,0556,28.5,1346,,,,,,,7.1,90,1725,5.0,140,1256,2.2,1870,110,16.0,42,1425,73.0,18.1,1011.9,1019.9,0830,1016.2,1509,1018.3,12.7,10.5,1200,3.06,22.34,,,,,,4.0,0.0,24.8,11.8,,,,,,,,,,4.3,6.1,,{달코로나}2350-,
143,대구,2022-09-09,21.5,17.0,0404,27.7,1419,,,,,,,8.6,110,1619,5.9,110,1817,2.6,2230,110,16.9,53,1444,76.6,19.3,1012.1,1019.7,2345,1016.6,1455,1018.3,12.7,9.5,1200,3.2,21.62,,,,,,5.4,1.1,25.0,14.6,,,,,,,,,,,,,-{달코로나}-0015.,
143,대구,2022-09-10,21.0,18.6,0300,24.2,1355,,,,,,,9.1,90,1432,6.4,110,1412,1.9,1646,110,17.5,66,1350,81.4,20.0,1011.9,1020.0,0819,1016.9,1439,1018.2,12.6,0.5,1300,1.55,10.02,,,,,,7.3,1.8,22.8,15.5,,,,,,,,,,2.2,3.2,,,
143,대구,2022-09-11,22.7,18.1,0555,27.6,1324,,,,,,,7.7,110,2039,5.2,110,2042,2.4,2081,110,19.0,64,1325,80.4,22.1,1009.3,1018.0,0017,1013.8,1617,1015.6,12.6,6.2,1300,2.46,17.24,,,,,,6.3,2.0,27.3,15.4,,,,,,,,,,3.1,4.4,,,
143,대구,2022-09-12,21.7,18.9,0554,24.7,1547,0.2,,0.2,,2.58,0.3,4.8,160,0112,3.5,140,2356,1.4,1183,140,20.1,79,1246,91.5,23.6,1008.7,1015.7,0652,1013.7,1603,1014.9,12.6,0.0,1400,1.09,7.57,,,,,,8.9,4.0,24.8,17.7,,,,,,,,,,1.3,1.9,,{비}0930-1015. {비}1040-1105. {비}1150-{비}{강도0}1200-1215. {비}1330-1430.,
143,대구,2022-09-13,23.7,21.1,2359,27.7,1328,0.0,,0.0,,0.75,0.0,9.9,90,1151,6.8,110,1214,3.2,2743,110,19.3,52,1634,77.9,22.5,1010.0,1018.1,2056,1014.6,0118,1016.3,12.5,4.7,1200,2.73,15.99,,,,,,8.8,3.5,27.2,18.8,,,,,,,,,,3.8,5.4,,{비}2315-{비}{강도0}2400-,
143,대구,2022-09-14,23.4,20.5,0214,27.2,1128,0.0,,0.0,,0.83,0.0,10.8,110,1453,7.5,110,1302,4.1,3526,110,18.9,58,1130,77.0,21.9,1010.7,1018.3,0844,1015.5,1704,1016.9,12.5,8.8,1100,2.98,18.69,,,,,,7.5,0.8,26.9,18.8,,,,,,,,,,4.0,5.7,,-{비}-0010. {비}0135-0215. {햇무리}1550-1630.,
143,대구,2022-09-15,23.5,21.3,0544,26.8,1347,,,,,,,10.3,110,1045,6.6,110,1053,4.6,3939,110,19.5,64,1140,78.8,22.7,1007.3,1016.5,0001,1011.6,1531,1013.5,12.4,8.9,1200,2.75,18.59,,,,,,6.3,4.1,28.6,20.2,,,,,,,,,,3.5,5.0,,,
143,대구,2022-09-16,24.7,21.8,0530,29.0,1555,,,,,,,6.3,140,2138,4.3,140,2141,2.9,2533,140,21.9,71,1534,84.9,26.3,1003.8,1012.2,0001,1008.4,1534,1010.0,12.4,3.0,1000,2.25,13.75,,,,,,6.5,6.5,29.7,21.8,,,,,,,,,,2.5,3.6,,{박무}2130-2210.,
143,대구,2022-09-17,26.2,22.7,0442,33.2,1309,0.2,,0.2,,2.5,0.3,5.7,110,1604,4.1,110,1617,1.5,1332,110,23.1,52,1307,84.9,28.2,1002.2,1010.7,0903,1006.0,1538,1008.3,12.4,4.8,1200,3.07,17.01,,,,,,7.4,5.8,30.7,20.9,,,,,,,,,,2.5,3.6,,{박무}0020-{박무}{강도0}0300-{박무}{강도0}0600-{박무}{강도0}0900-0930. {비}1735-{비}{강도0}1800-2005.,
143,대구,2022-09-18,26.6,23.0,0636,30.5,1237,0.0,,0.0,,0.77,0.0,9.4,90,1929,5.5,90,2207,2.2,1942,70,23.3,66,1308,83.1,28.6,995.7,1007.4,0017,995.6,2347,1001.7,12.3,1.3,1200,2.01,10.34,,,,,,9.5,8.1,29.3,22.3,,,,,,,,,,2.7,3.8,,{박무}0050-0220. {비}2218-2304.,
143,대구,2022-09-19,25.1,18.8,2359,29.8,1323,0.0,,0.0,,2.12,0.0,8.3,180,1348,5.6,200,1355,3.1,2698,160,19.7,55,1324,72.9,23.3,991.8,1007.5,2350,992.5,0317,997.9,12.3,5.4,1300,2.38,12.64,,,,,,6.8,5.0,29.6,14.7,,,,,,,,,,,,,{비}0345-0445. {비}0613-0620. {비}0720-0745. {비}0825-{비}{강도0}0900- {비}0950-1045.,
143,대구,2022-09-20,19.2,15.6,2348,22.9,1202,,,,,,,8.4,140,1529,6.0,110,1221,3.2,2789,110,13.0,49,1201,69.1,15.1,1007.5,1016.9,2325,1007.5,0001,1013.8,12.2,7.6,1200,2.74,17.08,,,,,,4.3,2.5,26.6,12.2,,,,,,,,,,3.2,4.6,,,
143,대구,2022-09-21,17.2,12.0,0558,22.8,1301,,,,,,,8.0,140,1333,5.6,110,1342,2.3,1993,110,12.2,44,1420,75.3,14.2,1012.1,1019.7,0843,1016.7,0026,1018.5,12.2,10.7,1200,3.08,22.62,,,,,,1.3,1.3,25.3,7.6,,,,,,,,,,4.0,5.7,,,
143,대구,2022-09-22,18.6,11.6,0607,25.1,1526,,,,,,,6.2,110,1410,4.1,110,1256,1.7,1429,110,14.5,52,1343,78.6,16.6,1009.6,1019.1,0012,1013.0,1552,1015.9,12.2,8.4,1200,3.01,19.16,,,,,,5.0,3.3,24.9,7.2,,,,,,,,,,,,,,
143,대구,2022-09-23,20.8,16.2,0504,27.8,1414,,,,,,,9.2,250,1625,6.4,250,1653,2.6,2221,250,14.5,42,1453,70.4,16.7,1006.4,1015.0,2333,1009.3,1547,1012.6,12.1,8.9,1200,2.93,18.79,,,,,,3.4,0.6,26.4,12.8,,,,,,,,,,4.4,6.4,,,
143,대구,2022-09-24,19.2,15.4,0454,24.7,1439,,,,,,,7.5,250,1221,5.6,250,1215,2.6,2206,250,10.6,38,1352,59.5,12.8,1010.3,1018.4,0847,1015.0,0001,1016.6,12.1,8.0,1200,3.09,20.15,,,,,,4.3,0.3,26.0,12.8,,,,,,,,,,3.7,5.3,,,
143,대구,2022-09-25,18.6,14.5,0442,22.9,1604,,,,,,,4.3,140,1508,3.1,110,1533,1.2,1057,140,14.4,58,1134,77.8,16.5,1010.5,1018.5,0907,1015.3,1717,1016.8,12.1,2.4,1500,1.47,11.15,,,,,,9.0,3.5,23.9,12.3,,,,,,,,,,1.9,2.6,,,
143,대구,2022-09-26,18.5,15.5,0434,21.9,1356,,,,,,,3.2,200,1238,2.3,200,1246,0.9,777,140,16.4,67,1428,88.0,18.6,1010.7,1018.5,0950,1015.9,1354,1017.0,12.0,0.0,1200,1.17,6.53,,,,,,9.5,2.8,22.3,12.8,,,,,,,,,,1.2,1.7,,,
143,대구,2022-09-27,20.3,16.6,0402,26.4,1453,,,,,,,6.8,110,1127,4.6,110,1242,2.1,1845,110,16.7,52,1513,81.8,19.0,1009.8,1017.8,0125,1014.0,1642,1016.1,12.0,9.0,1100,2.87,19.45,,,,,,3.8,1.8,26.7,14.5,,,,,,,,,,3.5,5.0,,,
143,대구,2022-09-28,19.4,14.8,0427,26.2,1409,,,,,,,3.9,200,1534,2.5,200,1534,0.9,819,110,15.7,54,1410,81.3,17.9,1008.0,1016.2,0001,1012.5,1506,1014.3,11.9,3.3,1000,1.88,12.21,,,,,,6.9,0.9,23.4,11.0,,,,,,,,,,2.1,3.0,,,
143,대구,2022-09-29,20.8,13.7,0633,29.3,1510,,,,,,,4.1,230,1139,2.6,250,1142,0.9,790,230,14.8,37,1625,72.8,16.8,1008.2,1016.2,2309,1012.6,1531,1014.5,11.9,11.1,1200,2.77,19.57,,,,,,0.0,0.0,26.5,9.0,,,,,,,,,,3.6,5.1,,{연무}1105-1110.,
143,대구,2022-09-30,21.6,14.1,0622,31.2,1533,,,,,,,3.2,180,1230,2.0,250,1105,0.9,763,110,13.9,22,1536,68.1,16.0,1009.8,1017.8,0750,1014.0,1606,1016.1,11.9,11.1,1200,2.86,19.84,,,,,,0.1,0.1,27.1,9.0,,,,,,,,,,3.9,5.5,,{박무}0425-0505. {박무}0610-0615. {박무}0750-0755. {연무}1150-{연무}{강도0}1200-1210.,
143,대구,2022-10-01,21.6,13.4,0623,31.0,1347,,,,,,,4.8,250,1416,3.2,250,1417,1.2,1042,110,12.8,27,1458,62.8,14.8,1011.5,1019.5,0916,1016.1,1535,1017.8,11.8,10.0,1200,2.84,18.43,,,,,,3.9,0.9,26.0,7.8,,,,,,,,,,3.6,5.2,,,
143,대구,2022-10-02,22.2,15.0,0514,29.6,1405,,,,,,,5.0,110,1306,3.4,110,1313,1.7,1469,110,15.4,34,1454,69.1,17.7,1011.6,1020.4,0943,1016.1,1620,1017.9,11.8,5.6,1200,2.83,15.48,,,,,,6.9,2.9,27.2,10.5,,,,,,,,,,3.2,4.6,,,
143,대구,2022-10-03,24.9,20.3,0559,29.7,1428,1.5,547,3.9,517,4.33,3.9,5.4,250,1433,3.6,250,1439,1.3,1166,180,21.4,62,1429,82.4,25.6,1008.4,1017.6,0858,1012.2,2342,1014.6,11.8,1.7,1100,1.74,10.0,,,,,,9.9,5.4,26.4,20.2,,,,,,,,,,2.0,2.8,,{비}0325-0415. {비}0445-0455. {비}0505-{비}{강도0}0600-0645. {박무}0530-{박무}{강도1}0600-{박무}{강도0}0900-0937. {비}0755-{비}{강도0}0900-0920. {비}1950-2005.,
143,대구,2022-10-04,21.5,15.3,2302,27.2,0707,5.1,925,9.3,925,5.72,18.0,9.9,110,1818,7.2,110,1822,2.9,2498,110,19.4,71,0540,88.6,23.0,1006.2,1018.4,2313,1008.4,0617,1012.5,11.7,1.0,1400,1.73,6.19,,,,,,9.6,6.6,24.2,14.8,,,,,,,,,,1.3,1.9,,{비}0003-0013. {비}0719-{비}{강도1}0900-1143. {박무}0850-{박무}{강도0}0900-0950. {비}1241-1308. {비}1830-1912.,
143,대구,2022-10-05,17.0,15.1,0419,20.7,1520,,,,,,,7.1,90,1534,5.1,110,1624,3.3,2853,110,13.6,66,1234,81.4,15.6,1013.7,1021.8,0919,1017.9,1616,1020.1,11.7,4.9,1300,2.47,13.84,,,,,,7.9,6.8,20.4,15.1,,,,,,,,,,2.5,3.5,,,
143,대구,2022-10-06,18.2,15.3,0323,23.3,1435,0.3,2009,0.3,,0.72,0.3,4.4,110,1929,3.1,140,1913,1.4,1169,140,14.7,53,1541,81.8,16.8,1012.1,1021.3,0125,1016.0,1607,1018.5,11.7,3.0,1200,2.53,12.69,,,,,,9.5,6.1,21.7,14.7,,,,,,,,,,2.3,3.2,,{비}1750-{비}{강도0}1800-1807. {비}2006-2032.,
143,대구,2022-10-07,16.6,12.8,2337,20.0,1119,0.0,,0.0,,0.75,0.0,7.8,270,1028,5.5,250,1029,2.8,2456,250,11.9,59,1119,74.6,13.9,1012.7,1024.0,2341,1016.4,0116,1019.1,11.6,3.1,1000,2.07,10.21,,,,,,8.0,4.9,19.0,11.0,,,,,,,,,,1.9,2.8,,{비}1330-1415.,
143,대구,2022-10-08,14.9,9.4,0626,20.9,1247,,,,,,,9.3,90,1503,6.3,110,1748,2.4,2055,110,10.2,49,1359,75.6,12.4,1018.5,1026.6,0840,1023.3,1444,1024.9,11.6,10.6,1100,2.73,19.18,,,,,,2.6,0.8,19.3,6.6,,,,,,,,,,3.1,4.5,,,
143,대구,2022-10-09,14.4,12.0,0642,16.4,1455,0.6,2040,2.0,2025,6.67,3.1,6.5,230,2335,4.0,270,2258,1.3,1164,270,12.4,76,0002,88.8,14.5,1011.8,1025.6,0001,1013.1,2114,1018.3,11.5,0.0,1100,1.06,5.9,,,,,,9.8,3.9,17.8,11.7,,,,,,,,,,1.3,1.9,,{비}1020-{비}{강도0}1200-1330. {비}1520-1550. {비}1930-{비}{강도0}2100-2230. {박무}2010-{박무}{강도0}2100-2210.,
143,대구,2022-10-10,13.7,11.2,2339,17.3,1315,0.0,,0.0,,0.33,0.0,13.6,270,1055,8.7,250,1100,4.9,4213,250,6.7,42,1233,64.3,9.9,1007.5,1016.0,2315,1012.0,1422,1014.0,11.5,9.3,1200,2.88,19.33,,,,,,5.3,4.3,17.5,9.1,,,,,,,,,,3.8,5.4,,{비}1935-1955.,
143,대구,2022-10-11,13.6,9.8,2400,19.0,1553,,,,,,,9.5,250,0455,6.7,250,0457,3.4,2968,250,7.4,46,1459,67.9,10.3,1014.2,1024.6,2353,1015.5,0029,1020.7,11.5,9.6,1200,2.77,17.64,,,,,,2.1,2.1,17.5,7.4,,,,,,,,,,3.0,4.3,,,
143,대구,2022-10-12,14.0,6.6,0633,21.4,1535,,,,,,,7.9,110,1522,5.7,110,1635,1.8,1542,110,10.0,49,1516,79.1,12.4,1020.3,1028.1,1000,1024.5,0001,1026.8,11.4,9.5,1200,2.69,17.2,,,,,,2.4,2.4,17.9,3.0,,,,,,,,,,2.7,3.9,,,
143,대구,2022-10-13,16.1,10.7,0603,22.4,1424,,,,,,,7.2,90,1748,5.3,110,1653,1.9,1653,110,11.7,48,1443,77.8,13.7,1018.5,1027.9,0222,1022.3,1541,1025.0,11.4,9.6,1300,2.53,16.56,,,,,,2.4,2.4,20.5,7.9,,,,,,,,,,2.9,4.2,,,
143,대구,2022-10-14,16.1,9.8,0504,22.7,1449,,,,,,,6.1,140,1257,4.2,140,1301,1.9,1649,140,12.5,54,1525,81.4,14.6,1014.1,1023.3,0001,1017.9,1516,1020.6,11.4,6.2,1200,2.67,15.2,,,,,,4.6,3.3,20.3,6.4,,,,,,,,,,2.6,3.8,,{달코로나}0530-0610.,
143,대구,2022-10-15,17.8,12.3,0628,24.2,1326,,,,,,,6.4,110,1905,4.6,110,2014,2.1,1781,110,13.9,51,1410,80.8,16.0,1013.1,1020.9,0807,1017.7,1436,1019.5,11.3,9.9,1100,2.69,17.98,,,,,,3.3,2.8,22.8,9.6,,,,,,,,,,3.1,4.5,,,
143,대구,2022-10-16,19.2,11.9,0531,25.7,1541,,,,,,,5.0,250,1638,3.6,200,1646,1.4,1237,250,14.0,47,1508,74.5,16.0,1011.5,1020.4,0819,1015.7,1448,1017.9,11.3,10.0,1200,2.6,17.35,,,,,,3.6,3.6,23.7,8.7,,,,,,,,,,3.2,4.5,,{달코로나}0300-0405. {박무}0505-0540.,
143,대구,2022-10-17,16.0,10.4,2351,20.6,1228,,,,,,,9.8,250,1257,6.5,230,1314,3.8,3265,250,6.3,25,1304,55.3,10.2,1011.1,1020.3,2151,1015.2,1410,1017.6,11.2,8.7,1200,2.94,16.95,,,,,,1.8,1.1,20.8,9.2,,,,,,,,,,4.6,6.5,,{박무}0045-{박무}{강도0}0300-0410. {연무}0620-{연무}{강도0}0900-0905.,
143,대구,2022-10-18,11.7,7.7,0615,16.9,1447,,,,,,,7.3,250,0046,5.1,250,0049,3.1,2691,250,1.9,35,1505,52.3,7.0,1015.6,1023.9,2310,1020.1,0022,1022.1,11.2,10.7,1200,2.68,18.2,,,,,,0.0,0.0,17.4,6.2,,,,,,,,,,3.4,4.9,,,
143,대구,2022-10-19,10.8,4.0,0641,17.9,1530,,,,,,,6.9,250,1433,4.8,250,1357,2.1,1795,230,1.7,29,1516,56.9,6.9,1019.1,1027.9,2335,1023.9,0002,1025.7,11.2,10.6,1200,2.68,18.18,,,,,,0.0,0.0,16.3,0.4,,,,,,,,,,3.3,4.7,,,
143,대구,2022-10-20,12.0,3.2,0621,21.4,1501,,,,,,,4.0,270,1300,2.5,250,1303,0.9,815,250,3.9,28,1535,62.4,8.1,1021.2,1030.5,0907,1025.3,1608,1027.8,11.1,10.5,1200,2.61,17.54,,,,,,1.4,0.0,17.1,-1.6,,,,,,,,,,3.0,4.3,,,
143,대구,2022-10-21,14.5,7.1,0539,20.1,1436,,,,,,,4.4,250,1549,3.1,250,1554,1.1,932,250,7.1,37,1439,63.5,10.1,1018.2,1027.3,0900,1022.6,2321,1024.7,11.1,5.1,1100,2.28,11.48,,,,,,6.9,3.8,17.3,2.6,,,,,,,,,,2.1,3.0,,,
143,대구,2022-10-22,16.6,11.9,0641,23.3,1447,0.2,,0.2,,1.5,0.3,6.2,250,1221,4.5,230,1138,1.5,1292,250,9.0,29,1425,64.9,11.6,1013.8,1022.8,0210,1017.9,1724,1020.3,11.1,9.4,1200,2.57,15.87,,,,,,4.4,4.0,20.2,8.0,,,,,,,,,,3.2,4.6,,{비}0231-{비}{강도0}0300-0328. {비}0355-0428.,
143,대구,2022-10-23,15.3,10.7,0653,21.4,1408,,,,,,,6.8,250,1248,4.3,250,1351,2.0,1745,250,10.1,43,1401,72.4,12.4,1011.5,1019.4,2235,1015.4,1543,1017.9,11.0,8.7,1200,2.47,14.33,,,,,,3.4,3.4,18.9,7.1,,,,,,,,,,2.9,4.1,,,
143,대구,2022-10-24,12.3,7.9,0647,16.5,1240,,,,,,,8.4,270,1539,5.6,250,1544,2.5,2203,230,4.1,41,1522,58.3,8.2,1014.0,1024.3,2359,1018.4,1323,1020.5,11.0,7.9,1100,1.84,13.16,,,,,,2.4,2.4,16.3,4.0,,,,,,,,,,2.4,3.4,,,
143,대구,2022-10-25,11.2,5.1,0651,18.1,1435,,,,,,,7.1,110,1708,4.9,110,1708,1.6,1340,110,5.2,39,1413,69.6,8.9,1021.3,1030.1,2247,1024.2,0001,1027.9,11.0,7.3,1100,2.46,13.87,,,,,,1.6,1.5,15.7,1.3,,,,,,,,,,2.1,3.0,,,
143,대구,2022-10-26,12.2,4.3,0643,20.1,1411,,,,,,,2.8,230,1419,2.0,110,0805,0.9,740,140,7.0,45,1548,73.1,10.0,1021.4,1030.7,0830,1025.5,1655,1028.0,10.9,8.9,1200,2.47,15.51,,,,,,3.9,0.4,17.3,-0.9,,,,,,,,,,2.2,3.1,,,
143,대구,2022-10-27,14.5,9.7,0501,21.8,1546,,,,,,,5.6,270,1021,3.8,250,1021,1.2,1032,250,7.1,34,1519,65.1,10.1,1018.5,1026.4,0001,1022.7,1516,1025.0,10.9,9.5,1100,2.25,14.74,,,,,,2.4,0.3,18.7,5.3,,,,,,,,,,2.7,3.8,,,
143,대구,2022-10-28,13.1,6.5,0640,22.1,1417,,,,,,,10.5,110,1614,7.0,110,1620,2.0,1745,110,8.9,36,1418,77.9,11.5,1019.9,1028.2,2310,1024.4,1412,1026.5,10.9,9.6,1200,2.27,14.7,,,,,,1.9,1.9,17.3,2.9,,,,,,,,,,2.5,3.6,,{박무}0040-{박무}{강도0}0300-{박무}{강도0}0600-{박무}{강도0}0900-0929. {연무}0924-1137.,
143,대구,2022-10-29,13.6,8.5,0642,19.9,1241,,,,,,,6.7,110,1652,4.8,110,1658,1.8,1524,110,9.8,49,1240,79.8,12.1,1020.6,1028.8,0817,1025.2,1456,1027.1,10.8,8.1,1200,2.44,13.47,,,,,,2.9,1.6,17.3,3.7,,,,,,,,,,2.2,3.1,,{박무}0450-{박무}{강도0}0600-0610.,
143,대구,2022-10-30,13.3,9.6,0403,18.7,1234,,,,,,,7.6,110,1538,5.5,110,1431,2.1,1777,110,9.7,59,1228,80.4,12.1,1019.9,1027.7,0827,1024.7,1404,1026.5,10.8,4.9,1000,2.05,11.02,,,,,,5.9,5.9,17.4,5.1,,,,,,,,,,1.8,2.6,,,
143,대구,2022-10-31,13.1,6.9,0610,19.5,1356,,,,,,,6.9,110,1136,4.3,110,1153,1.6,1408,110,7.4,42,1204,72.5,10.3,1018.4,1027.1,0158,1022.7,1425,1024.9,10.8,9.9,1100,2.41,15.18,,,,,,3.4,2.4,17.7,3.3,,,,,,,,,,2.6,3.7,,,
143,대구,2023-03-20,12.3,2.7,0626,20.6,1532,,,,,,,7.7,290,1532,4.8,270,1549,1.6,1402,270,-2.3,16,1534,39.5,5.2,1008.8,1018.8,0712,1011.9,1719,1015.3,12.1,10.5,1200,2.95,20.59,,,,,,3.6,0.0,14.9,-1.0,,,,,,,,,,4.0,5.6,,{연무}1315-1350.,
143,대구,2023-03-21,15.3,9.2,0532,22.8,1625,,,,,,,8.3,90,1758,5.0,90,1741,1.9,1644,90,1.7,16,1406,43.1,7.0,1005.8,1015.0,0033,1008.6,1641,1012.2,12.1,9.0,1200,3.04,20.08,,,,,,3.3,1.0,18.1,6.0,,,,,,,,,,4.3,6.1,,,
143,대구,2023-03-22,15.9,8.8,0510,22.3,1455,,,,,3.3,1.3,5.6,110,1229,3.3,110,1234,1.5,1273,110,10.1,50,1459,70.0,12.5,1004.4,1014.0,0924,1008.2,1836,1010.8,12.2,2.6,1200,2.91,13.22,,,,,,7.4,5.3,17.7,5.0,,,,,,,,,,2.4,3.4,,{박무}0410-{박무}{강도0}0600-0730. {연무}0805-{연무}{강도0}0900-{연무}{강도0}1200-1210. {비}2042-{비}{강도0}2100-{비}{강도0}2400- {박무}2133-{박무}{강도1}2400-,
143,대구,2023-03-23,15.2,14.5,0533,16.4,1622,,,,,16.08,19.3,5.8,110,1231,3.3,140,1255,1.1,963,110,14.4,86,1621,95.4,16.4,999.9,1010.6,2317,1004.4,1401,1006.3,12.2,0.0,1400,0.75,3.8,,,,,,9.6,8.1,16.0,12.1,,,,,,,,,,0.8,1.2,,-{비}-0230. {비}0245-{비}{강도0}0300-{비}{강도0}0600-{비}{강도0}0900-{비}{강도0}1200-{비}{강도0}1500-1620. -{박무}-{박무}{강도1}0300-{박무}{강도1}0600-{박무}{강도1}0900-{박무}{강도0}1200-{박무}{강도0}1500-1540. {박무}2010-{박무}{강도0}2100-{박무}{강도1}2400-,
143,대구,2023-03-24,12.6,9.9,2241,15.3,1154,,,,,,,12.7,110,0650,8.0,110,0718,4.4,3804,90,7.3,52,1245,71.8,10.5,1009.5,1020.6,2355,1010.3,0001,1016.0,12.3,2.3,1100,2.37,11.26,,,,,,9.0,8.0,13.2,9.7,,,,,,,,,,2.4,3.5,,-{박무}-{박무}{강도2}0300-{박무}{강도1}0600-0640. {황사}0820-{황사}{강도0}0900-{황사}{강도0}1200-{황사}{강도0}1500-{황사}{강도0}1800-1940.,
143,대구,2023-03-25,10.4,9.0,0606,12.4,1529,,,,,,,8.8,110,0944,5.4,110,0952,3.2,2756,110,3.9,54,1306,65.0,8.1,1012.9,1021.6,0831,1017.8,2357,1019.5,12.3,0.0,1100,1.3,8.41,,,,,,9.0,7.1,11.4,8.0,,,,,,,,,,1.8,2.5,,{황사}1310-{황사}{강도0}1500-{황사}{강도0}1800-1915.,
143,대구,2023-03-26,11.7,7.6,2352,18.4,1542,,,,,0.5,0.0,8.0,290,1615,5.0,290,1621,1.7,1481,290,,15,1953,,,1009.6,1019.6,2354,1012.8,1602,1016.2,12.3,6.0,1200,2.77,16.92,,,,,,5.1,3.6,14.5,3.5,,,,,,,,,,3.7,5.2,,{비}0240-{비}{강도0}0300-0310.,
143,대구,2023-03-27,9.7,4.1,0310,16.7,1620,,,,,,,8.6,270,1419,4.6,270,1427,2.3,1951,270,-8.4,12,1647,30.1,3.3,1014.3,1023.4,2347,1018.6,1706,1020.9,12.4,11.0,1200,3.3,24.0,,,,,,1.5,0.0,13.6,-0.3,,,,,,,,,,4.7,6.7,,,
143,대구,2023-03-28,11.4,2.3,0621,19.4,1601,,,,,,,7.5,250,1602,4.6,270,1417,1.5,1298,70,-2.0,17,1406,44.1,5.4,1016.9,1026.6,0941,1020.6,1654,1023.5,12.4,10.5,1200,3.03,21.78,,,,,,0.6,0.6,14.9,-1.7,,,,,,,,,,4.0,5.7,,{연무}1920-{연무}{강도0}2100-{연무}{강도0}2400-,
143,대구,2023-03-29,13.3,4.6,0637,21.8,1628,,,,,,,7.2,270,1602,3.4,250,1333,1.2,1075,70,-0.6,13,1649,45.0,6.0,1015.4,1024.8,0750,1018.8,1658,1022.0,12.5,11.2,1100,2.88,21.65,,,,,,1.8,0.3,16.3,0.5,,,,,,,,,,4.2,6.0,,-{연무}-{연무}{강도0}0300-0420. {박무}0415-{박무}{강도0}0600-0755. {연무}0750-{연무}{강도0}0900-{연무}{강도0}1200-1415.,
143,대구,2023-03-30,15.6,6.2,0639,24.1,1552,,,,,,,5.0,250,1224,2.9,250,1228,1.1,956,290,-1.3,10,1556,38.0,5.7,1012.4,1021.8,0001,1015.2,1652,1018.8,12.5,9.9,1100,2.75,19.98,,,,,,5.3,0.0,17.6,1.8,,,,,,,,,,4.5,6.4,,{연무}0520-{연무}{강도0}0600-{연무}{강도0}0900-1150.,
143,대구,2023-03-31,16.4,8.0,0542,25.6,1601,,,,,,,9.0,90,1934,5.9,90,1759,1.7,1455,70,-0.7,10,1434,36.9,6.0,1011.1,1019.6,0843,1014.1,1700,1017.5,12.5,11.6,1200,3.1,22.81,,,,,,0.9,0.0,19.7,3.1,,,,,,,,,,5.6,8.1,,,
143,대구,2023-04-01,15.0,7.0,0632,23.0,1414,,,,,,,10.8,90,2143,6.9,90,2143,3.3,2835,90,4.4,22,1229,54.5,8.5,1010.6,1018.8,0812,1014.2,1553,1017.0,12.6,11.3,1200,3.07,22.11,,,,,,0.9,0.0,18.5,3.0,,,,,,,,,,5.5,7.8,,{연무}0135-{연무}{강도0}0300-0425. {박무}0415-{박무}{강도0}0600-0829. {연무}0824-{연무}{강도0}0900-1040.,
143,대구,2023-04-02,13.6,7.6,0609,19.6,1250,,,,,,,12.3,110,1326,8.3,110,1331,3.4,2927,110,4.4,24,1559,58.4,8.5,1014.2,1023.3,2051,1018.5,0303,1020.7,12.6,11.8,1200,3.13,23.38,,,,,,0.0,0.0,18.1,2.5,,,,,,,,,,5.0,7.2,,{박무}0550-{박무}{강도0}0600-0730.,
143,대구,2023-04-03,13.3,6.4,0550,19.6,1427,,,,,,,11.8,90,1240,7.9,90,1245,3.4,2967,110,3.7,26,1523,57.0,8.1,1017.5,1025.7,1011,1021.9,1623,1024.0,12.6,11.4,1200,3.19,23.06,,,,,,0.8,0.1,17.2,1.8,,,,,,,,,,4.9,6.9,,,
143,대구,2023-04-04,15.1,9.3,0632,22.8,1528,0.4,2156,1.1,2136,4.17,2.0,7.8,200,1623,4.7,110,0042,2.4,2044,110,7.7,28,1530,65.4,10.7,1014.4,1025.0,0001,1017.5,1522,1020.9,12.7,5.4,1200,3.2,17.0,,,,,,8.6,3.1,18.6,7.9,,,,,,,,,,3.1,4.4,,{비}1910-{비}{강도0}2100-2235. {박무}2155-{박무}{강도0}2400- {비}2315-{비}{강도0}2400-,
143,대구,2023-04-05,15.6,13.0,0043,17.2,1734,0.3,212,1.0,1303,14.0,6.4,9.2,290,2325,5.8,270,2330,2.3,2009,110,13.3,72,0728,86.6,15.3,1004.9,1018.3,0001,1007.0,1933,1011.3,12.7,0.0,1300,0.49,2.51,,,,,,9.5,7.9,15.0,12.6,,,,,,,,,,1.1,1.6,,-{비}-{비}{강도0}0300-0415. -{박무}-{박무}{강도0}0300-0320. {비}0450-0510. {비}0655-0705. {비}0735-{비}{강도0}0900-{비}{강도0}1200-{비}{강도0}1500-1650. {박무}1240-1420. {박무}1530-1610.,
143,대구,2023-04-06,14.0,10.1,2351,18.6,1527,0.5,2244,1.4,2203,3.17,2.6,8.3,250,1158,5.2,270,0949,3.5,2987,250,7.9,50,1230,68.1,10.7,1003.7,1012.3,2353,1007.3,1544,1010.1,12.8,5.0,1100,2.86,17.6,,,,,,8.3,6.5,16.9,9.5,,,,,,,,,,3.1,4.4,,{비}2050-{비}{강도0}2100-{비}{강도0}2400- {박무}2120-{박무}{강도0}2400-,
143,대구,2023-04-07,12.4,8.3,2400,19.4,1558,0.4,49,1.8,35,2.17,3.2,12.5,290,1610,8.1,290,1614,4.5,3920,290,0.4,23,1313,47.4,6.5,1006.4,1016.3,2359,1010.1,1524,1012.9,12.8,10.4,1200,3.28,23.5,,,,,,2.5,2.0,15.4,7.3,,,,,,,,,,5.7,8.1,,-{비}-0210. -{박무}-{박무}{강도0}0300-{박무}{강도0}0600-0715. {연무}0710-{연무}{강도0}0900-1050.,
143,대구,2023-04-08,10.7,4.6,0520,16.8,1622,,,,,,,14.9,270,1147,8.3,320,1217,4.4,3773,270,-7.4,15,1611,28.8,3.5,1012.0,1020.7,2350,1016.0,1657,1018.6,12.8,12.0,1200,3.39,25.36,,,,,,0.4,0.4,14.3,3.0,,,,,,,,,,6.3,9.0,,,
143,대구,2023-04-09,13.7,5.1,0623,21.7,1649,,,,,,,7.7,250,1108,4.9,250,1114,2.2,1937,270,-5.1,15,1409,28.9,4.2,1012.1,1021.7,0647,1014.6,1757,1018.6,12.9,12.1,1200,3.46,26.06,,,,,,0.5,0.1,18.1,0.9,,,,,,,,,,5.9,8.4,,,
143,대구,2023-04-10,14.5,5.2,0548,23.7,1549,,,,,,,7.9,290,1250,4.5,270,1226,1.9,1605,320,0.3,18,1611,41.4,6.4,1009.5,1019.4,0642,1012.2,1652,1016.0,12.9,11.5,1200,3.24,23.87,,,,,,0.3,0.0,18.9,1.0,,,,,,,,,,5.2,7.5,,{햇무리}1055-1130.,
143,대구,2023-04-11,17.1,8.9,0524,23.4,1338,0.0,,,,0.58,0.0,13.4,180,1214,5.6,290,2225,2.2,1942,270,8.4,40,2359,58.1,11.2,1005.4,1015.8,0118,1008.1,1401,1011.8,12.9,5.4,1000,2.81,14.08,,,,,,5.6,4.0,18.0,5.0,,,,,,,,,,4.4,6.2,,{비}1610-1630. {비}2225-2240. {연무}2320- {황사}2350-2355.{황사}{강도0}2400-,
143,대구,2023-04-12,14.9,10.6,0619,20.2,1620,,,,,,,11.9,270,0924,7.6,270,1429,4.1,3585,290,-10.4,9,1255,18.1,2.9,1010.1,1019.6,2400,1012.8,0001,1016.6,13.0,11.6,1200,3.36,25.5,,,,,,1.1,0.0,19.3,7.5,,,,,,,,,,7.6,10.9,,-{황사}-{황사}{강도0}0300-{황사}{강도1}0600-{황사}{강도0}0900-{황사}{강도0}1200-{황사}{강도0}1500-{황사}{강도0}1800-{황사}{강도0}2100-{황사}{강도0}2400-,
143,대구,2023-04-13,15.8,5.2,0605,25.6,1717,,,,,,,8.1,320,1335,5.0,270,1342,1.6,1420,50,-5.8,8,1316,25.9,4.1,1010.7,1020.9,0702,1012.7,1652,1017.1,13.0,10.2,1200,3.13,22.31,,,,,,3.3,0.0,19.1,0.9,,,,,,,,,,6.0,8.6,,-{황사}-{황사}{강도0}0300-{황사}{강도0}0600-{황사}{강도0}0900-{황사}{강도0}1200-{황사}{강도0}1500-{황사}{강도0}1800-1905.,
143,대구,2023-04-14,15.8,9.9,0614,20.7,1458,0.1,,0.1,,5.88,0.1,4.9,270,1842,3.1,250,1849,1.2,1073,340,4.7,26,1325,50.9,9.0,1007.1,1016.6,0720,1010.1,2352,1013.5,13.1,2.1,1400,1.49,9.67,,,,,,8.0,5.3,17.7,5.6,,,,,,,,,,1.9,2.8,,{비}1548-1558. {비}1817-{비}{강도0}2100-{비}{강도0}2400-,
143,대구,2023-04-15,13.2,8.3,2338,17.0,1423,0.1,,0.2,,7.08,0.2,10.1,290,1551,6.1,290,1556,1.5,1283,110,9.5,58,1431,79.3,12.0,998.3,1010.2,0001,1002.3,1437,1004.7,13.1,0.2,1200,0.76,4.92,,,,,,7.5,3.9,14.2,4.5,,,,,,,,,,1.3,1.8,,{박무}0210-{박무}{강도0}0300-0410. -{비}-{비}{강도0}0300-0430. {비}1515-1750.,
143,대구,2023-04-16,12.3,6.8,0232,18.9,1211,0.0,,0.0,,0.83,0.0,8.8,90,1424,6.1,90,1353,1.8,1552,110,3.6,24,1345,62.3,8.1,998.9,1012.0,2357,1002.1,1315,1005.4,13.1,5.1,1100,2.85,15.42,,,,,,5.8,2.3,14.6,3.1,,,,,,,,,,3.1,4.4,,{황사}1230-{황사}{강도0}1500-{황사}{강도0}1800-1815. {비}1340-1430.,
143,대구,2023-04-17,14.3,5.2,0550,22.6,1620,,,,,,,6.6,270,1031,4.3,270,1038,1.5,1290,140,1.0,16,1317,47.4,6.7,1009.1,1017.8,2345,1012.0,0001,1015.6,13.2,10.9,1200,3.24,23.71,,,,,,1.3,0.6,19.4,0.8,,,,,,,,,,4.7,6.7,,,
143,대구,2023-04-18,16.6,13.3,0158,20.7,1531,0.9,850,1.4,835,2.92,1.6,4.3,320,1049,2.9,340,1051,1.4,1218,110,11.3,39,0040,72.1,13.8,1005.4,1017.5,0001,1009.2,1505,1011.8,13.2,0.1,1400,0.85,4.44,,,,,,9.0,7.9,16.7,11.8,,,,,,,,,,1.2,1.6,,{비}0645-0710. {비}0725-0745. {비}0815-{비}{강도0}0900-0950. {박무}0850-{박무}{강도0}0900-0920. {비}1010-1015. {비}1105-1135. {박무}2205-{박무}{강도0}2400-,
143,대구,2023-04-19,19.3,14.1,0521,24.4,1315,,,,,,,7.8,110,1316,5.1,110,1428,2.0,1751,110,13.3,44,1241,70.5,15.4,1004.1,1012.3,0925,1007.7,1605,1010.4,13.2,5.8,1100,2.75,19.06,,,,,,6.9,6.3,22.6,12.7,,,,,,,,,,3.6,5.1,,-{박무}-0010. {박무}0310-{박무}{강도0}0600-0630. {박무}2250-{박무}{강도0}2400-,
143,대구,2023-04-20,23.1,17.5,0153,29.6,1704,,,,,,,7.5,270,2349,4.3,290,2353,2.2,1908,270,14.4,38,1605,60.8,16.4,1002.2,1010.7,0021,1004.6,1658,1008.4,13.3,6.9,1000,2.79,20.04,,,,,,4.4,4.4,26.6,15.7,,,,,,,,,,4.8,6.8,,-{박무}-{박무}{강도0}0300-{박무}{강도0}0600-0840.,
143,대구,2023-04-21,16.5,12.5,2357,21.7,0001,,,,,,,14.0,140,1140,8.0,110,1142,4.7,4087,110,5.2,29,0911,48.9,9.2,1006.3,1016.9,2338,1008.7,0346,1012.6,13.3,9.9,1200,3.25,23.98,,,,,,4.8,2.0,22.6,11.6,,,,,,,,,,5.1,7.3,,{황사}1430-{황사}{강도0}1500-{황사}{강도1}1800-{황사}{강도0}2100-{황사}{강도0}2400-,
143,대구,2023-04-22,13.7,9.2,0540,18.2,1409,,,,,,,11.5,110,1421,7.6,110,1231,3.6,3131,90,1.7,25,1354,46.0,6.9,1014.2,1023.4,2351,1016.8,0001,1020.7,13.3,10.9,1200,3.28,24.72,,,,,,2.9,1.5,20.5,6.5,,,,,,,,,,5.3,7.6,,-{황사}-{황사}{강도0}0300-{황사}{강도0}0600-{황사}{강도0}0900-{황사}{강도0}1200-{황사}{강도0}1500-{황사}{강도0}1800-{황사}{강도0}2100-{황사}{강도0}2400-,
143,대구,2023-04-23,13.5,8.7,0541,18.5,1300,,,,,,,9.2,110,1731,6.4,90,1738,3.2,2757,110,3.4,29,1320,52.8,7.8,1017.5,1025.2,0806,1022.4,1546,1024.0,13.4,3.7,1200,2.36,15.83,,,,,,7.8,4.8,17.4,6.1,,,,,,,,,,3.8,5.4,,-{황사}-{황사}{강도0}0300-{황사}{강도0}0600-{황사}{강도0}0900-0950.,
143,대구,2023-04-24,13.0,8.9,2359,16.3,1241,,,,,,,9.1,90,1450,5.7,90,1528,3.4,2905,90,3.3,35,1449,53.5,7.8,1018.1,1026.3,0825,1023.5,2344,1024.7,13.4,2.0,1200,2.04,13.17,,,,,,7.1,2.5,16.6,6.4,,,,,,,,,,2.9,4.1,,,
143,대구,2023-04-25,9.4,7.5,0115,11.4,1224,0.2,,1.0,1512,14.83,6.0,6.1,290,2350,4.1,270,2353,1.3,1117,110,6.7,68,0001,84.0,9.9,1009.5,1023.6,0010,1011.8,1952,1016.2,13.4,0.0,1100,1.13,5.45,,,,,,9.4,7.8,12.1,5.4,,,,,,,,,,1.2,1.7,,{비}0640-{비}{강도0}0900-{비}{강도0}1200-{비}{강도0}1500-{비}{강도0}1800-{비}{강도0}2100-2130. {박무}1550-1640. {박무}1720-{박무}{강도0}1800-1830. {박무}2005-2020. {박무}2050-{박무}{강도0}2100-2140. {박무}2230-{박무}{강도0}2400-,
143,대구,2023-04-26,12.8,6.5,0553,19.5,1618,,,,,,,12.8,270,1324,7.1,290,1326,2.9,2536,290,3.5,27,1325,57.6,7.9,1006.8,1018.9,2359,1009.9,1324,1013.3,13.5,11.8,1200,3.58,26.52,,,,,,0.8,0.8,17.6,3.7,,,,,,,,,,5.0,7.1,,-{박무}-0050. {박무}0305-{박무}{강도0}0600-0810.,
143,대구,2023-04-27,14.8,4.4,0537,24.4,1644,,,,,,,5.6,200,1918,3.3,270,1517,1.4,1231,70,5.0,23,1523,56.9,8.8,1013.7,1022.5,0800,1017.4,1705,1020.2,13.5,12.4,1200,3.44,27.13,,,,,,0.3,0.0,20.7,1.1,,,,,,,,,,4.6,6.5,,,
143,대구,2023-04-28,17.7,8.1,0540,26.3,1620,,,,,,,9.4,200,1725,5.6,290,1515,2.0,1706,290,6.9,19,1356,54.3,10.1,1010.3,1020.7,0001,1012.1,1655,1016.6,13.5,12.5,1200,3.56,27.94,,,,,,2.5,1.1,23.8,3.4,,,,,,,,,,5.7,8.1,,,
143,대구,2023-04-29,16.9,11.4,2400,21.7,1251,2.2,1619,5.4,1603,8.42,8.7,9.8,320,2216,6.6,290,2221,2.3,2030,270,13.0,56,2156,78.8,15.4,1000.5,1013.8,0001,1003.3,1459,1006.9,13.6,0.0,1100,0.91,4.38,,,,,,8.6,7.3,17.6,9.3,,,,,,,,,,1.9,2.8,,{비}0250-{비}{강도0}0300-0405. {박무}0320-{박무}{강도0}0600-0830. {비}0415-{비}{강도0}0600-0710. {비}0740-0840. {비}1315-1440. {박무}1340-1410. {비}1540-1730. {박무}1545-1725.,
143,대구,2023-04-30,16.7,9.6,0504,23.7,1530,,,,,,,11.0,250,0105,6.9,290,1545,3.5,3026,290,0.8,17,1604,38.0,6.6,1003.6,1011.5,2326,1007.6,1532,1009.9,13.6,12.4,1200,3.53,27.62,,,,,,1.3,0.3,19.4,8.1,,,,,,,,,,6.6,9.5,,,
143,대구,2023-05-01,16.5,11.5,2359,22.5,1617,,,,,,,10.6,320,1127,6.7,290,1449,3.1,2697,290,1.2,18,1235,39.1,6.8,1010.2,1022.0,2340,1011.0,0205,1016.6,13.6,12.7,1200,3.53,27.97,,,,,,0.0,0.0,22.1,7.3,,,,,,,,,,6.5,9.3,,,
143,대구,2023-05-02,17.1,6.9,0539,25.9,1427,,,,,,,6.2,200,1841,3.2,180,1903,1.5,1315,110,3.2,17,1428,46.6,7.8,1016.6,1025.2,0739,1020.4,1816,1023.0,13.7,10.5,1200,3.4,24.79,,,,,,5.5,0.0,21.3,4.2,,,,,,,,,,4.8,6.9,,,
143,대구,2023-05-03,18.5,12.0,0524,25.5,1414,,,,,,,8.4,270,1250,5.4,290,1311,1.8,1585,70,7.4,20,1206,50.5,10.4,1015.2,1024.4,0736,1019.1,1555,1021.6,13.7,5.9,1200,3.62,21.37,,,,,,8.3,4.3,22.4,8.8,,,,,,,,,,4.5,6.4,,,
143,대구,2023-05-04,18.8,15.1,0508,22.9,1240,0.5,2349,0.5,,0.33,0.5,7.7,160,1004,4.6,140,1514,2.1,1841,140,12.4,44,1039,68.0,14.4,1009.5,1020.9,0002,1012.4,2344,1015.9,13.7,1.1,1000,2.54,13.9,,,,,,9.1,6.5,22.7,13.5,,,,,,,,,,2.9,4.1,,{비}2340-{비}{강도0}2400-,
143,대구,2023-05-05,19.0,16.8,0005,20.8,1450,3.0,2331,12.0,2301,17.35,44.5,5.5,90,0714,3.5,110,1720,2.4,2077,110,17.9,86,0814,93.8,20.6,999.4,1012.5,0001,1002.5,2357,1005.7,13.8,0.0,1400,0.73,4.96,,,,,,10.0,7.0,20.1,16.3,,,,,,,,,,0.9,1.2,,-{비}-0035. {비}0210-0255. {비}0410-0430. {비}0450-0455. {비}0510-0515. {비}0829-{비}{강도0}0900-{비}{강도1}1200-{비}{강도0}1500-{비}{강도0}1800-{비}{강도0}2100-{비}{강도1}2400- {박무}0950-{박무}{강도0}1200-1330. {박무}1535-{박무}{강도0}1800-{박무}{강도0}2100-{박무}{강도1}2400-,
143,대구,2023-05-06,13.7,11.5,2306,19.5,0213,4.1,18,13.3,1,19.87,33.9,12.8,110,0926,7.4,90,0610,4.0,3425,110,12.6,81,2203,93.4,14.8,1001.6,1012.3,2156,1001.4,0355,1008.0,13.8,0.0,0900,0.38,2.9,,,,,,10.0,7.5,15.7,11.3,,,,,,,,,,0.8,1.1,,-{박무}-0220. -{비}-{비}{강도0}0300-0320. {비}0358-{비}{강도0}0600-{비}{강도0}0900-{비}{강도1}1200-{비}{강도0}1500-{비}{강도0}1800-2030. {박무}0740-{박무}{강도0}0900-{박무}{강도0}1200-1410. {박무}1450-{박무}{강도0}1500-1510. {박무}1730-1750.,
143,대구,2023-05-07,11.4,9.3,2348,13.6,1022,0.3,1447,1.4,1433,8.58,3.1,6.3,90,0225,3.7,90,0224,1.6,1364,110,8.3,63,1017,81.8,10.9,1006.2,1014.3,2350,1011.3,1723,1012.7,13.8,0.0,1600,0.61,4.67,,,,,,8.6,6.4,13.0,7.2,,,,,,,,,,1.2,1.7,,{비}0710-0725. {비}0855-{비}{강도0}0900-0905. {비}1020-{비}{강도0}1200-{비}{강도0}1500-{비}{강도0}1800-1810. {박무}1145-1155. {박무}1450-{박무}{강도0}1500-1520. {비}1830-1850. {박무}2340-{박무}{강도0}2400-,
143,대구,2023-05-08,13.7,5.7,0527,21.1,1516,,,,,,,6.6,140,1526,4.3,140,1534,1.6,1402,110,3.0,21,1518,55.9,7.7,1010.1,1018.2,2317,1014.3,0001,1016.5,13.9,11.7,1200,3.41,27.6,,,,,,3.9,0.0,16.9,3.2,,,,,,,,,,4.8,6.9,,-{박무}-0010.,
143,대구,2023-05-09,18.5,6.9,0511,27.2,1542,,,,,,,7.4,270,2349,4.2,290,1818,2.0,1688,270,4.1,17,1440,44.8,8.3,1009.3,1018.8,0554,1012.1,1711,1015.7,13.9,12.9,1200,3.55,28.16,,,,,,1.0,0.0,22.1,4.4,,,,,,,,,,6.6,9.4,,,
143,대구,2023-05-10,19.2,11.4,0546,27.5,1557,,,,,,,8.0,70,1733,5.0,90,1740,1.9,1619,110,5.2,21,1559,44.3,9.0,1009.7,1018.3,2356,1013.3,1555,1016.0,13.9,11.9,1200,3.27,26.58,,,,,,4.5,0.4,24.4,8.7,,,,,,,,,,5.8,8.2,,{햇무리}1250-1330.,
143,대구,2023-05-11,18.1,13.4,0521,23.8,1515,,,,,,,9.6,110,0849,6.3,110,1014,3.7,3201,110,8.9,31,1822,57.8,11.5,1012.7,1020.7,0925,1017.0,1551,1019.1,13.9,11.2,1200,3.43,26.38,,,,,,3.1,1.8,23.9,12.8,,,,,,,,,,5.1,7.3,,,
143,대구,2023-05-12,18.8,10.5,0546,26.4,1449,,,,,,,6.4,160,1432,4.0,160,1553,1.9,1614,180,6.0,19,1518,48.4,9.5,1010.7,1020.2,0001,1013.5,1716,1017.0,14.0,8.0,1000,2.89,22.6,,,,,,7.8,2.3,25.1,9.5,,,,,,,,,,4.8,6.9,,,
143,대구,2023-05-13,19.4,16.1,2400,24.5,1528,,,,,,,6.1,110,2004,3.5,110,2007,1.5,1308,140,11.5,38,1139,62.1,13.6,1006.2,1016.9,0001,1008.7,1713,1012.5,14.0,6.7,1100,3.06,20.72,,,,,,6.1,4.6,24.2,14.7,,,,,,,,,,3.9,5.6,,,
143,대구,2023-05-14,20.4,13.0,0549,27.8,1540,0.0,,0.0,,0.5,0.0,7.6,250,1542,3.9,250,1549,1.6,1341,290,9.4,18,1400,55.6,12.1,1002.4,1011.4,0001,1005.7,1644,1008.6,14.0,11.1,1200,3.56,27.39,,,,,,3.0,2.9,27.2,11.0,,,,,,,,,,5.7,8.1,,{박무}0610-0655. {소나기}1950-2020.,
143,대구,2023-05-15,21.8,13.5,0529,29.6,1625,,,,,,,8.0,270,1306,5.4,270,1331,1.7,1481,290,10.3,22,1331,53.3,12.6,1002.4,1010.3,2356,1006.2,1742,1008.7,14.1,12.6,1200,3.37,27.49,,,,,,0.3,0.0,28.3,11.2,,,,,,,,,,6.1,8.7,,{박무}0330-{박무}{강도0}0600-0750.,
143,대구,2023-05-16,24.6,15.8,0533,33.6,1558,,,,,,,6.4,270,1605,4.0,270,1740,1.8,1569,290,12.9,26,1458,52.0,14.9,1004.6,1012.9,2338,1008.1,1712,1010.8,14.1,11.8,1200,3.41,26.68,,,,,,1.1,0.0,30.1,13.3,,,,,,,,,,6.3,9.0,,{박무}0510-{박무}{강도0}0600-0735. {연무}0730-{연무}{강도0}0900-1120.,
143,대구,2023-05-17,24.4,16.3,0541,32.7,1326,,,,,,,8.3,180,1431,4.2,200,1438,1.7,1489,70,11.7,19,1257,49.5,13.9,1007.1,1015.4,0721,1011.0,1717,1013.3,14.1,12.2,1200,3.48,27.91,,,,,,3.0,0.0,31.0,12.3,,,,,,,,,,6.0,8.6,,{연무}0840-0850.,
143,대구,2023-05-18,18.6,16.2,2346,21.4,0001,0.6,1854,1.9,1821,14.92,5.9,7.1,90,2045,4.0,110,2014,1.7,1444,90,15.3,61,0001,81.6,17.4,1005.0,1013.9,0730,1009.1,2400,1011.3,14.1,0.0,1300,0.84,5.29,,,,,,9.5,6.4,20.4,15.7,,,,,,,,,,1.2,1.7,,{박무}0410-{박무}{강도0}0600-{박무}{강도0}0900-1105. {비}0715-{비}{강도0}0900-{비}{강도0}1200-{비}{강도0}1500-{비}{강도0}1800-{비}{강도0}2100-2210. {박무}1540-1605. {박무}1650-1730. {박무}1820-1955.,
143,대구,2023-05-19,18.3,15.3,2358,22.3,1533,0.0,,0.0,,0.5,0.0,8.3,90,1254,4.9,110,2314,2.2,1894,110,14.3,60,1557,78.6,16.3,1003.4,1012.6,2347,1007.6,0303,1009.7,14.2,2.2,1500,1.63,9.52,,,,,,5.5,5.5,19.3,14.4,,,,,,,,,,2.3,3.3,,{비}0710-0730. {비}1255-1305.,
143,대구,2023-05-20,20.9,12.3,0525,28.8,1554,,,,,,,6.9,270,2148,4.0,270,2144,1.9,1613,110,12.8,32,1555,63.5,14.8,1004.3,1013.6,0714,1007.5,1747,1010.6,14.2,12.7,1200,3.52,28.01,,,,,,2.0,0.4,26.3,10.2,,,,,,,,,,5.6,7.9,,{햇무리}1455-1740.,
143,대구,2023-05-21,22.7,17.0,0545,30.2,1558,,,,,,,8.5,320,1751,5.5,320,1656,2.6,2250,270,12.4,31,1921,55.0,14.5,1001.8,1009.8,0001,1005.3,1615,1008.0,14.2,10.9,1200,3.25,25.99,,,,,,3.5,0.9,29.0,14.9,,,,,,,,,,5.6,8.0,,,
143,대구,2023-05-22,17.0,12.7,2359,20.3,0001,0.2,,0.5,843,5.67,0.5,6.1,290,0039,4.1,270,0043,1.8,1512,90,10.6,49,0151,67.0,12.8,1002.2,1010.0,2330,1007.3,0356,1008.6,14.2,0.8,1000,1.0,6.32,,,,,,7.1,4.1,18.2,11.1,,,,,,,,,,1.8,2.5,,{황사}0150-{황사}{강도0}0300-{황사}{강도0}0600-{황사}{강도0}0900-{황사}{강도0}1200-{황사}{강도0}1500-{황사}{강도0}1800-{황사}{강도0}2100-{황사}{강도0}2400- {비}0745-{비}{강도0}0900-0945. {비}1210-{비}{강도0}1500-1550.,
143,대구,2023-05-23,18.4,10.7,0523,27.3,1553,,,,,,,13.0,90,1608,6.6,90,1640,1.9,1605,110,7.9,20,1554,56.0,10.8,1004.2,1013.4,2321,1008.1,1524,1010.5,14.3,11.6,1200,3.59,28.53,,,,,,2.1,2.1,26.7,9.4,,,,,,,,,,5.5,7.9,,-{황사}-{황사}{강도0}0300-{황사}{강도0}0600-1130. {박무}0520-{박무}{강도0}0600-0740.,
143,대구,2023-05-24,19.6,12.2,0502,26.0,1329,,,,,,,7.3,90,1705,5.0,90,1705,1.9,1617,110,8.2,16,1221,52.4,11.0,1008.5,1016.8,2312,1013.3,1625,1014.9,14.3,8.9,1300,2.99,21.71,,,,,,5.6,1.0,26.0,10.1,,,,,,,,,,4.7,6.7,,,
143,대구,2023-05-25,21.3,15.2,0524,28.1,1449,,,,,,,8.3,250,1502,5.0,250,1502,2.1,1790,110,8.6,15,1247,46.6,11.3,1009.9,1018.2,0751,1013.5,1606,1016.2,14.3,9.0,1200,3.62,26.35,,,,,,6.1,3.6,30.1,14.6,,,,,,,,,,5.8,8.2,,,
143,대구,2023-05-26,22.0,17.6,0518,28.2,1412,0.0,,0.0,,0.5,0.0,7.5,270,1351,4.6,270,1532,1.7,1508,270,10.7,37,1413,49.8,13.2,1012.2,1019.8,0938,1017.0,1555,1018.5,14.3,6.5,1200,3.38,21.19,,,,,,7.8,2.8,26.6,15.7,,,,,,,,,,4.5,6.4,,{비}0645-0715.,
143,대구,2023-05-27,23.2,19.5,0503,26.9,1439,0.2,,0.2,,0.42,0.2,7.5,250,2023,3.7,160,1655,1.6,1366,180,15.9,49,1434,64.8,18.1,1011.7,1019.8,0548,1015.8,1625,1018.0,14.3,0.8,1200,2.36,12.63,,,,,,9.0,4.1,27.1,18.9,,,,,,,,,,2.6,3.8,,{소나기}1010-1035.,
143,대구,2023-05-28,21.7,19.6,0629,23.3,1327,1.0,555,3.6,547,8.08,10.6,7.1,180,0217,2.9,200,0220,1.1,960,50,19.2,62,0300,86.6,22.4,1007.2,1016.4,0001,1011.5,1805,1013.4,14.4,0.0,1300,0.68,3.78,,,,,,9.9,8.1,22.8,19.2,,,,,,,,,,0.8,1.2,,{비}0355-0410. {비}0445-{비}{강도0}0600-0840. {박무}0530-{박무}{강도0}0600-0850. {비}1420-{비}{강도0}1500-1525. {박무}1435-{박무}{강도0}1500-1530. {비}2110-{비}{강도0}2400- {박무}2110-{박무}{강도0}2400-,
143,대구,2023-05-29,20.1,18.6,2342,21.8,1043,3.0,118,11.8,409,19.5,100.8,7.9,110,1352,5.6,110,1355,1.7,1439,110,19.6,93,1315,97.3,22.9,1004.6,1012.8,2129,1009.6,1014,1010.9,14.4,0.0,1500,0.36,2.63,,,,,,9.4,7.4,21.0,18.2,,,,,,,,,,0.9,1.2,,-{비}-{비}{강도1}0300-{비}{강도1}0600-{비}{강도1}0900-{비}{강도1}1200-{비}{강도1}1500-{비}{강도1}1800-1930. -{박무}-{박무}{강도1}0300-{박무}{강도1}0600-{박무}{강도2}0900-{박무}{강도0}1200-{박무}{강도0}1500-1750.,
143,대구,2023-05-30,19.5,17.6,2345,21.9,1153,,,,,,,9.0,110,2100,5.4,110,1202,2.9,2548,110,16.1,71,1613,81.5,18.4,1005.4,1013.0,2206,1010.8,1511,1011.7,14.4,0.9,1100,1.73,13.01,,,,,,7.3,5.8,21.5,17.3,,,,,,,,,,2.7,3.9,,,
143,대구,2023-05-31,20.5,16.1,0536,25.5,1626,,,,,,,9.0,70,1134,5.7,90,1815,2.8,2456,90,11.9,38,1655,60.3,14.0,1005.4,1013.5,0934,1009.8,1711,1011.7,14.4,12.6,1200,3.55,29.22,,,,,,2.3,2.1,23.3,15.1,,,,,,,,,,5.6,8.0,,,
143,대구,2023-06-01,18.6,13.8,0454,21.1,1613,0.2,,0.2,,2.17,0.2,4.2,140,0234,3.1,110,1415,1.5,1339,110,14.4,51,1048,77.0,16.5,1001.0,1012.0,0001,1003.7,2355,1007.3,14.4,1.5,1400,1.65,10.6,,,,,,8.8,6.4,21.1,13.2,,,,,,,,,,2.0,2.9,,{비}1045-1115. {비}1310-1420. {비}1810-1830. {비}1845-1855.,
143,대구,2023-06-02,23.7,18.5,0332,30.3,1508,0.3,315,0.3,255,0.58,0.3,9.6,270,1429,6.7,270,1432,2.8,2408,290,14.4,28,1650,60.9,16.7,995.2,1004.9,2351,998.9,1436,1001.4,14.5,10.0,1200,3.57,27.75,,,,,,6.4,3.0,26.6,18.0,,,,,,,,,,6.4,9.2,,{비}0255-{비}{강도0}0300-0330. {박무}0320-0330. {박무}0440-{박무}{강도0}0600-0610.,
143,대구,2023-06-03,23.1,16.4,0538,29.4,1552,,,,,,,9.4,290,1247,5.9,290,1712,2.5,2194,290,10.9,26,1554,50.1,13.3,1001.1,1009.8,2234,1004.8,0005,1007.4,14.5,11.6,1300,3.28,28.24,,,,,,5.5,3.6,27.9,15.2,,,,,,,,,,6.7,9.6,,,
143,대구,2023-06-04,23.9,17.5,0530,29.9,1401,,,,,,,10.1,250,1511,6.0,270,1403,2.4,2106,270,8.9,20,1307,40.5,11.5,1003.9,1011.6,0742,1008.1,1631,1010.1,14.5,11.1,1200,3.6,27.62,,,,,,7.8,0.0,28.3,15.5,,,,,,,,,,7.0,9.9,,,
143,대구,2023-06-05,23.8,17.7,0522,28.7,1603,,,,,,,8.0,270,1249,4.6,270,1749,2.3,1963,250,11.8,35,1009,48.1,13.8,1004.1,1011.8,0701,1008.6,1623,1010.3,14.5,7.8,1400,2.73,21.86,,,,,,8.1,0.4,29.2,15.6,,,,,,,,,,5.4,7.7,,,
143,대구,2023-06-06,24.3,19.4,0645,30.1,1653,,,,,,,7.1,290,1745,4.5,290,0050,2.4,2071,290,12.9,31,1641,50.4,14.9,1000.2,1010.0,0008,1003.0,1540,1006.4,14.5,10.5,1200,3.49,26.81,,,,,,4.0,1.0,31.4,18.9,,,,,,,,,,5.9,8.4,,,
143,대구,2023-06-07,24.1,18.4,0519,29.4,1623,,,,,,,6.1,290,1223,3.4,270,1439,1.7,1440,290,14.8,36,1304,58.1,16.9,1002.2,1009.9,0716,1006.8,1721,1008.4,14.5,6.5,1200,2.36,19.5,,,,,,6.9,0.3,29.5,17.5,,,,,,,,,,4.0,5.8,,,
143,대구,2023-06-08,24.1,20.1,0525,29.3,1259,,,,,,,6.8,180,1636,4.5,160,1639,1.7,1436,140,14.7,32,1311,57.8,16.8,998.6,1008.2,0242,1002.0,1638,1004.8,14.5,8.2,1200,3.21,23.99,,,,,,5.5,0.6,31.0,18.4,,,,,,,,,,5.1,7.2,,]{우박}[(d 2.0)(NW 56)/김천시 감문면 일대/KBS1700-1710.,
143,대구,2023-06-09,24.6,18.6,0419,31.0,1552,,,,,,,9.0,290,1402,5.1,290,1404,1.9,1655,50,12.2,21,1539,50.4,14.5,997.8,1006.0,2327,1002.7,1631,1003.9,14.5,12.2,1100,3.53,28.65,,,,,,0.8,0.8,31.9,16.6,,,,,,,,,,6.5,9.3,,,
143,대구,2023-06-10,24.5,18.6,0433,31.5,1539,,,,,,,9.0,180,1639,4.8,160,1639,1.8,1544,160,16.0,40,1521,61.0,18.2,999.4,1006.9,0524,1003.0,1635,1005.5,14.5,8.6,1100,3.4,24.0,,,,,,4.6,3.5,30.2,16.3,,,,,,,,,,5.3,7.5,,,
143,대구,2023-06-11,24.6,20.3,0417,30.6,1527,,,,,,,6.4,140,1748,3.9,110,0745,2.4,2082,110,17.6,43,1520,66.5,20.1,999.0,1006.7,2308,1002.3,1721,1005.1,14.6,7.7,1000,3.04,22.41,,,,,,5.6,4.5,32.0,19.9,,,,,,,,,,4.6,6.6,,{박무}0530-{박무}{강도0}0600-0830.,
143,대구,2023-06-12,23.3,19.2,2342,29.1,1355,0.3,2202,0.7,2138,3.78,0.7,9.8,140,1809,5.5,90,1508,2.2,1916,110,18.0,46,1344,73.4,20.6,999.0,1006.9,0708,1002.6,1740,1005.2,14.6,5.7,1300,2.7,18.12,,,,,,7.3,6.3,30.5,18.7,,,,,,,,,,3.6,5.1,,{소나기}0003-0045. {소나기}1620-1635. ]{우박}[(d 1.0)(S 23)/청도군 청도읍/ 화양읍/ 이서면/ 운문면/ 풍각면 일대/ 한국일보1800-1815. {소나기}2030-{소나기}{강도0}2100-2320.,
143,대구,2023-06-13,23.8,18.1,0318,30.4,1655,,,,,,,6.7,180,1834,3.9,270,1717,1.6,1345,110,16.9,35,1651,68.1,19.3,997.9,1005.9,0017,1001.5,1718,1004.1,14.6,6.8,1000,2.96,20.78,,,,,,6.6,5.6,28.1,17.2,,,,,,,,,,4.2,6.0,,{박무}0540-{박무}{강도0}0600-0605. {햇무리}1050-1250.,
143,대구,2023-06-14,21.2,16.7,2331,28.7,1303,9.9,1914,16.9,1848,2.97,17.5,8.6,110,1723,5.7,110,1728,1.8,1541,110,15.5,36,1243,73.8,17.7,999.7,1008.8,2158,1003.8,1457,1005.9,14.6,5.6,1200,3.61,18.54,,,,,,6.6,3.6,25.6,16.0,,,,,,,,,,3.6,5.1,,{박무}0610-0620. {소나기}1507-1517. {소나기}1807-2020. {박무}1850-2010. {비}2045-{비}{강도0}2100-2110. {비}2130-2140.,
143,대구,2023-06-15,20.9,16.2,0202,28.7,1537,,,,,,,7.0,90,1739,4.3,110,1907,1.8,1560,110,15.5,36,1538,74.0,17.6,1002.6,1011.2,2349,1006.7,1454,1008.8,14.6,6.7,1100,3.43,23.4,,,,,,5.4,4.6,24.8,15.3,,,,,,,,,,4.6,6.5,,{박무}0005-{박무}{강도0}0300-{박무}{강도0}0600-0850.,
143,대구,2023-06-16,25.3,17.2,0420,32.5,1522,,,,,,,7.9,250,1429,3.7,290,1312,1.5,1315,290,16.0,32,1454,60.9,18.2,1006.1,1013.9,0811,1010.0,1714,1012.3,14.6,13.3,1200,3.48,28.97,,,,,,0.1,0.0,30.2,15.7,,,,,,,,,,6.5,9.2,,{박무}0120-0135. {박무}0330-0440. {박무}0530-{박무}{강도0}0600-0605. {연무}0830-{연무}{강도0}0900-0920.,
143,대구,2023-06-17,27.6,20.4,0527,34.2,1552,,,,,,,6.7,250,1048,4.0,270,1050,2.2,1873,250,16.4,31,1409,53.5,18.7,1005.3,1014.2,0442,1008.8,1703,1011.4,14.6,11.1,1200,3.52,27.06,,,,,,6.3,0.0,32.8,18.4,,,,,,,,,,6.4,9.1,,,
143,대구,2023-06-18,26.9,23.2,0556,33.1,1546,,,,,,,8.5,90,1815,5.9,90,1745,2.6,2212,90,15.9,32,1624,52.6,18.1,1000.7,1010.0,0001,1004.2,1605,1006.9,14.6,10.9,1200,3.54,26.67,,,,,,4.6,0.0,33.2,22.5,,,,,,,,,,6.5,9.2,,,
143,대구,2023-06-19,24.4,20.3,0453,30.2,1448,,,,,,,10.0,90,1522,6.3,90,1529,3.6,3147,110,16.1,24,1550,62.1,18.3,1001.6,1009.2,2117,1005.5,1520,1007.7,14.6,11.6,1200,3.41,27.29,,,,,,3.4,0.0,32.1,19.8,,,,,,,,,,6.4,9.1,,,
143,대구,2023-06-20,23.0,20.1,0431,28.3,1348,,,,,,,9.4,90,0839,6.1,90,0842,3.9,3356,90,16.1,45,1321,66.4,18.3,1000.0,1009.1,0005,1004.2,1759,1006.2,14.6,6.3,1100,3.11,19.45,,,,,,6.4,4.5,28.0,19.6,,,,,,,,,,3.8,5.5,,,
143,대구,2023-06-21,21.4,18.5,0423,23.9,1731,0.9,200,1.5,22,11.33,4.6,5.5,140,0610,3.9,140,0621,1.7,1451,110,19.6,76,0001,89.9,22.8,995.8,1005.3,0030,1000.0,1728,1002.0,14.6,0.0,1100,0.82,5.22,,,,,,9.6,7.8,23.5,18.5,,,,,,,,,,1.5,2.2,,{비}0015-{비}{강도0}0300-{비}{강도0}0600-0620. {박무}0050-{박무}{강도0}0300-0430. {박무}0520-{박무}{강도1}0600-{박무}{강도0}0900-1030. {비}0640-{비}{강도0}0900-1050. {비}1125-1140. {비}2030-{비}{강도0}2100-2120. {박무}2240-{박무}{강도0}2400-,
143,대구,2023-06-22,24.6,20.6,0500,29.1,1620,0.0,,0.0,,0.67,0.0,8.4,290,1442,4.7,270,1024,2.3,2022,320,17.3,44,1621,65.8,19.8,997.0,1005.7,2352,1001.4,1714,1003.2,14.6,7.3,1400,2.77,22.41,,,,,,6.9,5.4,29.4,20.2,,,,,,,,,,4.7,6.7,,-{박무}-{박무}{강도0}0300-0410. {박무}0505-{박무}{강도0}0600-0720. {소나기}2050-{소나기}{강도0}2100-2130.,
143,대구,2023-06-23,24.8,19.6,0530,31.0,1623,,,,,,,9.2,110,1838,5.3,110,1838,2.2,1940,110,17.1,38,1332,64.9,19.5,1003.3,1013.9,2307,1005.5,0007,1009.5,14.6,9.3,1200,3.71,25.3,,,,,,4.4,2.8,33.3,18.4,,,,,,,,,,5.2,7.4,,{박무}0550-{박무}{강도0}0600-0605.,
143,대구,2023-06-24,24.5,19.4,0514,30.8,1538,,,,,,,7.2,110,1908,4.9,110,1912,2.8,2380,140,17.2,36,1429,66.0,19.6,1008.4,1015.8,0823,1012.6,1725,1014.6,14.6,10.0,1200,3.48,27.35,,,,,,6.8,1.1,33.2,19.2,,,,,,,,,,5.7,8.2,,,
143,대구,2023-06-25,24.2,19.8,0457,30.6,1557,1.0,2325,1.5,2235,4.75,2.2,6.8,200,1551,3.6,110,1252,1.9,1620,110,18.7,48,1505,73.9,21.6,1007.0,1015.8,0002,1011.1,1703,1013.2,14.6,4.7,1400,2.54,18.83,,,,,,9.0,2.5,33.7,19.4,,,,,,,,,,3.4,4.8,,{비}1850-{비}{강도0}2100-2335. {박무}2320-{박무}{강도0}2400-,
143,대구,2023-06-26,24.1,20.9,0008,27.3,1801,3.7,701,8.9,651,14.17,33.2,5.7,140,0650,3.9,110,0602,1.9,1674,110,22.1,75,1810,89.5,26.6,1002.7,1011.8,0001,1007.3,1720,1008.9,14.6,0.0,1000,1.29,7.33,,,,,,10.0,7.1,25.2,20.9,,,,,,,,,,1.8,2.6,,-{박무}-0005. {비}0055-{비}{강도0}0300-{비}{강도0}0600-{비}{강도1}0900-1005. {박무}0130-{박무}{강도0}0300-{박무}{강도1}0600-0840. {박무}0935-0945. {비}1235-1250. {비}1340-1515. {박무}1350-1510. {비}2010-2050. {비}2130-{비}{강도0}2400-,
143,대구,2023-06-27,27.8,23.4,0130,33.8,1456,13.7,116,33.5,39,4.58,48.0,10.7,270,1509,6.1,250,1048,2.6,2228,230,21.4,39,1510,71.3,25.5,1002.6,1012.0,2342,1006.8,0306,1008.7,14.6,9.4,1100,3.28,25.33,,,,,,7.4,3.8,32.6,23.0,,,,,,,,,,5.3,7.5,,{박무}0040-{시정(미만)}{1km}{안개}0105-{시정(미만)}{0.5km}{안개}0115-{시정(이상)}{0.5km}{안개}0120-{시정(이상)}{1km}{박무}0130-0150. -{비}-0230. {비}0350-0510. {박무}0410-0445. {비}2315-{비}{강도0}2400- {박무}2350-{박무}{강도0}2400-,0.42
143,대구,2023-06-28,24.5,19.7,0602,30.2,1613,1.3,217,5.4,451,8.5,24.7,7.5,250,1614,4.9,290,1139,2.3,1986,290,20.1,57,1428,78.4,23.7,1002.6,1013.1,0141,1006.2,1724,1008.8,14.6,4.9,1300,2.82,18.94,,,,,,7.8,3.9,28.1,19.4,,,,,,,,,,3.9,5.6,,-{박무}-0020. {박무}0125-{박무}{강도0}0300-0340. -{비}-{비}{강도1}0300-{비}{강도1}0600-0830. {박무}0510-{박무}{강도0}0600-0610.,
143,대구,2023-06-29,25.4,23.6,0530,28.7,1152,1.3,1714,3.1,1624,5.17,8.3,4.6,140,1720,3.0,140,1721,1.4,1172,110,22.7,67,1150,86.1,27.7,997.1,1007.5,0001,999.9,1804,1003.2,14.6,0.3,0900,1.55,7.56,,,,,,9.3,5.1,28.2,23.5,,,,,,,,,,1.3,1.8,,{박무}0055-{박무}{강도0}0300-{박무}{강도0}0600-0840. {비}1120-1130. {비}1205-{비}{강도0}1500-{비}{강도0}1800-1830. {박무}1615-1635. {박무}1710-1720. {비}2030-2055. {비}2220-2255. {비}2320-{비}{강도0}2400- {박무}2350-{박무}{강도0}2400-,
143,대구,2023-06-30,24.0,22.3,2224,25.7,1658,4.4,116,8.3,30,12.75,39.0,6.9,110,2227,4.2,140,2200,1.5,1258,110,22.6,83,1723,92.4,27.5,995.2,1003.8,2320,999.6,0227,1001.3,14.6,0.0,1200,0.9,5.56,,,,,,9.9,5.8,25.4,22.3,,,,,,,,,,1.4,2.0,,-{안개}-{시정(이상)}{0.5km}{안개}0120-{시정(이상)}{1km}{박무}0130-{박무}{강도1}0300-{박무}{강도1}0600-{박무}{강도0}0900-{박무}{강도0}1200-1310. -{비}-0255. {비}0435-{비}{강도0}0600-{비}{강도0}0900-{비}{강도1}1200-1340. {비}1405-1430. {비}1520-1540.,0.17
143,대구,2023-07-01,25.8,21.6,0512,31.3,1631,,,,,,,6.9,90,1308,4.7,110,0942,2.4,2067,140,21.0,53,1707,76.1,24.8,999.8,1008.2,2316,1003.6,0244,1005.9,14.6,8.6,1200,3.58,24.92,,,,,,4.8,3.5,30.5,21.6,,,,,,,,,,4.9,7.1,,{박무}0405-0425.,
143,대구,2023-07-02,28.1,23.9,0204,33.5,1450,,,,,,,6.1,270,0100,4.2,290,0927,1.9,1626,270,21.5,48,1511,69.0,25.7,1002.0,1009.6,0921,1005.9,1620,1008.1,14.6,6.5,1300,3.05,21.78,,,,,,7.0,3.9,33.3,23.0,,,,,,,,,,4.4,6.3,,{박무}0110-{박무}{강도0}0300-{박무}{강도0}0900-0910. {달코로나}2350-,
143,대구,2023-07-03,27.1,22.5,0500,32.5,1639,,,,,,,6.5,140,1031,3.9,110,1154,2.1,1823,110,21.2,49,1441,71.5,25.2,1000.2,1008.7,0054,1003.7,1706,1006.3,14.6,9.5,1300,3.4,25.42,,,,,,5.9,3.6,34.5,21.7,,,,,,,,,,5.0,7.2,,-{달코로나}-0130. {박무}0340-0540. {박무}0620-0740. {박무}2210-2320.,
143,대구,2023-07-04,24.9,23.3,2114,29.0,1140,0.9,1533,1.8,1520,9.92,6.8,6.2,180,1151,4.0,110,0651,2.0,1728,140,21.9,61,1125,84.8,26.4,996.4,1005.9,0001,998.2,2400,1002.5,14.5,1.3,1000,2.16,8.92,,,,,,9.3,7.8,26.6,23.2,,,,,,,,,,1.8,2.6,,{박무}0405-{박무}{강도0}0600-0750. {비}1405-{비}{강도0}1500-{비}{강도0}1800-{비}{강도0}2100-{비}{강도0}2400- {박무}1515-1740. {박무}1830-1910. {박무}2020-{박무}{강도0}2100-2120. {박무}2310-{박무}{강도0}2400-,
143,대구,2023-07-05,27.5,23.4,0031,32.6,1722,3.2,524,7.2,436,6.42,16.1,14.6,290,1219,8.4,270,1347,3.0,2630,270,20.1,37,1800,67.9,23.9,989.7,1000.9,2355,993.3,0526,995.7,14.5,9.3,1200,3.69,25.66,,,,,,3.3,2.9,32.6,21.6,,,,,,,,,,6.1,8.7,,-{박무}-0125. -{비}-{비}{강도0}0300-{비}{강도0}0600-0625. {박무}0319-0540.,
143,대구,2023-07-06,27.5,20.7,0517,34.4,1541,,,,,,,5.6,270,1335,3.7,270,1336,1.2,1075,320,18.7,32,1514,62.3,21.6,996.7,1004.1,2205,1000.9,0001,1002.8,14.5,7.0,1100,3.35,22.29,,,,,,6.6,3.1,32.3,19.0,,,,,,,,,,4.7,6.7,,,
143,대구,2023-07-07,21.9,18.0,1546,25.7,0001,3.8,1349,14.2,1347,9.2,43.9,9.2,110,1758,5.3,110,1750,1.8,1566,110,19.5,72,0125,86.8,22.7,997.8,1005.2,1511,1003.0,1921,1003.9,14.5,0.0,0800,0.5,3.19,,,,,,9.6,7.1,23.3,18.0,,,,,,,,,,0.9,1.2,,{박무}0804-{박무}{강도0}0900-{박무}{강도0}1200-{박무}{강도1}1500-{박무}{강도0}1800-1835. {비}0938-{비}{강도0}1200-{비}{강도1}1500-{비}{강도0}1800-1850.,
143,대구,2023-07-08,23.1,19.8,0001,27.2,1431,0.0,,0.0,,0.12,0.0,6.7,140,1740,4.5,110,1819,1.7,1489,110,20.3,75,1316,84.5,23.8,997.5,1005.5,2239,1002.3,1352,1003.7,14.5,0.4,1000,2.12,10.56,,,,,,8.8,7.6,26.6,19.8,,,,,,,,,,2.3,3.4,,{박무}0040-{박무}{강도0}0300-{박무}{강도0}0600-{박무}{강도0}0900-1020. {비}1615-1622.,
143,대구,2023-07-09,26.6,21.8,0503,31.2,1745,,,,,,,5.0,140,0335,2.7,110,0010,1.5,1281,110,22.3,64,1605,78.0,27.0,997.7,1005.4,0118,1001.6,1556,1003.8,14.5,1.9,1000,2.07,15.1,,,,,,8.3,4.5,28.8,21.3,,,,,,,,,,2.8,4.0,,{박무}0020-{박무}{강도0}0300-{박무}{강도0}0600-{박무}{강도0}0900-1025. {박무}2155-{박무}{강도0}2400-,
143,대구,2023-07-10,28.3,24.1,0502,33.8,1644,0.0,,0.0,,0.58,0.0,8.1,250,1650,4.2,250,1651,1.6,1360,90,23.0,48,1641,74.6,28.1,998.6,1006.7,2356,1002.8,1711,1004.6,14.5,6.9,1100,2.86,19.68,,,,,,5.3,2.8,30.8,22.9,,,,,,,,,,4.1,5.8,,-{박무}-{박무}{강도0}0300-{박무}{강도0}0600-{박무}{강도0}0900-1110. {비}0840-{비}{강도0}0900-0915. {연무}1105-{연무}{강도0}1200-1205.,
143,대구,2023-07-11,24.8,22.9,1441,30.0,1329,23.3,1410,27.0,1407,7.17,46.5,18.8,230,1404,8.3,230,1411,1.2,1056,50,22.9,71,1323,89.5,27.9,1000.4,1008.1,1055,1005.0,1340,1006.5,14.4,0.2,1200,1.6,7.85,,,,,,9.0,4.0,26.3,22.6,,,,,,,,,,1.7,2.4,,{박무}0035-{박무}{강도0}0300-{박무}{강도0}0900-1150. {비}0955-1120. {비}1210-1215. {비}1355-{비}{강도2}1500-1610. {박무}1405-{시정(미만)}{1km}{안개}1410-{시정(이상)}{1km}{박무}1420-1430. {박무}1520-1550. {비}1625-1640. {비}1710-{비}{강도1}1800-2020. {박무}1740-{박무}{강도0}1800-1950.,0.17
143,대구,2023-07-12,27.3,23.1,0010,32.4,1524,0.2,,0.2,,0.33,0.2,6.2,250,1545,3.6,250,1546,1.3,1082,270,23.2,56,1527,79.8,28.4,999.5,1006.8,0733,1003.8,1601,1005.6,14.4,4.5,1200,3.12,18.21,,,,,,8.4,6.0,32.5,23.0,,,,,,,,,,3.3,4.6,,{박무}0150-{박무}{강도0}0300-{박무}{강도0}0600-0750. {소나기}1935-1955. {박무}2305-{박무}{강도0}2400-,
143,대구,2023-07-13,26.5,25.6,0412,27.4,1629,0.4,1109,0.9,1025,8.53,2.0,4.9,160,2121,2.9,140,2102,1.3,1088,140,23.8,76,2221,85.9,29.6,999.9,1007.3,0758,1004.5,2356,1006.0,14.4,0.0,0900,0.64,5.42,,,,,,9.9,5.1,27.4,24.6,,,,,,,,,,1.3,1.8,,-{박무}-{박무}{강도0}0300-{박무}{강도0}0600-{박무}{강도0}0900-{박무}{강도0}1200-1330. {비}0323-0335. {비}0356-0410. {비}0545-{비}{강도0}0600-0634. {비}0808-{비}{강도0}0900-0950. {비}1025-{비}{강도0}1200-1410. {비}2155-2320. {비}2335-{비}{강도0}2400-,
143,대구,2023-07-14,25.6,24.4,0753,27.8,1210,2.7,2002,9.3,1959,22.25,47.7,7.3,180,1237,3.0,50,1027,1.4,1204,140,23.5,75,1214,88.9,29.0,995.6,1004.5,0001,1000.8,1853,1001.7,14.4,0.0,1100,0.79,3.12,,,,,,10.0,8.5,25.4,24.3,,,,,,,,,,1.3,1.9,,-{비}-0050. {비}0155-{비}{강도0}0300-{비}{강도1}0600-{비}{강도1}0900-{비}{강도0}1200-{비}{강도0}1500-{비}{강도0}1800-{비}{강도1}2100-2210. {박무}0350-{박무}{강도0}0600-0610. {박무}0705-{박무}{강도0}0900-1110. {박무}1351-1420. {박무}1830-1850. {박무}1950-{박무}{강도1}2100-2210. {비}2245-2355.,
143,대구,2023-07-15,27.0,24.0,2318,29.9,0825,5.5,2058,15.5,2043,11.42,23.7,8.6,290,0546,3.9,270,0549,1.7,1511,50,23.3,62,0822,81.3,28.7,996.5,1006.2,2255,1000.5,0414,1002.5,14.4,0.3,0800,1.23,6.16,,,,,,9.9,7.3,28.3,23.5,,,,,,,,,,1.3,1.8,,{비}0020-0045. {비}1005-{비}{강도0}1200-1440. {박무}1305-1420. {비}1555-1745. {비}1830-1850. {비}1905-1915. {비}1955-{비}{강도1}2100-{비}{강도0}2400- {박무}2030-{박무}{강도1}2100-2130.,
143,대구,2023-07-16,24.4,22.8,0530,27.8,1518,1.6,1016,3.9,1007,9.83,9.7,3.9,320,1234,2.5,290,1712,0.8,724,320,22.9,74,1520,91.6,27.9,1002.6,1011.7,2246,1005.9,0011,1008.8,14.4,0.4,1400,1.72,8.56,,,,,,9.4,5.5,27.3,22.4,,,,,,,,,,1.8,2.6,,-{비}-0005. {비}0050-0140. {비}0655-0740. {비}0830-{비}{강도0}0900-1110. {박무}1020-1130. {비}1125-1155. {비}1210-1310. {비}1350-1405. {비}1450-1455. {비}1535-{비}{강도0}1800-1805. {비}2250-{비}{강도0}2400-,
143,대구,2023-07-17,26.7,23.1,0428,32.4,1503,1.9,530,4.9,1812,13.0,13.2,7.3,270,1412,4.6,270,1417,1.3,1109,140,23.5,57,1505,84.6,29.0,1006.4,1014.8,2139,1010.7,1514,1012.5,14.3,4.6,1200,2.99,19.07,,,,,,9.3,5.6,30.7,22.9,,,,,,,,,,3.3,4.7,,-{비}-0010. {비}0055-{비}{강도0}0300-{비}{강도0}0600-0705. {박무}0155-0240. {박무}0523-0541. {비}0815-0820. {비}0850-{비}{강도0}0900-0920. {비}1630-{비}{강도0}1800-2050. {박무}1810-2030. {비}2135-2210. {비}2250-{비}{강도0}2400-,
143,대구,2023-07-18,23.7,22.4,2354,24.8,1109,5.9,1419,17.0,1337,23.2,74.2,7.5,110,1415,4.3,110,1416,1.2,995,140,23.0,95,0021,96.4,28.1,1004.7,1014.4,0449,1007.3,1916,1010.9,14.3,0.0,1000,0.48,3.11,,,,,,10.0,7.8,25.0,22.4,,,,,,,,,,1.1,1.6,,-{비}-{비}{강도0}0300-{비}{강도0}0600-{비}{강도0}0900-{비}{강도1}1200-{비}{강도1}1500-{비}{강도1}1800-{비}{강도0}2100-2312. {박무}0730-{박무}{강도0}0900-{박무}{강도1}1200-{박무}{강도0}1500-1710. {박무}1730-{박무}{강도0}1800-2042.,
143,대구,2023-07-19,25.7,22.1,0301,30.3,1526,0.1,,0.1,,0.42,0.1,6.1,110,1718,4.2,110,1803,2.0,1708,110,21.4,58,1523,78.5,25.5,1001.4,1009.0,2337,1006.0,1703,1007.6,14.3,9.1,1200,3.45,25.45,,,,,,5.3,4.6,31.7,22.1,,,,,,,,,,4.6,6.5,,{박무}0130-0230. {박무}0611-0640. {안개비}0620-0645.,
143,대구,2023-07-20,27.6,22.9,0258,33.0,1431,,,,,,,5.1,110,1923,3.5,110,1929,1.4,1246,140,22.0,49,1621,73.6,26.5,1002.7,1010.9,2335,1007.2,1509,1008.9,14.3,6.8,1100,3.13,21.45,,,,,,5.3,3.9,31.8,21.7,,,,,,,,,,4.1,5.8,,{연무}0940-1050. {박무}2040-{박무}{강도0}2100-{박무}{강도0}2400-,
143,대구,2023-07-21,26.7,23.3,2400,31.4,1347,,,,,,,7.4,110,1450,4.9,110,1449,2.3,2012,140,22.5,61,1413,78.5,27.3,1006.7,1015.0,2319,1010.8,0001,1012.9,14.3,5.4,1200,3.37,20.99,,,,,,5.5,4.6,31.6,22.8,,,,,,,,,,4.6,6.5,,-{박무}-{박무}{강도0}0300-{박무}{강도0}0600-{박무}{강도0}0900-{박무}{강도0}1200-1225. {연무}1220-1345.,
143,대구,2023-07-22,25.4,21.5,0522,28.1,1342,0.0,,0.0,,0.17,0.0,6.3,110,0042,4.1,140,0349,2.7,2315,140,20.9,63,1016,77.3,24.8,1008.2,1015.8,0226,1012.6,1731,1014.4,14.2,4.3,0900,2.47,14.48,,,,,,6.0,3.9,29.9,20.8,,,,,,,,,,3.0,4.2,,{박무}0025-{박무}{강도0}0300-0320. {비}1210-1220.,
143,대구,2023-07-23,27.5,25.2,0052,30.2,1541,0.1,,0.1,,2.17,0.1,6.5,230,1753,3.8,140,1732,2.1,1802,160,22.7,65,1526,75.9,27.6,1003.8,1013.4,0023,1007.9,1634,1010.0,14.2,0.3,1500,1.32,9.68,,,,,,9.5,6.1,30.6,24.4,,,,,,,,,,2.1,3.0,,{비}1110-1140. {비}1430-1440. {비}1823-1855. {비}2241-2252. {비}2313-{비}{강도0}2400-,
143,대구,2023-07-24,26.6,24.3,0540,30.5,1411,2.4,151,7.5,152,9.13,14.5,7.6,270,1453,4.4,250,1501,1.3,1099,90,23.8,66,1328,85.4,29.5,1003.6,1012.1,2203,1008.4,1418,1009.8,14.2,1.8,1200,2.67,12.7,,,,,,9.5,4.4,29.6,24.2,,,,,,,,,,2.6,3.7,,-{비}-0030. {비}0105-{비}{강도1}0300-0430. {박무}0150- {박무}{강도0}0300-0405. {비}0647-0730. {비}0750-0850. {비}0940-0950. {비}1050-1120. {비}1225-1245. {비}1410-{비}{강도0}1500-1605. {비}1620-1650. {비}1815-1820.,
143,대구,2023-07-25,27.3,24.6,2358,32.2,1225,0.0,,0.0,,2.52,0.0,11.0,250,1600,5.5,250,1609,1.3,1143,320,22.8,55,1239,78.1,27.8,1007.4,1015.5,2307,1011.3,0133,1013.6,14.2,4.0,1000,2.24,15.69,,,,,,7.0,5.8,32.1,23.6,,,,,,,,,,3.0,4.3,,{소나기}1250-1258. {소나기}1307-1405. {소나기}1555-1720.,
143,대구,2023-07-26,27.2,23.8,2356,33.1,1430,0.0,,0.0,,2.0,0.0,10.5,320,1906,5.7,290,1913,1.4,1207,320,22.7,54,1327,78.3,27.7,1009.2,1017.0,0808,1012.9,1637,1015.4,14.1,2.3,1400,2.35,15.72,,,,,,8.0,6.0,30.6,23.0,,,,,,,,,,3.5,4.9,,{소나기}0810-0835. {소나기}1915-1930. {소나기}2050-{소나기}{강도0}2100-{비}2130-2210.,
143,대구,2023-07-27,27.9,22.8,0353,32.9,1335,0.0,,0.0,,0.18,0.0,4.8,290,1311,2.9,290,1256,1.3,1102,50,22.9,52,1405,76.0,28.0,1008.5,1016.2,0637,1012.5,1627,1014.7,14.1,7.0,1200,3.37,20.34,,,,,,3.8,2.9,31.0,21.7,,,,,,,,,,4.0,5.7,,{소나기}1429-1440.,
143,대구,2023-07-28,29.4,24.6,0519,34.5,1603,,,,,,,4.6,270,1327,3.3,270,1335,1.1,964,340,23.3,50,1546,71.5,28.6,1008.1,1015.5,0713,1012.2,1800,1014.2,14.1,9.1,1100,2.74,18.41,,,,,,2.8,1.0,31.7,23.1,,,,,,,,,,3.8,5.4,,{박무}0130-{박무}{강도0}0300-{박무}{강도0}0600-{박무}{강도0}0900-0938. {연무}0933-0950.,
143,대구,2023-07-29,30.1,24.8,0532,35.3,1445,,,,,,,5.4,320,1446,2.8,290,1453,1.1,943,320,22.2,35,1448,65.5,26.8,1008.1,1015.4,0555,1012.4,1550,1014.1,14.1,8.9,1100,3.2,20.99,,,,,,2.0,2.0,33.7,23.5,,,,,,,,,,4.4,6.3,,{박무}0410-{박무}{강도0}0600-0857. {연무}0852-{연무}{강도0}0900-0905.,
143,대구,2023-07-30,29.8,25.0,0525,35.5,1516,,,,,,,5.5,200,1744,3.3,140,1601,1.5,1298,110,22.1,40,1544,65.4,26.6,1007.1,1015.0,0843,1010.7,1717,1013.2,14.0,10.4,1100,3.36,23.15,,,,,,2.9,2.3,36.2,23.0,,,,,,,,,,5.0,7.1,,,
143,대구,2023-07-31,29.6,24.7,0523,34.4,1503,,,,,,,7.8,320,1425,4.0,90,1830,1.5,1298,270,22.2,44,1601,65.9,26.7,1006.1,1014.3,0646,1010.1,1526,1012.2,14.0,7.6,1000,2.76,17.62,,,,,,4.6,2.1,36.3,22.8,,,,,,,,,,4.1,5.8,,,
143,대구,2023-08-01,29.7,24.9,0537,34.8,1334,,,,,,,5.3,110,1150,3.4,110,1231,1.9,1640,110,21.8,45,1209,64.8,26.2,1004.6,1012.9,0745,1008.4,1703,1010.7,14.0,9.6,1200,3.46,23.23,,,,,,3.4,2.1,36.9,24.1,,,,,,,,,,4.9,7.1,,{박무}0450-{박무}{강도0}0600-0820. {햇무리}1350-1630.,
143,대구,2023-08-02,30.0,23.9,0533,34.7,1433,,,,,,,4.9,160,1807,3.1,160,1813,1.5,1314,110,22.0,45,1517,64.1,26.4,1001.7,1010.5,0059,1004.9,1750,1007.8,14.0,8.6,1100,2.94,20.37,,,,,,6.6,2.8,35.8,22.4,,,,,,,,,,4.5,6.5,,{달코로나}0120-0130. {달무리}0300-0325.,
143,대구,2023-08-03,31.5,27.0,0453,37.7,1457,,,,,,,8.0,250,1402,4.3,270,1408,1.8,1537,320,22.9,36,1411,62.1,27.9,999.8,1007.4,0531,1003.7,1702,1005.9,13.9,10.1,1300,3.37,24.16,,,,,,2.6,2.0,41.0,24.9,,,,,,,,,,5.5,7.8,,,
143,대구,2023-08-04,30.5,26.0,0541,34.7,1419,,,,,,,4.2,340,1234,3.0,50,1535,1.1,917,90,23.0,48,1740,66.0,28.2,998.2,1006.2,0318,1002.2,1751,1004.2,13.9,5.5,1100,2.51,13.92,,,,,,5.1,1.8,34.6,24.3,,,,,,,,,,3.4,4.8,,,
143,대구,2023-08-05,31.5,25.7,0553,37.2,1455,,,,,,,6.1,290,1638,3.7,320,1645,1.5,1258,110,23.4,43,1714,64.3,28.8,994.0,1002.9,0005,997.2,1814,1000.0,13.9,10.8,1100,3.34,23.28,,,,,,2.5,2.5,39.5,23.8,,,,,,,,,,5.2,7.5,,,
143,대구,2023-08-06,30.4,26.4,0530,35.6,1434,,,,,,,9.2,90,1939,6.3,90,2015,3.0,2598,110,23.3,48,1452,67.5,28.7,992.4,1000.2,2228,996.1,1626,998.4,13.8,11.3,1000,2.85,23.88,,,,,,4.5,3.0,40.2,25.8,,,,,,,,,,5.6,8.0,,,
143,대구,2023-08-07,29.5,26.2,0344,34.6,1329,,,,,,,10.0,110,1519,7.0,90,1526,2.9,2537,110,23.1,50,1416,69.6,28.2,993.7,1001.6,2350,997.6,1548,999.7,13.8,10.3,1100,3.2,24.28,,,,,,5.0,4.5,38.2,25.4,,,,,,,,,,5.6,8.1,,,
143,대구,2023-08-08,28.4,25.5,0510,33.2,1440,,,,,,,10.7,110,1540,7.2,110,1727,3.7,3187,110,22.9,57,1441,72.8,27.9,996.6,1004.1,2233,1001.3,1413,1002.6,13.8,7.9,1200,3.27,22.19,,,,,,5.3,5.1,37.1,25.2,,,,,,,,,,5.1,7.3,,,
143,대구,2023-08-09,25.4,24.6,2128,26.8,0942,2.7,2047,8.3,1622,14.33,41.0,7.1,90,0514,4.7,110,0539,2.2,1864,140,23.4,76,0011,89.4,28.8,996.2,1004.1,0001,998.1,2400,1002.3,13.7,0.0,1000,0.39,2.77,,,,,,9.5,7.9,27.9,24.6,,,,,,,,,,0.8,1.1,,{비}0855-{비}{강도0}0900-0905. {비}0935-{비}{강도0}1200-{비}{강도1}1500-1555. {박무}1140-{박무}{강도0}1200-{박무}{강도2}1500-1550. {비}1610-{비}{강도1}1800-{비}{강도1}2100-{비}{강도1}2400- {박무}1625-1730. {박무}2050- {박무}{강도0}2100-{박무}{강도0}2400-,
143,대구,2023-08-10,25.1,22.8,1342,26.6,0328,4.3,43,13.5,946,14.92,93.4,17.1,50,1020,8.9,50,1028,2.8,2404,70,22.0,68,1840,83.5,26.5,986.1,998.6,2355,983.2,1133,992.2,13.7,0.1,1500,0.98,3.99,,,,,,9.6,7.8,25.7,22.8,,,,,,,,,,1.6,2.3,,-{비}-{비}{강도1}0300-{비}{강도1}0600-{비}{강도1}0900-{비}{강도1}1200-1455. -{박무}-{박무}{강도0}0300-{박무}{강도0}0600-{박무}{강도0}0900-{박무}{강도0}1200-1420.,
143,대구,2023-08-11,27.5,22.2,0535,32.5,1317,,,,,,,7.7,160,1508,4.4,160,1516,1.9,1602,180,20.3,46,1308,66.8,23.9,995.5,1003.8,2335,998.6,0001,1001.5,13.7,10.0,1300,3.3,23.02,,,,,,2.9,2.8,29.1,20.9,,,,,,,,,,4.9,6.9,,,
143,대구,2023-08-12,27.1,23.6,0624,31.4,1443,,,,,,,6.4,320,1536,4.1,290,1538,1.6,1390,110,21.2,50,1514,71.8,25.2,997.9,1005.5,2242,1002.7,1444,1004.0,13.7,3.0,1100,2.53,15.46,,,,,,6.9,4.6,28.6,22.6,,,,,,,,,,3.1,4.4,,,
143,대구,2023-08-13,27.2,23.1,0320,32.6,1420,,,,,,,6.7,140,2118,4.5,140,2129,2.0,1717,110,21.6,43,1509,73.4,25.8,999.0,1006.7,2332,1003.4,1507,1005.1,13.6,7.0,1200,3.17,22.09,,,,,,6.8,2.9,30.4,22.0,,,,,,,,,,4.4,6.3,,{박무}0410-0450. {박무}0520-{박무}{강도0}0600-{박무}{강도0}0900-1040.,
143,대구,2023-08-14,26.8,23.6,0554,31.5,1547,,,,,,,8.1,90,1750,5.3,90,1751,2.7,2357,110,21.5,54,1513,74.3,25.7,1000.1,1007.3,1015,1004.6,1746,1006.2,13.6,8.4,1200,3.46,22.84,,,,,,6.0,3.0,31.2,22.7,,,,,,,,,,4.8,6.9,,{박무}0530-{박무}{강도0}0600-0810. {채운}1355-1415.,
143,대구,2023-08-15,27.5,23.0,0538,34.0,1550,,,,,,,7.7,110,2036,5.0,110,1959,2.0,1711,110,21.3,46,1520,70.8,25.4,998.2,1006.6,0001,1001.6,1559,1004.3,13.5,11.2,1300,3.17,25.51,,,,,,2.9,2.9,34.9,21.4,,,,,,,,,,5.1,7.3,,,
143,대구,2023-08-16,27.0,23.9,0612,33.3,1424,1.9,1845,1.9,1755,2.75,3.1,9.5,50,1744,4.6,110,1722,2.0,1696,140,21.8,42,1407,74.6,26.1,997.8,1005.7,2230,1001.9,1611,1003.9,13.5,4.5,1200,2.72,16.4,,,,,,7.8,5.6,32.5,23.6,,,,,,,,,,3.5,5.0,,{소나기}1645- {소나기}{강도0}1800-1930. {박무}1845-1910.,
143,대구,2023-08-17,25.9,24.0,0306,28.8,1554,0.0,,0.0,,0.25,0.0,7.3,110,1134,5.2,110,1308,2.8,2446,110,21.8,66,1626,78.6,26.1,999.7,1007.1,2255,1004.6,1624,1005.8,13.5,3.3,1200,2.56,15.72,,,,,,7.6,5.4,28.6,23.0,,,,,,,,,,3.3,4.7,,{소나기}0235-0250. {박무}1105-1140.,
143,대구,2023-08-18,25.7,23.6,0620,28.8,1148,0.7,1309,0.9,,1.68,1.6,6.6,110,1251,4.4,110,1256,2.2,1892,110,22.7,70,1053,84.0,27.5,1001.4,1009.5,2320,1006.5,0255,1007.5,13.5,1.0,1100,2.14,11.47,,,,,,7.8,6.1,27.8,23.4,,,,,,,,,,2.0,2.9,,{비}0550-{비}{강도0}0600-0613. {박무}0555-{박무}{강도0}0600-0610. {비}0705-0718. {비}1250-1340. {비}1555-1610. {박무}2150-{박무}{강도0}2400-,
143,대구,2023-08-19,27.3,24.5,0119,31.7,1547,0.1,,0.1,,0.58,0.1,5.2,110,1739,3.8,110,1747,1.5,1296,110,23.8,61,1536,82.0,29.5,1003.9,1011.5,2341,1008.5,1701,1010.0,13.4,4.1,1100,2.72,14.1,,,,,,7.0,5.3,29.4,23.7,,,,,,,,,,2.9,4.1,,-{박무}-{박무}{강도0}0300-{박무}{강도0}0600-{박무}{강도0}0900-1050. {소나기}1330-1405.,
143,대구,2023-08-20,27.3,24.7,1802,33.5,1552,2.7,1744,5.9,1715,2.5,6.3,9.3,20,1717,5.7,320,1658,1.2,1075,90,24.3,56,1401,84.9,30.4,1005.1,1012.5,0757,1008.9,1609,1011.2,13.4,3.8,1100,3.08,15.18,,,,,,6.9,6.4,30.5,23.5,,,,,,,,,,3.3,4.7,,{박무}0240-{박무}{강도0}0300-0450. {박무}0520-0530. {소나기}1425-1450. {소나기}1645-{소나기}{강도1}1800-1850. {박무}1739-{박무}{강도1}1800-1820. {박무}2205-{박무}{강도0}2400-,
143,대구,2023-08-21,28.9,24.9,0603,33.7,1539,,,,,,,5.7,140,1645,3.5,160,1547,1.5,1255,160,23.5,52,1504,74.4,28.9,1002.7,1011.5,0001,1006.5,1805,1008.8,13.4,9.4,1100,3.04,22.22,,,,,,3.3,2.8,32.0,24.1,,,,,,,,,,4.5,6.5,,-{박무}-{박무}{강도0}0300-{박무}{강도0}0600-0840.,
143,대구,2023-08-22,28.8,24.5,0603,34.0,1426,,,,,,,7.3,160,1431,4.0,140,1256,2.0,1733,140,23.0,51,1420,72.3,28.0,999.8,1008.2,0001,1003.5,1540,1005.9,13.3,10.3,1200,3.38,23.4,,,,,,1.8,1.8,33.6,23.0,,,,,,,,,,4.9,7.0,,{박무}0230-{박무}{강도0}0300-{박무}{강도0}0600-{박무}{강도0}0900-0905.,
143,대구,2023-08-23,28.6,24.3,0552,34.0,1556,3.8,2328,11.9,2259,2.03,15.9,7.3,160,1434,4.4,160,1439,2.4,2042,140,22.6,48,1430,72.3,27.4,999.9,1007.7,2338,1003.5,1604,1006.0,13.3,9.5,1200,3.34,22.34,,,,,,5.1,2.0,34.1,23.2,,,,,,,,,,4.6,6.6,,{박무}0210-{박무}{강도0}0300-{박무}{강도0}0600-0740. {비}2158-{비}{강도1}2400- {박무}2210-{박무}{강도1}2400-,
143,대구,2023-08-24,25.0,22.9,0410,29.4,1409,5.3,2153,12.7,2130,16.27,36.4,9.8,110,2239,5.6,110,1432,2.9,2471,110,23.4,76,1352,91.5,28.9,1000.6,1008.3,0948,1004.3,2203,1006.8,13.2,1.1,1400,2.1,10.16,,,,,,9.8,6.8,27.4,22.9,,,,,,,,,,2.2,3.1,,-{박무}-0255. -{비}-{비}{강도0}0300-0445. {박무}0335-0510. {비}0510-0520. {비}0610-0843. {박무}0625-{박무}{강도0}0900-1010. {비}1055-1130. {박무}1058-1104. {비}1220-1235. {비}1305-1310. {비}1550-1558. {비}1605-{비}{강도0}1800-1820. {비}1830-{비}{강도0}2100-{비}{강도0}2400- {박무}1930-{박무}{강도0}2100-{박무}{강도0}2400-,
143,대구,2023-08-25,27.4,23.8,0629,32.4,1621,0.5,2,0.7,1,0.75,0.7,7.7,250,0023,4.0,250,0031,1.9,1613,320,20.9,46,1601,70.5,24.9,1001.4,1009.6,2354,1005.6,0001,1007.5,13.2,7.8,1200,3.04,20.62,,,,,,5.1,4.5,29.7,22.5,,,,,,,,,,4.3,6.2,,-{박무}-0020. -{비}-0035. {비}0355-0405.,
143,대구,2023-08-26,26.6,21.5,0610,32.8,1617,,,,,,,5.7,90,1733,3.5,90,1743,1.6,1370,110,19.7,36,1412,68.4,23.0,1003.0,1011.0,0651,1006.7,1700,1009.2,13.2,10.7,1200,3.3,23.97,,,,,,2.5,1.4,29.2,19.9,,,,,,,,,,4.8,6.9,,,
143,대구,2023-08-27,25.5,22.3,0544,30.9,1326,2.7,1650,4.7,1635,1.72,4.7,8.6,110,1611,5.6,110,1530,2.6,2259,110,21.2,50,1228,78.6,25.2,1002.9,1010.0,2050,1007.0,1444,1009.0,13.1,6.7,1100,3.1,17.92,,,,,,6.1,4.4,28.4,20.8,,,,,,,,,,3.7,5.3,,{비}1635-1731. {박무}1640-1735. {비}1838-1915. {비}1935-1945.,
143,대구,2023-08-28,25.5,23.0,0427,27.9,1437,,,,,,,9.5,110,1117,5.9,110,1101,3.4,2935,90,21.7,67,1128,80.5,26.1,1002.3,1009.5,0004,1007.1,1715,1008.5,13.1,2.5,1000,2.1,13.2,,,,,,7.9,4.4,27.2,22.0,,,,,,,,,,2.7,3.9,,,
143,대구,2023-08-29,25.7,23.2,0517,28.0,0943,2.1,1559,3.3,1519,5.52,3.3,5.2,140,0250,3.6,110,0316,2.2,1870,110,23.6,75,0923,88.6,29.1,1001.1,1008.9,0015,1006.0,1549,1007.3,13.1,0.6,0900,0.73,4.92,,,,,,8.4,6.4,26.3,22.7,,,,,,,,,,1.0,1.4,,{박무}0130-{박무}{강도0}0300-{박무}{강도0}0600-0720. {비}0955-1005. {비}1025-1040. {비}1130-{비}{강도0}1200-1405. {박무}1210-1220. {비}1510-1620. {박무}1510-1535. {박무}1555-1610. {비}1710-1740. {무지개}1820-1830. {비}2149-2240.,
143,대구,2023-08-30,24.7,22.3,2355,25.9,1713,3.7,917,8.4,843,15.88,54.9,9.9,290,2151,5.4,290,2158,1.4,1232,110,23.7,89,2151,95.0,29.4,1002.7,1010.0,0922,1007.9,1659,1008.8,13.0,0.1,1500,0.67,3.39,,,,,,9.8,6.4,25.9,22.2,,,,,,,,,,0.7,1.0,,{비}0410-{비}{강도1}0600-{비}{강도1}0900-{비}{강도1}1200-1215. {박무}0415-{박무}{강도0}0600-{박무}{강도0}0900-{박무}{강도0}1200-1210. {비}1227-{비}{강도1}1500-1640. {박무}1254-1455. {비}1955-2050. {박무}2030-2050. {비}2120-{비}{강도0}2400-,
143,대구,2023-08-31,23.3,21.2,0512,25.7,1512,4.8,235,14.8,236,10.53,51.4,5.8,250,0238,3.4,270,0237,1.5,1300,110,21.4,75,1133,89.8,25.6,1004.2,1011.4,1051,1009.2,0158,1010.5,13.0,0.2,1300,1.3,8.68,,,,,,9.4,7.9,25.0,21.2,,,,,,,,,,1.7,2.4,,{박무}0020-0125. {박무}0230-{박무}{강도0}0300-0440. -{비}-{비}{강도1}0300-{비}{강도0}0600-0855. {박무}0520-{박무}{강도0}0600-0830. {비}1148-{비}{강도0}1200-1250. {비}1540-1615.,
143,대구,2023-09-01,25.8,23.1,0558,30.2,1539,,,,,,,5.3,140,1934,3.6,110,1934,1.6,1343,110,21.0,50,1541,76.6,24.9,1005.1,1012.7,1115,1009.9,1532,1011.2,13.0,6.5,1200,3.37,18.51,,,,,,8.0,6.8,27.8,23.1,,,,,,,,,,3.5,5.1,,{박무}0250-{박무}{강도0}0300-0305.,
143,대구,2023-09-02,24.9,22.5,0949,28.9,1517,0.6,1823,1.0,1755,2.33,1.1,8.8,110,1740,5.5,110,1806,2.1,1775,90,21.0,59,1341,79.8,24.8,1006.0,1013.5,2125,1010.6,1601,1012.2,12.9,2.4,1100,3.15,14.27,,,,,,7.5,5.9,26.8,22.1,,,,,,,,,,3.1,4.4,,{비}0740-0750. {비}0925-0955. {박무}0930-1010. {비}1730-{비}{강도0}1800-1910.,
143,대구,2023-09-03,26.6,22.6,0602,31.8,1435,,,,,,,7.9,90,1716,5.3,90,1720,1.9,1659,140,21.9,59,1436,76.4,26.2,1006.5,1013.9,0815,1011.0,1533,1012.7,12.9,6.5,1200,2.82,19.54,,,,,,7.3,5.8,30.1,21.7,,,,,,,,,,3.8,5.5,,,
143,대구,2023-09-04,26.4,22.8,0600,30.6,1252,0.0,,0.0,,0.92,0.0,9.1,90,1733,5.5,90,1753,2.7,2357,110,21.7,59,1519,76.8,26.0,1006.1,1013.3,0001,1010.6,1513,1012.2,12.9,9.5,1200,3.35,19.95,,,,,,4.5,1.9,28.4,21.8,,,,,,,,,,4.1,5.8,,{달무리}0130-0320. {소나기}1350-{비}1430-1445.,
143,대구,2023-09-05,26.1,22.4,0539,30.6,1414,,,,,,,7.2,110,1819,4.6,110,1821,2.1,1834,110,18.5,40,1415,65.5,21.5,1005.5,1013.0,0939,1010.1,1508,1011.6,12.8,10.4,1200,2.87,21.37,,,,,,5.9,1.4,30.7,20.3,,,,,,,,,,4.7,6.8,,,
143,대구,2023-09-06,25.2,20.3,0554,30.9,1358,,,,,,,8.5,110,1558,5.7,110,1600,1.9,1661,90,18.8,46,1400,69.3,21.8,1005.9,1014.3,2320,1010.3,1557,1012.0,12.8,8.9,1100,2.89,19.87,,,,,,2.6,2.3,30.8,18.6,,,,,,,,,,4.2,6.0,,,
143,대구,2023-09-07,23.6,18.1,0608,28.9,1400,,,,,,,9.6,110,1424,5.8,110,1453,2.3,1995,90,16.7,46,1345,67.3,19.0,1008.6,1016.0,0905,1013.6,1431,1014.8,12.8,11.6,1200,3.26,23.28,,,,,,1.3,1.3,28.8,14.7,,,,,,,,,,5.0,7.2,,{박무}0350-0510.,
143,대구,2023-09-08,23.3,18.1,0506,29.0,1503,,,,,,,7.7,110,1955,5.1,110,1919,1.9,1631,110,16.4,44,1445,67.5,18.6,1007.0,1015.3,0001,1010.8,1626,1013.2,12.7,7.2,1400,2.57,18.37,,,,,,1.5,1.5,30.0,15.8,,,,,,,,,,4.1,5.8,,,
143,대구,2023-09-09,23.4,17.3,0554,29.5,1554,,,,,,,6.6,140,1952,4.3,110,1900,2.2,1889,110,16.5,39,1459,68.1,18.7,1005.6,1013.1,0624,1009.6,1620,1011.8,12.7,11.7,1200,3.19,23.75,,,,,,0.0,0.0,29.9,15.1,,,,,,,,,,4.7,6.8,,,
143,대구,2023-09-10,24.0,17.6,0603,30.9,1636,,,,,,,7.5,90,1817,4.4,90,1754,2.0,1698,110,17.7,42,1229,69.8,20.3,1004.8,1012.8,0728,1008.7,1559,1011.0,12.6,10.2,1100,3.06,21.65,,,,,,2.6,2.4,30.0,16.0,,,,,,,,,,4.3,6.1,,,
143,대구,2023-09-11,25.6,20.3,0541,31.4,1409,,,,,,,5.2,140,2320,3.2,110,1837,1.6,1414,140,18.9,41,1428,68.9,21.9,1003.3,1011.1,2340,1007.2,1535,1009.5,12.6,6.7,1100,3.03,17.86,,,,,,4.6,2.8,30.3,19.1,,,,,,,,,,3.3,4.8,,,
143,대구,2023-09-12,26.1,22.3,0506,30.6,1502,,,,,,,4.2,140,1505,2.6,160,1527,1.3,1138,110,20.9,54,1325,74.6,24.7,1004.6,1012.1,0851,1008.8,1547,1010.7,12.6,,,,,,,,,,8.1,4.1,32.7,21.5,,,,,,,,,,,,,,
143,대구,2023-09-13,24.7,22.4,2359,28.4,1358,1.1,2048,2.8,2015,3.17,4.0,6.7,90,1758,4.3,110,1759,2.0,1715,110,21.6,66,1359,84.1,25.9,1004.7,1012.4,1001,1008.7,1545,1010.9,12.5,,,,,,,,,,9.9,4.9,28.2,21.9,,,,,,,,,,,,,{비}0340-0435. {박무}0340-{박무}{강도0}0600-{박무}{강도0}0900-1120. {비}0605-0615. {비}1807-1850. {박무}1820-1840. {비}2003-{비}{강도0}2100-2125. {박무}2040-{박무}{강도0}2100-2110.,
143,대구,2023-09-14,22.6,21.4,0439,24.5,1603,0.5,551,1.5,501,10.37,6.7,7.4,110,1647,4.7,90,1612,2.4,2114,140,20.7,76,1704,89.5,24.4,1006.7,1015.9,2159,1009.8,0141,1012.9,12.5,0.0,1300,0.64,4.39,,,,,,9.9,7.4,23.8,21.3,,,,,,,,,,1.1,1.6,,{비}0105-{비}{강도0}0300-0330. {박무}0255-{박무}{강도0}0300-0310. {비}0403-{비}{강도0}0600-{비}{강도0}0900-0950. {박무}0450-{박무}{강도0}0600-0730. {비}1315-1355. {비}2020-{비}{강도0}2100-2150.,
143,대구,2023-09-15,22.8,21.3,0527,24.9,1626,1.4,641,3.5,621,12.72,11.2,5.2,110,1513,2.9,140,2006,1.4,1188,140,21.4,82,1651,92.3,25.5,1008.0,1015.6,0014,1012.8,1624,1014.3,12.5,0.0,1500,0.68,3.87,,,,,,9.9,8.0,24.4,21.2,,,,,,,,,,0.9,1.3,,{비}0030-{비}{강도0}0300-{비}{강도0}0600-{비}{강도0}0900-1015. {박무}0125-0205. {박무}0315-0335. {박무}0409-{박무}{강도1}0600-{박무}{강도0}0900-0930. {비}1025-1140. {비}1405-1425. {안개비}2017-2023. {비}2053-{비}{강도0}2100-2210. {박무}2112-2205.,
143,대구,2023-09-16,23.1,22.2,0556,24.5,1443,3.1,1714,10.8,1703,8.87,25.1,5.3,160,1928,3.2,110,1127,1.5,1295,110,22.1,90,0924,94.6,26.6,1006.8,1014.6,1002,1011.5,2340,1013.0,12.4,0.0,0800,0.63,3.36,,,,,,9.0,7.0,24.9,21.9,,,,,,,,,,0.7,1.0,,{박무}0005-{박무}{강도0}0300-{박무}{강도0}0600-{박무}{강도0}0900-{박무}{강도1}1200-1410. {비}0135-0150. {비}0430-0457. {비}0925-0935. {비}0955-{비}{강도0}1200-1410. {비}1430-{비}{강도0}1500-{비}{강도1}1800-1815. {박무}1505-{박무}{강도1}1800-1927. {박무}2220-2330.,
143,대구,2023-09-17,24.6,21.9,0728,27.9,1247,1.4,303,6.3,254,4.05,13.2,4.3,110,0635,2.9,110,0640,1.2,1062,110,22.2,70,1254,87.0,26.7,1004.8,1012.5,2353,1009.6,1435,1010.9,12.4,2.1,1100,2.81,11.05,,,,,,9.5,7.3,26.4,21.9,,,,,,,,,,2.1,3.0,,{박무}0020-{박무}{강도1}0300-{박무}{강도0}0600-0630. {비}0242-{비}{강도0}0300-{비}{강도0}0600-0640. {비}2355-{비}{강도0}2400-,
143,대구,2023-09-18,26.1,22.7,0517,32.8,1549,0.0,,0.0,,0.33,0.0,6.2,250,1559,3.7,250,1653,1.4,1169,90,21.3,41,1610,76.8,25.4,1006.1,1013.7,2352,1010.3,1509,1012.3,12.3,6.3,1300,2.38,17.01,,,,,,6.4,6.0,27.6,21.9,,,,,,,,,,3.5,5.0,,-{비}-0020.,
143,대구,2023-09-19,25.2,21.8,0619,29.5,1528,0.0,,0.0,,0.17,0.0,6.5,290,1023,4.0,270,1032,1.6,1422,290,19.2,46,1349,71.4,22.4,1007.7,1015.0,0851,1012.3,1533,1013.9,12.3,8.7,1200,2.8,18.52,,,,,,6.8,2.3,25.8,20.1,,,,,,,,,,3.4,4.9,,{비}0335-0345. {해코로나}1450-{채운}1450-1710.1730.,
143,대구,2023-09-20,22.0,20.8,2152,24.9,1150,4.5,1732,12.0,1710,10.58,36.6,8.6,110,1309,5.4,110,1312,2.1,1830,110,20.1,66,1257,89.4,23.5,1003.9,1014.2,0041,1005.3,2342,1010.2,12.3,0.0,0900,0.7,3.97,,,,,,9.5,6.6,23.1,20.8,,,,,,,,,,1.0,1.5,,{박무}0150-{박무}{강도0}0300-{박무}{강도0}0600-{박무}{강도0}0900-1150. {비}1235-1305. {비}1335-{비}{강도0}1500-{비}{강도1}1800-2005. {박무}1420-{박무}{강도0}1500-1535. {박무}1605-{박무}{강도1}1800-{박무}{강도0}2100-{박무}{강도1}2400- {비}2025-{비}{강도0}2100-{비}{강도1}2400-,
143,대구,2023-09-21,19.5,18.2,1817,21.2,0058,0.4,321,1.2,648,11.82,3.4,9.7,110,0545,5.5,110,0551,2.3,1959,110,18.0,80,1346,91.0,20.7,1004.6,1014.8,2346,1005.0,0016,1010.9,12.2,0.0,0900,1.1,6.12,,,,,,9.5,7.9,22.3,17.8,,,,,,,,,,1.4,2.0,,-{비}-0020. -{박무}-0020. {비}0029-0115. {박무}0040-0105. {박무}0305-0355. {비}0314-0510. {비}0520-0540. {비}0608-{비}{강도0}0900-0940. {박무}0620-0750. {비}1050-{비}{강도0}1200-1240. {비}1320-{비}{강도0}1500-1505. {박무}1405-1440. {비}1520-1540. {안개비}1730-{안개비}{강도0}1800-1830. {박무}1730-{박무}{강도0}1800-1805.,
143,대구,2023-09-22,21.1,17.8,0605,26.5,1700,,,,,,,6.2,90,2002,4.5,90,1955,1.5,1280,110,15.6,45,1702,73.1,17.8,1009.5,1018.2,2345,1014.2,1502,1015.8,12.2,8.4,1500,2.09,16.79,,,,,,4.0,2.8,23.2,15.8,,,,,,,,,,2.9,4.2,,,
143,대구,2023-09-23,19.9,15.3,0558,25.3,1302,,,,,,,9.2,90,1718,5.6,110,1308,2.0,1751,90,14.4,43,1315,74.0,16.5,1013.6,1021.9,2132,1017.9,0234,1019.9,12.1,6.8,1000,2.49,16.32,,,,,,5.4,2.1,21.2,13.4,,,,,,,,,,3.4,4.8,,,
143,대구,2023-09-24,20.4,15.5,0553,25.3,1400,,,,,,,10.0,90,1112,6.7,90,1513,2.5,2140,90,13.3,41,1133,66.3,15.4,1014.0,1021.9,0814,1018.5,1459,1020.3,12.1,8.8,1200,2.96,19.68,,,,,,4.6,3.6,21.8,13.0,,,,,,,,,,4.0,5.7,,,
143,대구,2023-09-25,21.1,18.1,0544,24.9,1239,0.4,2320,0.8,2236,5.55,0.9,7.4,110,2005,4.5,90,1354,2.0,1705,110,17.0,63,1144,78.4,19.5,1010.6,1019.0,0001,1015.0,1609,1016.9,12.1,0.9,1200,1.9,10.92,,,,,,9.5,4.9,23.2,17.3,,,,,,,,,,2.1,3.1,,{비}0255-{비}{강도0}0300-0320. {비}0350-0430. {비}0820-{비}{강도0}0900-0905. {비}1958-{비}{강도0}2100-2105. {비}2112-2348.,
143,대구,2023-09-26,20.8,20.1,0001,21.7,1412,2.1,648,8.2,608,12.9,17.9,4.9,140,0924,3.4,110,1055,1.3,1107,110,19.9,90,1411,95.0,23.2,1007.4,1016.1,0001,1012.3,1549,1013.7,12.0,0.0,1000,0.38,2.33,,,,,,10.0,8.3,21.8,19.8,,,,,,,,,,0.6,0.8,,{비}0357-0406. {비}0420-{비}{강도0}0600-{비}{강도0}0900-1010. {박무}0450-{박무}{강도0}0600-{박무}{강도0}0900-1005. {비}1105-1125. {비}1215-1245. {비}1435-{비}{강도0}1500-1605. {박무}1450-{박무}{강도0}1500-{박무}{강도1}1800-{박무}{강도0}2100-{박무}{강도0}2400- {비}1630-{비}{강도0}1800-{비}{강도0}2100-2105.,
143,대구,2023-09-27,23.8,21.0,0001,29.2,1528,,,,,,,6.6,290,1935,3.3,290,1627,1.3,1155,290,19.8,55,1529,79.6,23.0,1005.2,1012.7,0001,1009.3,1500,1011.4,12.0,2.2,1100,1.95,10.1,,,,,,8.1,7.0,25.4,21.0,,,,,,,,,,2.4,3.5,,-{박무}-{박무}{강도0}0300-{박무}{강도1}0600-{박무}{강도0}0900-1050. {박무}1120-1140. {달무리}2330-,
143,대구,2023-09-28,23.6,19.6,2349,28.8,1502,,,,,,,8.0,290,1222,4.8,270,1304,2.3,2017,270,17.3,44,1456,69.8,19.8,1007.0,1014.9,2339,1011.6,1457,1013.2,12.0,7.6,1300,2.66,16.87,,,,,,3.1,2.8,24.3,17.8,,,,,,,,,,3.5,4.9,,-{달무리}-0130. {박무}2335-{박무}{강도0}2400-,
143,대구,2023-09-29,21.8,16.7,0620,26.8,1257,,,,,,,3.8,140,1238,2.3,90,1140,1.1,979,140,16.6,43,1307,74.6,18.9,1007.7,1016.6,0827,1012.0,2356,1014.0,11.9,5.8,1200,2.77,15.32,,,,,,5.4,3.4,22.3,14.3,,,,,,,,,,2.7,3.9,,-{박무}-{박무}{강도0}0300-{박무}{강도1}0600-{박무}{강도0}0900-0955. {연무}0950-1130. {박무}1940-1950. {박무}2050-{박무}{강도0}2100-{박무}{강도0}2400-,
143,대구,2023-09-30,20.0,15.7,0813,25.1,1523,0.8,756,2.5,712,4.68,3.5,8.4,270,0555,4.9,290,0511,2.2,1886,270,14.4,42,1534,71.6,16.5,1005.1,1014.6,0737,1008.9,1530,1011.4,11.9,5.9,1300,2.55,14.16,,,,,,5.4,3.1,21.9,14.8,,,,,,,,,,3.0,4.4,,-{박무}-{박무}{강도0}0300-0505. {비}0330-0340. {비}0355-{비}{강도0}0600-0815. {박무}0750-0805. {비}0850-0857. {비}1001-1005.,
143,대구,2023-10-01,19.2,13.9,2342,24.4,1453,,,,,,,9.2,340,1235,5.5,290,1105,2.2,1939,290,10.0,31,1616,59.1,12.5,1007.6,1017.3,2340,1011.1,0231,1014.0,11.8,10.6,1200,2.93,20.41,,,,,,2.1,0.4,20.8,10.7,,,,,,,,,,4.3,6.2,,,
143,대구,2023-10-02,17.6,11.8,0412,24.3,1648,,,,,,,5.8,290,1626,3.4,290,1257,1.4,1195,110,9.1,27,1240,62.3,11.7,1011.8,1020.1,2320,1016.0,1553,1018.2,11.8,9.7,1200,2.97,19.92,,,,,,2.6,0.5,20.2,9.8,,,,,,,,,,3.9,5.6,,{달코로나}2358-,
143,대구,2023-10-03,16.1,11.6,0557,20.5,1219,0.4,1633,0.5,1543,1.5,0.5,3.3,290,1933,2.2,110,0014,1.0,895,320,12.6,55,1220,81.6,14.7,1011.9,1020.4,0130,1016.6,1612,1018.4,11.8,0.3,1100,1.47,7.06,,,,,,7.3,4.4,17.6,10.4,,,,,,,,,,1.3,1.9,,-{달코로나}-0020. {박무}0605-0620. {비}1540-1710.,
143,대구,2023-10-04,19.1,13.7,0523,24.8,1537,,,,,,,7.6,250,1431,4.3,270,1435,1.9,1625,320,12.7,40,1403,69.8,14.8,1007.4,1017.5,0010,1010.6,1611,1013.7,11.7,8.0,1200,2.8,17.69,,,,,,5.8,1.0,21.7,12.0,,,,,,,,,,4.2,6.1,,{박무}0150-0240. {박무}0326-{박무}{강도0}0600-{박무}{강도0}0900-1010.,
143,대구,2023-10-05,16.7,13.6,2359,21.2,1553,,,,,,,13.7,250,0524,7.9,270,0529,3.6,3127,290,2.1,25,1333,38.6,7.2,1008.7,1017.9,2259,1011.5,0009,1015.1,11.7,8.7,1200,2.91,18.99,,,,,,4.8,1.9,20.2,11.3,,,,,,,,,,4.4,6.3,,,
143,대구,2023-10-06,16.5,10.8,0642,23.2,1453,,,,,,,4.7,320,1725,2.8,320,0117,1.3,1149,290,6.1,25,1340,53.5,9.5,1012.2,1020.5,2348,1016.2,1453,1018.7,11.7,9.5,1200,2.8,18.53,,,,,,6.8,0.0,21.2,9.2,,,,,,,,,,3.5,5.0,,{채운}0710-0720.,
143,대구,2023-10-07,17.1,12.3,0616,21.7,1258,,,,,,,7.8,90,1714,5.0,90,1715,1.9,1635,90,10.9,44,1340,68.5,13.1,1015.9,1024.3,2159,1020.3,0307,1022.3,11.6,2.6,1100,2.32,10.85,,,,,,9.3,6.3,19.8,9.7,,,,,,,,,,2.3,3.3,,,
143,대구,2023-10-08,17.3,15.2,2105,20.5,1319,0.0,,0.0,,0.42,0.0,8.8,70,1009,5.0,90,1558,1.7,1506,90,11.6,47,1334,70.8,13.7,1016.5,1024.0,0725,1021.5,1444,1022.9,11.6,0.1,1300,1.19,6.18,,,,,,9.0,7.9,18.8,12.7,,,,,,,,,,1.7,2.5,,{비}0240-{비}{강도0}0300-0305.,
143,대구,2023-10-09,18.3,15.6,0020,22.8,1512,0.9,2240,1.0,,0.37,1.0,3.8,110,1438,2.3,110,1445,0.9,760,110,13.1,55,1514,73.1,15.1,1013.1,1022.1,0001,1017.3,1441,1019.5,11.6,2.8,1100,1.77,10.6,,,,,,7.3,5.0,21.9,13.3,,,,,,,,,,1.9,2.7,,{소나기}2228-2250.,
143,대구,2023-10-10,17.6,13.6,0646,23.0,1531,,,,,,,6.6,90,1626,4.6,90,1633,1.8,1534,140,11.2,43,1410,69.0,13.4,1014.1,1023.4,2329,1018.6,0350,1020.5,11.5,7.4,1100,2.68,15.6,,,,,,4.6,1.6,19.7,10.9,,,,,,,,,,2.7,3.9,,{박무}0640-0650.,
143,대구,2023-10-11,16.2,11.1,0619,23.0,1336,,,,,,,7.9,110,1611,5.0,90,1619,1.7,1510,90,9.4,35,1331,67.9,11.8,1018.3,1026.4,0914,1023.0,1349,1024.8,11.5,8.8,1100,2.81,17.48,,,,,,2.3,2.0,17.9,7.4,,,,,,,,,,3.5,5.0,,{박무}0509-0529.,
143,대구,2023-10-12,16.0,8.8,0634,23.8,1441,,,,,,,5.0,90,1743,3.2,90,1758,1.4,1251,110,8.9,37,1338,66.4,11.4,1018.0,1027.4,0832,1021.7,1615,1024.5,11.4,9.0,1100,2.59,17.37,,,,,,3.9,0.8,19.3,6.2,,,,,,,,,,3.0,4.3,,,
143,대구,2023-10-13,17.7,12.2,0515,23.2,1431,,,,,,,3.9,90,1220,2.6,110,1914,1.1,957,110,11.1,38,1429,68.0,13.3,1011.6,1023.2,0001,1014.5,2359,1018.0,11.4,6.2,1200,2.43,14.16,,,,,,8.6,4.3,20.6,11.1,,,,,,,,,,2.4,3.5,,,
143,대구,2023-10-14,17.1,13.0,0711,24.0,1300,0.2,,0.2,,0.58,0.2,7.6,110,1219,4.4,250,1321,1.3,1141,110,12.3,31,1315,76.3,14.4,1003.9,1014.5,0001,1007.3,1449,1010.2,11.4,7.3,1100,2.57,14.45,,,,,,5.9,5.4,19.0,10.9,,,,,,,,,,2.6,3.7,,{비}1455-{비}{강도0}1500-1530. {박무}2215-{박무}{강도0}2400-,
143,대구,2023-10-15,16.6,12.8,0335,22.4,1427,,,,,,,9.7,270,1248,5.5,270,1211,2.2,1941,290,10.3,43,1425,68.5,12.5,1004.3,1013.4,2348,1009.0,0007,1010.7,11.3,6.8,1300,2.75,14.06,,,,,,2.9,2.3,18.7,8.9,,,,,,,,,,2.8,4.0,,-{박무}-0130.,
143,대구,2023-10-16,16.0,10.9,0459,21.8,1437,,,,,,,8.4,270,1319,4.9,290,1350,1.7,1502,290,8.4,36,1417,64.0,11.1,1008.4,1016.6,2258,1013.2,1414,1014.8,11.3,9.0,1200,2.65,16.53,,,,,,1.0,1.0,18.5,7.6,,,,,,,,,,3.7,5.2,,,
143,대구,2023-10-17,15.0,9.7,0504,22.6,1525,,,,,,,6.7,270,0947,4.0,270,0926,2.0,1734,290,4.2,24,1607,52.5,8.3,1012.5,1021.4,2256,1016.6,0001,1018.9,11.3,10.7,1200,2.7,18.12,,,,,,0.0,0.0,17.6,5.3,,,,,,,,,,3.6,5.2,,,
143,대구,2023-10-18,15.1,6.8,0622,24.8,1558,,,,,,,5.3,340,1311,3.2,320,1314,1.0,902,70,7.1,31,1416,63.8,10.1,1013.5,1022.8,0822,1016.8,1545,1020.0,11.2,10.6,1200,2.62,17.07,,,,,,1.6,0.0,17.2,2.7,,,,,,,,,,3.1,4.4,,,
143,대구,2023-10-19,16.4,10.4,0609,22.7,1407,0.5,2236,0.7,2159,3.17,0.8,6.2,270,2000,4.0,290,2133,1.2,1054,270,10.6,39,1408,71.0,12.8,1009.8,1019.4,0001,1013.4,1635,1016.2,11.2,2.4,1200,2.05,9.79,,,,,,7.1,5.3,18.4,6.8,,,,,,,,,,1.9,2.7,,{비}2050-{비}{강도0}2100-{비}{강도0}2400- {박무}2130-2145. {박무}2205-2315.,
143,대구,2023-10-20,13.8,10.6,2400,17.9,1403,0.3,11,0.9,44,6.67,3.2,13.8,290,1219,7.5,290,1114,3.9,3377,290,3.6,25,1528,54.3,8.3,1009.4,1020.1,2352,1013.5,1351,1015.9,11.1,8.1,1200,2.64,16.39,,,,,,3.6,1.8,15.2,9.3,,,,,,,,,,4.6,6.6,,{박무}0015-0030. -{비}-{비}{강도0}0300-0330. {비}0355-{비}{강도0}0600-0640. {비}0655-0720.,
143,대구,2023-10-21,12.1,5.5,0647,18.6,1613,,,,,,,10.3,290,0018,6.8,290,0022,2.5,2170,290,2.5,34,1016,53.3,7.5,1014.0,1022.6,2341,1018.1,1336,1020.6,11.1,7.4,1000,2.24,13.68,,,,,,1.3,1.3,11.4,2.1,,,,,,,,,,2.6,3.7,,,
143,대구,2023-10-22,12.6,5.3,0536,19.7,1528,,,,,,,10.3,290,1310,6.1,290,1313,1.9,1656,290,4.0,27,1307,60.4,8.2,1016.7,1024.8,0811,1021.2,1455,1023.2,11.1,8.3,1100,2.42,14.93,,,,,,5.1,0.0,12.2,1.4,,,,,,,,,,3.1,4.4,,,
143,대구,2023-10-23,14.2,8.1,0636,21.8,1536,,,,,,,6.3,230,1230,3.6,270,1235,1.1,969,50,8.2,35,1603,70.1,10.9,1016.4,1025.4,0835,1020.7,1605,1023.0,11.0,9.6,1200,2.46,15.03,,,,,,0.8,0.8,14.9,4.2,,,,,,,,,,2.5,3.6,,,
143,대구,2023-10-24,14.7,8.0,0632,23.0,1500,,,,,,,5.1,270,1244,3.4,290,1245,1.2,1054,140,8.1,32,1501,69.0,10.8,1013.9,1023.5,0847,1017.5,1551,1020.4,11.0,8.8,1200,2.48,14.99,,,,,,3.0,0.3,16.7,4.6,,,,,,,,,,2.8,4.0,,{박무}0550-{박무}{강도0}0600-0705.,
143,대구,2023-10-25,15.9,10.0,0525,24.2,1500,,,,,,,6.7,270,1345,4.1,290,1049,1.2,1033,270,9.9,35,1540,71.4,12.2,1011.5,1020.0,0042,1015.5,1515,1017.9,11.0,10.0,1200,2.38,15.45,,,,,,0.0,0.0,17.1,6.1,,,,,,,,,,2.8,4.0,,{박무}0550-{박무}{강도0}0600-{박무}{강도0}0900-0950.,
143,대구,2023-10-26,16.2,9.8,0531,24.0,1509,,,,,,,7.4,270,1208,3.1,270,1026,1.1,936,270,11.2,45,1511,75.3,13.4,1008.6,1017.8,0044,1012.2,1643,1015.0,10.9,9.8,1200,2.17,13.5,,,,,,1.3,0.5,17.4,5.2,,,,,,,,,,2.4,3.4,,{박무}0712-{박무}{강도0}0900-1048. {박무}1955-{박무}{강도0}2100-{박무}{강도0}2400-,
143,대구,2023-10-27,14.7,10.7,0648,19.5,1210,0.0,,0.0,,0.33,0.0,8.5,270,1024,4.8,290,1031,1.6,1403,320,9.5,48,1203,73.4,11.9,1007.8,1017.9,2359,1011.8,0401,1014.2,10.9,4.6,1100,2.1,9.64,,,,,,2.3,2.3,15.0,6.2,,,,,,,,,,1.8,2.6,,-{박무}-{박무}{강도0}0300-{박무}{강도0}0600-0850. {연무}0840-{연무}{강도0}0900-0920. {비}1550-1610.,
143,대구,2023-10-28,13.9,7.5,0628,21.0,1328,,,,,,,5.3,140,1910,3.4,110,1915,1.6,1414,110,7.5,29,1438,69.9,10.4,1012.3,1021.3,2348,1016.5,1417,1018.8,10.9,8.7,1100,2.29,14.31,,,,,,0.3,0.3,15.7,4.4,,,,,,,,,,2.5,3.5,,,
143,대구,2023-10-29,13.7,7.4,0634,21.8,1551,,,,,,,5.1,110,1101,3.6,110,1140,1.5,1260,140,7.6,34,1602,70.4,10.5,1015.7,1023.8,0826,1020.2,1629,1022.2,10.8,10.0,1200,2.39,15.12,,,,,,1.6,1.5,16.5,2.9,,,,,,,,,,2.6,3.7,,{박무}0320-0340. {박무}0545-0600.,
143,대구,2023-10-30,14.5,7.7,0639,23.1,1532,,,,,,,6.0,270,1249,3.4,270,1150,1.2,1074,140,8.2,34,1559,70.0,10.9,1016.0,1024.1,0806,1020.1,1509,1022.5,10.8,9.9,1200,2.29,14.61,,,,,,0.8,0.0,16.0,3.7,,,,,,,,,,2.6,3.7,,{박무}0505-0515.,
143,대구,2023-10-31,14.9,7.5,0634,24.8,1514,,,,,,,6.0,250,1404,3.4,290,1227,1.2,1006,290,6.6,24,1447,64.1,9.8,1015.4,1024.4,0839,1019.4,1513,1021.9,10.8,9.9,1200,2.38,14.94,,,,,,0.0,0.0,15.7,2.6,,,,,,,,,,3.1,4.4,,{박무}0020-0030. {박무}0210-0215. {박무}0430-0450. {박무}0610-0705. {박무}0730-{박무}{강도0}0900-0952. {연무}0942-1106.,
143,대구,2024-03-20,6.7,4.0,0646,11.1,1522,,,,,,,14.6,250,0406,8.5,290,0331,5.0,4297,290,-8.7,15,1553,34.6,3.3,1012.0,1020.7,0851,1015.1,0130,1018.6,12.1,11.0,1200,2.97,21.77,,,,,,1.0,1.0,9.9,2.2,,,,,,,,,,4.3,6.1,,,
143,대구,2024-03-21,6.4,0.4,0626,13.1,1543,,,,,,,8.5,340,1300,4.5,110,2022,2.6,2286,290,-6.0,21,1549,43.3,3.9,1012.1,1020.6,0005,1016.0,1708,1018.9,12.2,11.4,1200,3.11,22.21,,,,,,0.4,0.3,10.3,-2.1,,,,,,,,,,3.5,5.0,,,
143,대구,2024-03-22,10.0,2.0,0719,16.1,1508,,,,,2.55,0.2,11.1,160,1612,5.6,200,1532,2.7,2313,110,1.9,34,1407,59.9,7.3,1009.2,1020.4,0114,1010.8,2400,1015.8,12.2,6.6,1200,2.83,16.56,,,,,,8.5,5.3,12.6,1.3,,,,,,,,,,2.9,4.1,,{비}2120-2353.,
143,대구,2024-03-23,16.0,11.1,2338,24.1,1515,,,,,2.0,0.3,10.5,110,2336,7.3,110,2338,2.6,2289,320,5.8,15,1512,61.5,9.8,1007.8,1018.7,2400,1009.8,0201,1014.2,12.3,10.1,1200,3.13,21.67,,,,,,4.4,2.1,19.6,10.1,,,,,,,,,,5.0,7.1,,{비}0045-0245. {박무}2120-2305. {박무}2320-{박무}{강도0}2400-,
143,대구,2024-03-24,10.9,10.1,2115,12.3,1203,,,,,3.55,0.3,10.6,110,1655,7.4,90,1745,4.3,3694,110,6.1,61,1203,72.9,9.4,1012.5,1020.9,1038,1017.6,1725,1019.1,12.3,0.0,1000,0.75,5.23,,,,,,9.9,7.6,11.8,8.9,,,,,,,,,,1.4,2.0,,-{박무}-0040. {비}1307-1455. {비}1735-{비}{강도0}1800-1910. {비}2010-2020.,
143,대구,2024-03-25,9.5,7.0,2325,12.4,1205,,,,,10.08,16.2,9.6,110,1303,6.1,110,1231,3.5,2987,110,6.4,62,1123,81.8,9.6,1010.2,1019.3,0011,1014.9,1616,1016.8,12.3,0.0,1100,0.71,3.76,,,,,,9.8,7.8,10.3,6.5,,,,,,,,,,0.9,1.3,,{비}1355-{비}{강도0}1500-{비}{강도0}1800-{비}{강도0}2100-{비}{강도0}2400- {박무}1426-1442. {박무}1550-{박무}{강도0}1800-{박무}{강도0}2100-2140.,
143,대구,2024-03-26,7.9,5.8,2337,11.1,1424,,,,,12.83,17.3,6.7,110,0019,3.9,110,0004,1.8,1523,110,4.6,58,1429,80.6,8.5,1012.0,1024.2,2337,1011.3,0320,1018.6,12.4,0.1,1300,1.37,6.61,,,,,,8.5,7.4,9.7,3.0,,,,,,,,,,1.1,1.6,,{박무}0105-0220. -{비}-{비}{강도0}0300-{비}{강도0}0600-{비}{강도0}0900-{비}{강도0}1200-1250. {박무}0305-0435. {박무}0713-0752.,
143,대구,2024-03-27,10.0,2.2,0627,17.0,1544,,,,,,,4.1,320,1529,2.7,90,0815,1.4,1191,50,4.4,40,1707,70.9,8.4,1016.7,1026.6,0705,1020.2,2350,1023.3,12.4,8.7,1200,2.93,19.27,,,,,,5.1,3.9,11.4,-0.7,,,,,,,,,,2.5,3.5,,{박무}0630-0745. {햇무리}1255-1610.,
143,대구,2024-03-28,9.2,8.2,1046,11.0,0002,,,,,13.13,27.0,7.2,270,2245,4.7,290,2254,1.8,1560,110,7.6,72,0001,90.3,10.5,1003.6,1020.4,0106,1004.0,1809,1010.1,12.4,0.0,1100,0.4,2.47,,,,,,9.4,6.8,9.7,7.9,,,,,,,,,,0.7,1.0,,{비}0633-0654. {비}0758-{비}{강도0}0900-{비}{강도0}1200-{비}{강도0}1500-{비}{강도1}1800-2045. {박무}0810-{박무}{강도0}0900-{박무}{강도1}1200-{박무}{강도0}1500-{박무}{강도0}1800-2020.,
143,대구,2024-03-29,13.1,5.1,0628,20.1,1315,,,,,,,13.2,270,1327,7.8,250,1449,3.3,2863,270,3.5,22,2243,57.1,8.2,1000.7,1012.3,2347,1003.3,1327,1007.1,12.5,8.8,1200,3.05,20.46,,,,,,1.9,1.1,12.7,1.6,,,,,,,,,,4.8,6.9,,{박무}0420-0505. {박무}0530-{박무}{강도0}0600-0610. {황사}0950-{황사}{강도0}1200-{황사}{강도0}1500-1610. {황사}1750-{황사}{강도0}1800-{황사}{강도0}2100-{황사}{강도0}2400-,
143,대구,2024-03-30,11.3,3.9,0626,18.8,1627,,,,,2.17,1.3,10.9,290,0046,6.4,270,0028,1.7,1452,320,1.6,18,1055,53.6,7.3,1005.5,1015.7,0524,1006.8,1640,1012.0,12.5,8.3,1000,2.42,15.86,,,,,,2.1,1.8,11.8,-0.5,,,,,,,,,,2.6,3.8,,-{황사}-{황사}{강도0}0300-{황사}{강도0}0600-0810. {비}1110- ]{싸락우박}[(SW 15)/대구 달서구 진천동 부근/대구청 직원 관측1120-1130. [{싸락우박}](SW 4)/대구 중구 삼덕동/대구청 직원 관측1140-1150.{비}{강도0}1200- ]{싸락우박}[(NE 30)/영천시 일대/연합뉴스1208-1238.1320. {박무}2305-{박무}{강도0}2400-,
143,대구,2024-03-31,13.2,8.0,0633,19.9,1537,,,,,,,5.0,320,0421,3.1,270,0508,1.5,1296,270,-1.4,13,1315,41.6,5.7,1005.1,1015.6,0611,1008.2,1536,1011.6,12.6,9.2,1100,3.05,20.7,,,,,,3.0,0.0,13.5,4.5,,,,,,,,,,3.7,5.3,,-{박무}-0120.,
143,대구,2024-04-01,14.6,5.3,0625,24.0,1607,,,,,,,7.7,290,1626,4.7,320,1634,1.7,1481,250,-0.1,14,1618,44.9,6.2,1007.1,1015.9,0927,1011.0,0001,1013.6,12.6,11.7,1200,3.26,23.92,,,,,,0.0,0.0,16.1,0.9,,,,,,,,,,5.6,7.9,,,
143,대구,2024-04-02,15.7,7.4,0553,24.6,1627,0.5,2213,2.4,2206,2.42,2.9,5.7,230,1648,3.4,200,1646,1.5,1335,160,3.9,14,1646,51.3,8.3,1007.5,1017.1,0747,1011.3,1843,1013.9,12.6,6.3,1200,2.24,16.0,,,,,,7.8,2.5,17.2,4.7,,,,,,,,,,3.2,4.6,,{비}2130-2355. {박무}2205-{박무}{강도0}2400-,
143,대구,2024-04-03,12.1,11.3,2011,13.4,0012,0.8,623,3.6,1432,20.0,29.4,7.6,90,1105,5.2,110,1237,2.7,2323,110,11.3,90,2144,94.8,13.4,1001.2,1012.5,0001,1004.9,1418,1007.7,12.7,0.0,1200,0.41,3.17,,,,,,9.9,5.9,13.2,11.0,,,,,,,,,,0.6,0.9,,{비}0015-{비}{강도0}0300-{비}{강도0}0600-{비}{강도0}0900-{비}{강도0}1200-{비}{강도0}1500-{비}{강도0}1800-2015. -{박무}-{박무}{강도1}0300-{박무}{강도0}0600-{박무}{강도0}0900-0930. {박무}1035-{박무}{강도0}1200-{박무}{강도0}1500-1630. {박무}1803-1820.,
143,대구,2024-04-04,12.4,10.6,0246,15.7,1305,,,,,,,10.4,90,1041,7.3,110,1049,3.7,3237,110,5.2,32,1627,64.6,9.1,1009.9,1020.9,2144,1010.2,0241,1016.4,12.7,1.4,1000,2.44,14.05,,,,,,9.0,7.6,14.7,8.7,,,,,,,,,,3.3,4.8,,{박무}0045-{박무}{강도0}0300-{박무}{강도0}0600-0730.,
143,대구,2024-04-05,14.1,10.6,0554,19.7,1634,,,,,,,7.5,110,0944,4.5,140,0938,2.1,1782,110,4.8,37,1617,55.0,8.6,1012.9,1021.2,0746,1016.7,1549,1019.4,12.8,3.6,1200,2.39,16.44,,,,,,6.6,5.8,17.5,9.1,,,,,,,,,,2.8,4.0,,,
143,대구,2024-04-06,14.6,8.6,0601,21.5,1702,,,,,,,6.6,270,1255,4.0,270,1314,1.4,1246,290,5.9,28,1321,59.8,9.4,1011.8,1020.9,0718,1014.9,1746,1018.3,12.8,4.9,1100,2.68,16.31,,,,,,7.0,0.0,15.1,6.6,,,,,,,,,,3.1,4.4,,,
143,대구,2024-04-07,17.0,8.5,0617,25.5,1707,,,,,,,6.7,270,1414,3.6,270,1417,1.4,1208,250,3.1,15,1715,46.8,7.8,1010.3,1019.1,0653,1013.6,1629,1016.7,12.8,11.1,1200,3.22,22.87,,,,,,3.9,0.0,18.8,4.7,,,,,,,,,,4.8,6.8,,,
143,대구,2024-04-08,17.9,11.2,0533,23.4,1429,,,,,,,4.9,140,2134,3.2,140,2356,1.1,956,110,4.9,26,1500,45.1,8.7,1008.8,1017.7,0653,1012.9,1522,1015.2,12.9,2.2,1100,2.14,12.19,,,,,,8.9,5.3,18.5,8.0,,,,,,,,,,3.1,4.5,,,
143,대구,2024-04-09,12.6,8.4,2253,17.4,0022,,,,,,,12.7,110,1603,8.5,110,1612,4.9,4273,110,2.2,26,1025,51.5,7.4,1015.8,1027.5,2400,1014.6,0001,1022.4,12.9,8.1,1200,3.36,22.05,,,,,,5.3,3.5,17.4,7.4,,,,,,,,,,4.5,6.4,,{연무}0150-{연무}{강도0}0300-0350.,
143,대구,2024-04-10,12.7,4.7,0605,20.4,1711,,,,,,,5.3,140,0025,3.4,110,0029,1.6,1409,140,3.1,24,1528,55.9,7.7,1019.1,1028.9,0800,1022.5,1719,1025.7,12.9,10.3,1300,2.97,22.28,,,,,,6.3,0.3,18.0,3.2,,,,,,,,,,3.4,4.9,,{햇무리}0950-1230. {햇무리}1330-1710.,
143,대구,2024-04-11,15.1,10.0,0535,21.0,1415,,,,,,,5.4,200,1302,3.1,270,1509,1.3,1165,90,5.3,24,1433,56.1,9.0,1015.2,1025.0,0012,1019.0,1830,1021.7,13.0,2.3,1300,2.11,14.28,,,,,,6.5,0.5,17.4,8.0,,,,,,,,,,2.9,4.2,,,
143,대구,2024-04-12,18.0,10.1,0421,26.2,1718,,,,,,,4.2,50,1344,2.6,90,1420,1.1,958,320,7.0,19,1606,55.1,10.2,1011.4,1021.1,0013,1014.1,1650,1017.8,13.0,10.5,1100,3.12,22.56,,,,,,3.5,0.0,20.0,6.7,,,,,,,,,,4.0,5.8,,{박무}0405-{박무}{강도0}0600-{박무}{강도0}0900-0910. {연무}0905-1030.,
143,대구,2024-04-13,19.5,10.8,0602,28.4,1537,,,,,,,7.2,90,1806,4.7,110,1759,1.5,1326,110,7.2,21,1339,50.3,10.3,1010.7,1018.6,0800,1014.1,1638,1017.0,13.0,11.8,1200,3.31,24.71,,,,,,0.0,0.0,23.0,7.1,,,,,,,,,,5.7,8.1,,,
143,대구,2024-04-14,19.7,10.6,0619,28.2,1529,,,,,,,7.6,230,1328,4.1,230,1331,2.1,1795,140,6.2,22,1338,45.6,9.5,1011.5,1020.1,0932,1015.3,1524,1017.8,13.1,10.9,1100,3.12,23.44,,,,,,4.6,0.0,23.1,6.7,,,,,,,,,,5.5,7.8,,,
143,대구,2024-04-15,16.1,15.2,1334,18.3,1050,1.9,1344,7.9,1256,7.17,14.5,5.9,110,0507,4.4,110,0514,2.1,1774,110,12.9,50,0001,82.6,15.0,1005.9,1016.5,0001,1010.3,1723,1012.3,13.1,0.0,1400,0.62,3.13,,,,,,9.3,5.3,17.4,14.8,,,,,,,,,,0.8,1.1,,{비}0930-0945. {비}1030-{비}{강도0}1200-{비}{강도0}1500-1725. {박무}1120-{박무}{강도0}1200-1420. {박무}1505-1521. {박무}1536-1718.,
143,대구,2024-04-16,18.0,13.7,2359,23.6,1555,,,,,,,10.9,340,1538,6.1,270,1459,2.4,2109,290,8.6,24,1537,59.6,11.7,1004.9,1013.1,2351,1009.0,1457,1011.2,13.2,7.9,1100,3.09,21.55,,,,,,3.9,3.9,20.2,10.1,,,,,,,,,,4.7,6.7,,{박무}0130-0230. {황사}1530-{황사}{강도0}1800-{황사}{강도0}2100-{황사}{강도0}2400-,
143,대구,2024-04-17,17.0,9.5,0544,24.6,1528,,,,,,,7.2,90,1933,4.8,90,1944,1.7,1504,50,6.1,27,1419,52.5,9.4,1004.7,1013.9,0659,1007.8,1739,1011.0,13.2,10.1,1200,3.07,23.08,,,,,,4.6,0.1,20.7,6.3,,,,,,,,,,4.3,6.1,,-{황사}-{황사}{강도0}0300-{황사}{강도0}0600-{황사}{강도0}0900-{황사}{강도0}1200-{황사}{강도0}1500-{황사}{강도0}1800-{황사}{강도0}2100-{황사}{강도0}2400-,
143,대구,2024-04-18,18.0,10.8,0559,26.7,1557,,,,,,,8.7,140,1947,5.5,140,1952,1.9,1624,110,6.4,18,1613,52.5,9.8,1003.2,1012.5,2347,1006.4,1610,1009.6,13.2,11.2,1200,3.24,24.49,,,,,,0.1,0.0,22.1,8.6,,,,,,,,,,5.3,7.6,,-{황사}-{황사}{강도0}0300-{황사}{강도0}0600-{황사}{강도0}0900-{황사}{강도0}1200-{황사}{강도0}1500-{황사}{강도0}1800-{황사}{강도0}2100-{황사}{강도0}2400- {박무}0401-{박무}{강도0}0600-0800.,
143,대구,2024-04-19,20.2,11.0,0530,28.8,1557,,,,,,,6.5,270,1355,4.0,270,1209,1.6,1365,290,6.6,19,1535,47.3,9.9,1005.5,1014.0,0731,1008.4,1558,1011.8,13.3,10.5,1200,3.33,24.91,,,,,,3.4,0.0,24.1,7.2,,,,,,,,,,5.2,7.5,,-{황사}-{황사}{강도0}0300-{황사}{강도0}0600-{황사}{강도0}0900-{황사}{강도0}1200-{황사}{강도0}1500-1555. {박무}0415-{박무}{강도0}0600-0700.,
143,대구,2024-04-20,15.4,13.9,1810,19.1,0001,0.4,1223,1.3,1342,12.5,4.0,8.5,110,1359,5.0,140,0927,2.4,2073,110,11.5,55,0002,78.8,13.6,1004.3,1013.1,1017,1009.1,1813,1010.7,13.3,0.0,1100,0.83,3.77,,,,,,9.6,7.1,15.8,13.5,,,,,,,,,,1.0,1.4,,{비}0955-{비}{강도0}1200-{비}{강도0}1500-1550. {박무}1030-1040. {박무}1210-{박무}{강도0}1500-{박무}{강도0}1800-1850. {비}1620-{비}{강도0}1800-{비}{강도0}2100-2255.,
143,대구,2024-04-21,15.5,14.1,0356,17.1,1500,0.1,,0.1,,3.25,0.3,7.6,140,1520,4.7,110,1520,2.9,2477,110,12.5,74,2308,82.8,14.5,1004.7,1013.2,2303,1009.1,0143,1011.1,13.3,0.0,1400,0.63,3.44,,,,,,9.8,9.0,16.2,13.7,,,,,,,,,,1.2,1.6,,{비}0155-{비}{강도0}0300-0510.,
143,대구,2024-04-22,15.0,12.8,2355,17.7,1531,,,,,,,8.4,140,1742,5.3,110,1755,2.7,2360,110,9.4,54,1433,70.5,11.8,1007.9,1016.7,2138,1012.5,0144,1014.4,13.4,0.2,1500,1.31,8.51,,,,,,8.9,7.5,16.8,11.4,,,,,,,,,,2.2,3.1,,,
143,대구,2024-04-23,14.0,11.1,2355,17.7,1155,1.3,2107,3.4,2022,3.67,4.5,12.1,90,1007,7.6,90,1009,4.1,3555,110,8.9,50,1142,72.8,11.4,1006.3,1016.0,0025,1010.2,1550,1012.8,13.4,4.6,1100,3.12,18.73,,,,,,9.1,7.1,17.7,10.8,,,,,,,,,,3.1,4.4,,{비}1930-{비}{강도0}2100-2205. {박무}1945-{박무}{강도0}2100-2205. {비}2255-{비}{강도0}2400- {박무}2320-{박무}{강도0}2400-,
143,대구,2024-04-24,14.2,10.4,0118,20.7,1658,1.0,1037,1.5,950,2.92,1.9,7.3,290,1653,4.5,290,1637,2.0,1691,110,9.4,40,1629,74.9,11.8,1001.6,1011.0,0001,1005.9,1552,1008.1,13.4,4.5,1200,3.32,14.27,,,,,,5.6,5.4,16.1,10.1,,,,,,,,,,2.9,4.1,,-{박무}-0005. {박무}0030-0040. -{비}-0050. {비}0855-{비}{강도0}0900-0955. {비}1020-1125. {박무}1030-1050.,
143,대구,2024-04-25,18.5,11.6,0127,27.0,1637,,,,,,,6.8,290,1051,4.6,270,0702,2.3,2006,270,7.8,21,1723,53.9,10.6,1003.8,1012.0,0734,1007.4,1535,1010.2,13.5,11.9,1200,3.29,25.74,,,,,,1.1,0.0,21.3,9.0,,,,,,,,,,4.8,6.9,,{황사}1630-{황사}{강도0}1800-{황사}{강도0}2100-2130.,
143,대구,2024-04-26,18.4,12.3,0548,25.5,1638,,,,,,,4.1,270,1128,2.4,270,1646,1.1,910,270,10.4,30,1429,62.6,12.6,1003.3,1011.3,0828,1007.2,1707,1009.6,13.5,2.9,1000,1.97,15.16,,,,,,7.5,0.0,19.6,9.9,,,,,,,,,,3.0,4.3,,,
143,대구,2024-04-27,20.9,12.1,0537,30.5,1647,,,,,,,6.8,250,1106,3.6,250,1400,1.4,1232,250,8.6,16,1702,53.4,11.4,1003.7,1012.7,2356,1007.0,1636,1010.0,13.5,12.4,1200,3.4,26.7,,,,,,0.0,0.0,24.7,8.1,,,,,,,,,,,,,{박무}0630-0710. {박무}0750-0855. {연무}0850-{연무}{강도0}0900-0930.,
143,대구,2024-04-28,19.3,12.5,0539,28.4,1400,,,,,,,10.2,110,2225,6.4,110,2226,2.6,2236,110,10.7,31,1222,60.6,12.9,1007.0,1015.1,2250,1011.1,1424,1013.3,13.6,10.8,1100,3.31,23.41,,,,,,5.6,0.3,24.4,8.7,,,,,,,,,,5.0,7.1,,,
143,대구,2024-04-29,14.6,13.3,0701,16.1,1420,0.1,,0.4,602,14.42,1.6,10.1,110,0158,6.6,110,0123,3.7,3218,110,11.9,72,0025,84.4,13.9,1003.8,1014.5,0001,1007.6,1806,1010.2,13.6,0.0,1100,0.8,5.77,,,,,,9.9,7.1,16.2,12.3,,,,,,,,,,1.1,1.6,,{비}0440-{비}{강도0}0600-{비}{강도0}0900-{비}{강도0}1200-{비}{강도0}1500-{비}{강도0}1800-1855. {박무}2105-2145. {비}2145-2155. {박무}2316-{박무}{강도0}2400-,
143,대구,2024-04-30,16.5,12.3,2329,22.9,1545,0.4,2142,1.4,2133,3.92,1.5,11.5,90,2116,6.7,90,2147,2.3,1960,110,12.8,53,1549,79.8,14.8,1000.5,1010.9,2224,1004.2,1457,1006.9,13.6,2.7,1400,2.24,14.59,,,,,,9.0,7.3,22.6,11.8,,,,,,,,,,2.6,3.6,,-{박무}-0030. {박무}0130-{박무}{강도1}0300-{박무}{강도0}0600-{박무}{강도0}0900-0930. {안개비}0225-{안개비}{강도0}0300-0335. {소나기}1955-2018. {비}2058-{비}{강도0}2100-2250. {박무}2140-2240. {비}2320-2350.,
143,대구,2024-05-01,13.0,9.5,0512,18.1,1435,0.3,159,0.9,157,3.17,1.2,9.9,90,1314,6.2,110,1343,3.2,2727,110,6.8,39,1443,68.8,10.0,1007.3,1018.3,2226,1010.1,0038,1013.8,13.7,5.7,1200,2.9,18.7,,,,,,5.8,4.1,17.5,6.3,,,,,,,,,,3.6,5.2,,{비}0150-{비}{강도0}0300-0415. {박무}0150-0255. {박무}0315-0350. {비}0445-0530.,
143,대구,2024-05-02,15.9,6.6,0539,25.1,1649,,,,,,,5.8,250,1439,4.2,140,2126,1.5,1308,110,4.7,19,1152,55.3,8.7,1011.8,1020.6,0659,1015.7,1720,1018.2,13.7,12.8,1200,3.55,28.01,,,,,,1.6,0.0,22.1,2.7,,,,,,,,,,5.4,7.8,,,
143,대구,2024-05-03,19.2,9.8,0544,28.4,1545,,,,,,,6.3,110,1836,4.2,90,1935,1.5,1321,110,6.9,16,1545,51.0,10.0,1011.4,1020.1,0631,1014.5,1646,1017.8,13.7,12.8,1200,3.55,28.26,,,,,,0.0,0.0,25.7,5.9,,,,,,,,,,6.3,8.9,,,
143,대구,2024-05-04,20.4,10.2,0537,29.3,1559,,,,,,,6.8,270,1454,4.0,270,1500,1.7,1471,110,8.5,18,1449,52.5,11.4,1010.4,1019.3,0622,1013.8,1635,1016.7,13.8,12.9,1100,3.52,28.21,,,,,,2.4,0.8,26.5,7.5,,,,,,,,,,5.6,8.0,,,
143,대구,2024-05-05,18.8,17.4,1709,21.2,0221,0.9,2328,3.3,2301,15.25,12.4,12.4,200,1117,3.6,90,1726,2.2,1887,110,14.9,53,0220,79.5,17.0,1006.3,1016.7,0001,1008.2,2357,1012.6,13.8,0.0,1300,0.55,3.2,,,,,,9.9,7.9,19.8,17.0,,,,,,,,,,1.2,1.7,,{비}0845-{비}{강도0}0900-{비}{강도0}1200-{비}{강도0}1500-{비}{강도0}1800-{비}{강도0}2100-{비}{강도1}2400- {박무}1620-{박무}{강도0}1800-1805. {박무}2050-{박무}{강도0}2100-2250. {박무}2320-{박무}{강도0}2400-,
143,대구,2024-05-06,20.1,17.2,0048,24.4,1146,1.8,15,5.6,6,3.47,7.6,10.1,270,1248,6.3,270,1246,3.0,2560,250,13.8,49,1712,69.0,16.0,1000.6,1009.0,2133,1005.8,0330,1006.9,13.8,6.4,1300,2.65,20.28,,,,,,8.5,6.9,22.6,16.8,,,,,,,,,,3.8,5.4,,-{박무}-0115. -{비}-{비}{강도0}0300-0317. {비}0454-0505.,
143,대구,2024-05-07,14.1,10.9,2242,18.4,1326,0.3,1640,1.1,2007,11.42,4.4,10.6,110,1512,6.4,110,1459,2.7,2326,110,10.8,60,1340,81.9,13.0,1005.4,1016.7,2340,1008.2,0435,1011.9,13.9,0.0,1200,1.24,6.22,,,,,,10.0,7.1,15.9,10.7,,,,,,,,,,1.4,2.0,,{비}0145-0205. {비}0310-0325. {비}0910-1020. {비}1420-{비}{강도0}1500-{비}{강도0}1800-{비}{강도0}2100-{비}{강도0}2400- {박무}1530-1610.,
143,대구,2024-05-08,13.0,9.6,2356,17.7,1610,0.2,,0.8,1,3.15,1.0,7.4,140,1733,5.0,90,1341,2.2,1860,110,7.1,44,1718,70.0,10.1,1011.5,1019.5,2216,1016.3,0120,1018.0,13.9,5.6,1300,2.0,16.46,,,,,,5.5,4.4,16.6,7.2,,,,,,,,,,2.9,4.1,,-{비}-0235. {비}0250-0255. {비}0309-0338.,
143,대구,2024-05-09,16.8,6.9,0500,25.6,1641,,,,,,,7.9,200,1619,4.5,270,1425,2.0,1727,270,6.5,28,1730,56.3,9.7,1011.5,1020.5,0732,1014.4,1648,1018.0,13.9,12.9,1200,3.42,27.51,,,,,,0.0,0.0,21.3,3.9,,,,,,,,,,5.3,7.5,,,
143,대구,2024-05-10,19.9,10.5,0538,29.8,1530,,,,,,,7.4,270,1508,4.5,270,1359,1.5,1332,50,5.2,19,1459,43.3,8.9,1011.2,1020.0,0731,1014.3,1638,1017.5,13.9,12.4,1200,3.43,27.64,,,,,,1.1,0.0,24.7,7.3,,,,,,,,,,5.9,8.4,,,
143,대구,2024-05-11,19.9,12.8,0517,25.1,1615,0.7,2252,3.3,2238,1.92,4.2,10.4,200,1029,5.6,230,1031,2.2,1899,180,12.4,45,1201,64.0,14.7,1006.9,1017.8,0024,1009.9,2356,1013.2,14.0,5.4,0900,2.45,16.93,,,,,,6.6,4.8,22.8,8.7,,,,,,,,,,3.4,4.9,,{비}2205-{비}{강도0}2400- {박무}2230-2331.,
143,대구,2024-05-12,19.3,16.4,0617,24.1,1413,1.0,30,2.3,1,5.78,5.6,9.8,290,1315,5.5,320,1514,3.0,2565,270,8.3,26,1453,53.9,11.5,1003.0,1011.7,2351,1007.0,1447,1009.3,14.0,6.8,1300,3.45,22.91,,,,,,7.6,2.8,21.7,14.9,,,,,,,,,,5.5,7.9,,{박무}0005-0140. -{비}-{비}{강도0}0300-0412. {박무}0340-0350. {비}0445-{비}{강도0}0600-0620. {박무}0555-{박무}{강도0}0600-0620. {황사}0850-{황사}{강도0}0900-{황사}{강도0}1200-{황사}{강도0}1500-1745.,
143,대구,2024-05-13,19.0,11.2,0536,26.1,1524,,,,,,,6.9,110,1935,5.1,110,1927,1.8,1580,290,5.6,16,1636,47.6,9.3,1007.3,1016.0,2343,1011.7,0001,1013.6,14.0,13.2,1200,3.63,29.41,,,,,,0.0,0.0,24.7,8.7,,,,,,,,,,6.4,9.1,,,
143,대구,2024-05-14,20.1,10.7,0523,28.5,1616,,,,,,,6.4,290,1353,3.6,270,1141,1.5,1268,270,7.4,21,1453,49.9,10.4,1008.7,1017.6,0746,1012.3,1734,1015.0,14.0,13.2,1200,3.58,29.01,,,,,,0.0,0.0,25.5,7.3,,,,,,,,,,6.3,9.0,,,
143,대구,2024-05-15,18.4,10.6,2351,27.9,1615,3.8,1944,8.3,1936,5.58,16.7,10.8,290,1907,6.6,320,1910,2.4,2057,270,7.1,17,1146,56.5,10.4,1003.4,1014.9,0600,1003.6,1742,1009.8,14.1,10.8,1200,3.64,27.86,,,,,,3.9,3.5,25.5,10.0,,,,,,,,,,6.5,9.3,,{비}1825-{비}{강도1}2100-{비}{강도0}2400- {박무}1940-2005. {박무}2030-2050.,
143,대구,2024-05-16,15.5,8.5,0455,22.4,1613,0.3,327,1.0,414,5.67,2.0,15.3,250,1244,9.3,290,1232,4.7,4044,270,4.8,26,1726,53.6,8.7,1002.3,1012.0,2355,1005.6,0131,1008.7,14.1,10.8,1200,3.69,28.16,,,,,,3.5,2.1,19.0,8.0,,,,,,,,,,6.5,9.2,,-{비}-0120. {비}0155-{비}{강도0}0300-{비}{강도0}0600-0615.,
143,대구,2024-05-17,19.1,10.0,0545,28.4,1557,,,,,,,8.3,290,1524,4.7,270,1527,1.7,1507,320,7.4,21,1559,51.8,10.3,1008.1,1017.0,2314,1012.0,0001,1014.4,14.1,11.3,1200,3.57,28.06,,,,,,2.1,0.1,23.8,7.0,,,,,,,,,,6.0,8.6,,,
143,대구,2024-05-18,21.4,12.1,0522,30.6,1602,,,,,,,7.1,270,1705,4.4,250,1702,1.6,1375,250,6.7,15,1537,44.6,10.0,1010.0,1018.7,0816,1013.3,1633,1016.3,14.2,13.0,1200,3.58,29.13,,,,,,0.0,0.0,26.2,8.7,,,,,,,,,,7.0,10.0,,,
143,대구,2024-05-19,23.0,14.6,0415,31.5,1602,,,,,,,6.8,270,1317,3.8,140,2133,1.7,1466,270,9.6,18,1604,46.5,12.0,1007.6,1016.4,0001,1010.7,1607,1013.9,14.2,13.1,1200,3.53,28.88,,,,,,0.0,0.0,28.3,10.9,,,,,,,,,,6.7,9.6,,,
143,대구,2024-05-20,21.0,14.4,0517,29.0,1622,,,,,,,9.1,160,2029,5.8,110,2308,2.3,2030,290,10.0,18,1259,54.9,12.4,1008.3,1018.0,2342,1012.5,1649,1014.6,14.2,10.4,1200,3.75,25.99,,,,,,3.0,1.1,25.6,11.3,,,,,,,,,,5.9,8.4,,,
143,대구,2024-05-21,17.8,14.5,2350,22.8,1459,,,,,,,9.1,110,0426,6.4,110,1915,4.3,3686,110,11.8,51,1634,69.0,13.9,1013.5,1022.0,1000,1017.9,0008,1019.9,14.2,8.2,1200,3.56,24.89,,,,,,2.6,2.6,26.4,13.5,,,,,,,,,,4.4,6.3,,,
143,대구,2024-05-22,21.7,11.8,0524,30.7,1658,,,,,,,5.8,270,1458,3.6,270,1839,1.8,1527,140,12.3,26,1727,59.5,14.3,1009.0,1020.4,0001,1011.3,1742,1015.3,14.3,12.8,1200,3.54,27.85,,,,,,4.0,0.0,28.3,10.8,,,,,,,,,,5.4,7.8,,{박무}0430-0545.,
143,대구,2024-05-23,25.3,18.3,0604,32.5,1534,,,,,,,7.7,270,1325,5.0,290,2302,2.2,1882,290,11.5,19,1552,46.1,13.7,1003.3,1013.2,0001,1006.1,1706,1009.5,14.3,12.7,1200,3.56,28.57,,,,,,2.9,0.0,31.3,16.4,,,,,,,,,,7.3,10.4,,,
143,대구,2024-05-24,21.2,16.8,0522,26.8,1208,,,,,,,13.0,110,1719,8.0,90,1808,3.7,3181,110,11.2,39,1019,54.1,13.4,1006.1,1016.9,2309,1009.3,0239,1012.4,14.3,10.8,1200,3.36,26.67,,,,,,3.3,1.8,29.8,12.8,,,,,,,,,,6.2,8.8,,,
143,대구,2024-05-25,19.6,16.6,2359,23.9,1429,,,,,,,9.5,90,0636,6.1,90,0739,3.7,3167,90,9.0,33,1353,51.9,11.5,1010.5,1018.8,0855,1015.4,1801,1016.8,14.3,0.9,1200,2.59,16.01,,,,,,8.3,7.9,26.7,15.8,,,,,,,,,,4.2,5.9,,,
143,대구,2024-05-26,20.8,14.2,0519,28.0,1346,1.5,2059,3.9,2035,3.0,4.7,8.2,160,1538,4.3,200,1411,2.1,1801,110,14.6,40,1236,70.3,17.1,1001.2,1015.9,0001,1000.7,2352,1007.4,14.3,7.2,1200,3.25,19.24,,,,,,8.5,5.5,26.3,12.9,,,,,,,,,,4.2,6.1,,{햇무리}0850-1315. {비}2035-{비}{강도0}2100-2325. {박무}2055-{박무}{강도0}2100-2205. {비}2345-2355.,
143,대구,2024-05-27,21.5,18.5,0646,24.9,1411,,,,,,,13.2,270,0925,8.4,270,1030,4.2,3605,290,9.3,31,1710,48.3,12.2,996.4,1005.2,2147,999.7,0226,1002.6,14.4,9.2,1000,3.21,24.83,,,,,,7.3,1.9,25.3,17.9,,,,,,,,,,5.9,8.4,,{햇무리}1050-1540.,
143,대구,2024-05-28,18.6,13.6,2358,24.4,1311,,,,,,,9.5,110,1714,6.5,110,1727,2.3,2010,110,9.3,39,1233,56.3,11.7,999.6,1011.1,2358,1003.1,1225,1006.0,14.4,4.6,1000,3.15,15.51,,,,,,6.9,3.8,22.7,10.3,,,,,,,,,,3.6,5.1,,,
143,대구,2024-05-29,20.9,10.4,0517,29.2,1725,,,,,,,6.4,290,1356,3.3,290,1415,1.3,1158,140,9.0,24,1536,51.9,11.5,1006.1,1014.3,0816,1009.5,1753,1012.3,14.4,13.2,1200,3.56,28.78,,,,,,1.0,0.0,27.7,8.1,,,,,,,,,,5.1,7.3,,,
143,대구,2024-05-30,21.6,16.5,0530,27.5,1553,,,,,,,5.7,270,1221,3.8,250,1211,1.1,978,110,12.9,30,1422,59.6,14.9,1004.6,1013.6,0805,1008.3,1828,1010.9,14.4,0.9,1000,2.06,12.9,,,,,,9.3,3.3,24.6,14.5,,,,,,,,,,3.3,4.7,,,
143,대구,2024-05-31,24.0,19.5,0238,29.8,1620,,,,,,,8.6,290,1407,4.6,270,1410,2.4,2084,270,9.7,19,1647,43.5,12.2,1002.4,1010.4,0747,1006.2,1618,1008.6,14.4,11.2,1200,3.56,27.84,,,,,,4.4,1.4,31.8,17.6,,,,,,,,,,6.9,9.9,,,
143,대구,2024-06-01,22.0,17.3,2353,27.5,1510,,,,,,,8.5,110,1857,5.7,110,1823,2.5,2174,290,11.2,34,1500,52.6,13.4,1003.1,1010.8,0751,1007.2,1645,1009.4,14.5,8.6,1400,2.97,24.29,,,,,,5.8,3.9,30.7,15.3,,,,,,,,,,5.0,7.1,,,
143,대구,2024-06-02,20.1,15.0,0427,26.7,1529,,,,,,,9.3,270,1323,5.6,110,1757,2.4,2105,110,11.3,29,1331,61.4,13.6,1003.5,1011.3,0653,1007.5,1535,1009.8,14.5,8.8,1200,3.55,23.74,,,,,,5.9,3.5,27.0,11.7,,,,,,,,,,5.0,7.2,,,
143,대구,2024-06-03,19.4,16.1,0535,25.4,1512,,,,,,,10.0,110,1726,6.4,90,1727,3.4,2942,110,11.9,40,1505,63.9,14.0,1005.3,1014.8,2254,1009.3,1444,1011.6,14.5,8.6,1200,3.72,26.13,,,,,,4.5,4.5,28.5,15.9,,,,,,,,,,5.6,8.0,,,
143,대구,2024-06-04,19.8,13.1,0537,26.3,1614,,,,,,,8.0,110,1902,5.2,110,2001,2.6,2223,110,10.0,32,1536,56.4,12.3,1009.9,1018.7,2359,1014.3,1521,1016.2,14.5,13.7,1200,3.67,30.76,,,,,,0.1,0.1,30.4,10.0,,,,,,,,,,6.5,9.2,,,
143,대구,2024-06-05,21.4,12.5,0515,28.9,1521,,,,,,,8.3,110,1817,5.5,90,1721,2.5,2198,110,9.8,26,1422,51.6,12.2,1012.2,1020.2,0704,1016.2,1615,1018.5,14.5,11.4,1100,3.56,26.97,,,,,,5.8,0.0,30.8,10.8,,,,,,,,,,5.9,8.4,,,
143,대구,2024-06-06,22.0,16.2,0519,27.9,1633,,,,,,,5.3,110,1501,3.6,110,1502,1.5,1323,110,11.4,29,1317,53.3,13.5,1010.5,1019.1,0740,1014.3,1708,1016.7,14.5,3.6,1100,3.47,19.45,,,,,,7.0,4.8,28.8,14.1,,,,,,,,,,4.2,6.1,,,
143,대구,2024-06-07,23.9,16.5,0457,30.3,1527,,,,,,,6.8,180,1806,3.8,160,1819,1.5,1253,160,12.7,26,1441,52.5,14.7,1007.1,1016.1,0529,1010.4,1643,1013.3,14.5,9.9,1100,3.2,23.3,,,,,,6.8,3.6,31.7,12.9,,,,,,,,,,4.9,7.0,,,
143,대구,2024-06-08,19.9,18.7,2238,23.2,0952,1.7,1208,6.7,1208,12.58,21.5,7.0,180,0304,3.9,160,0258,1.7,1471,110,16.7,50,0104,82.9,19.1,1004.2,1012.5,0213,1008.9,2356,1010.5,14.5,0.0,0900,0.94,5.77,,,,,,9.9,8.3,23.8,18.7,,,,,,,,,,1.1,1.6,,{비}1030-{비}{강도1}1200-{비}{강도1}1500-1715. {박무}1055-{박무}{강도0}1200-{박무}{강도0}1500-1550. {박무}1630-1650. {비}1810-{비}{강도0}2100-{비}{강도0}2400- {박무}1810-1940. {박무}2050-{박무}{강도0}2100-2230. {박무}2310-{박무}{강도0}2400-,
143,대구,2024-06-09,23.1,18.7,0052,29.4,1639,0.4,151,0.8,121,5.75,1.8,5.8,250,1440,3.3,290,1415,1.0,871,250,17.3,43,1731,72.8,19.8,1001.5,1009.1,0400,1005.7,1642,1007.7,14.5,8.0,1400,3.2,22.82,,,,,,6.3,4.1,27.7,18.5,,,,,,,,,,4.2,6.1,,-{비}-{비}{강도0}0300-0545. -{박무}-{박무}{강도0}0300-{박무}{강도0}0600-0640.,
143,대구,2024-06-10,26.0,18.5,0403,33.4,1641,,,,,,,6.5,270,1727,3.8,270,1654,1.6,1371,320,16.2,27,1437,60.1,18.6,1000.9,1009.5,0607,1004.1,1714,1007.1,14.6,11.0,1200,3.37,26.16,,,,,,2.3,1.1,29.7,16.8,,,,,,,,,,5.7,8.2,,{박무}0545-{박무}{강도0}0600-{박무}{강도0}0900-0905.,
143,대구,2024-06-11,27.5,20.6,0455,34.5,1544,,,,,,,7.7,250,1943,4.2,270,1144,1.8,1574,320,16.5,26,1637,54.6,18.9,1000.1,1008.7,0549,1003.6,1712,1006.2,14.6,12.6,1200,3.4,28.37,,,,,,1.8,0.0,32.7,18.0,,,,,,,,,,6.8,9.7,,,
143,대구,2024-06-12,27.9,21.8,0510,33.9,1630,,,,,,,9.4,270,1108,5.6,270,1031,1.9,1635,290,14.7,21,1043,49.1,17.1,998.4,1006.7,0611,1002.2,1648,1004.5,14.6,12.4,1200,3.54,28.62,,,,,,3.3,0.1,34.0,20.2,,,,,,,,,,6.7,9.6,,,
143,대구,2024-06-13,27.7,21.5,0529,35.6,1603,,,,,,,7.6,110,1727,4.6,140,1735,1.7,1432,110,15.9,18,1600,51.8,18.2,997.7,1005.7,2240,1001.6,1551,1003.8,14.6,11.3,1200,3.46,28.28,,,,,,2.1,1.4,35.0,19.1,,,,,,,,,,6.7,9.6,,,
143,대구,2024-06-14,27.5,19.6,0524,35.1,1539,,,,,,,6.7,230,1737,3.9,180,1830,1.8,1584,140,15.1,20,1437,51.6,17.3,998.7,1007.5,0552,1002.4,1445,1004.8,14.6,12.5,1100,3.43,27.75,,,,,,3.4,0.3,33.8,17.7,,,,,,,,,,6.4,9.2,,{박무}0430-{박무}{강도0}0600-0730. {연무}0724-0838.,
143,대구,2024-06-15,25.4,21.7,2351,32.2,1202,2.5,2321,3.7,2236,3.77,4.3,7.8,270,1429,5.1,290,1708,1.7,1478,290,18.8,40,1332,68.5,21.7,996.9,1005.2,0008,1000.0,1427,1003.0,14.6,6.6,1000,3.09,18.08,,,,,,7.0,2.1,28.2,20.0,,,,,,,,,,4.0,5.7,,{소나기}1412-{소나기}{강도0}1500-1540. {비}1723-{비}{강도0}1800-1820. {비}2155-2240. {박무}2210-2215. {소나기}2304-2340. {박무}2310-{박무}{강도0}2400-,
143,대구,2024-06-16,26.2,21.5,0228,31.5,1549,,,,,,,9.8,290,1305,6.3,270,1236,2.7,2306,290,14.8,24,1512,54.8,17.3,999.4,1008.2,2341,1003.3,0207,1005.6,14.6,11.7,1300,3.41,28.21,,,,,,3.3,1.0,31.3,20.6,,,,,,,,,,6.7,9.6,,-{박무}-{박무}{강도0}0300-0430.,
143,대구,2024-06-17,24.8,19.2,0525,30.0,1224,,,,,,,6.9,290,1041,4.4,270,1047,1.8,1573,250,13.5,28,1523,52.4,15.6,1001.1,1010.0,0645,1005.2,1804,1007.3,14.6,4.7,1200,2.48,17.85,,,,,,8.0,0.0,27.4,16.6,,,,,,,,,,4.9,7.1,,,
143,대구,2024-06-18,28.3,19.5,0425,35.4,1708,,,,,,,9.5,290,1100,6.8,290,1101,2.7,2299,290,12.9,24,1641,41.6,14.9,999.4,1007.8,2350,1003.3,1558,1005.5,14.6,13.1,1200,3.54,29.07,,,,,,0.9,0.0,34.6,15.9,,,,,,,,,,7.7,11.0,,,
143,대구,2024-06-19,29.3,21.4,0530,36.8,1605,,,,,,,7.4,290,1556,4.6,250,1534,1.5,1336,290,14.3,21,1749,43.0,16.4,1001.5,1010.1,0752,1005.4,1658,1007.6,14.6,11.6,1200,3.38,26.96,,,,,,6.5,0.0,37.4,18.4,,,,,,,,,,6.5,9.3,,{햇무리}0930- {채운}1055-1105.1300.,
143,대구,2024-06-20,25.0,21.1,0533,28.8,1408,,,,,,,6.0,160,1501,3.7,160,1508,1.6,1340,160,14.6,38,1228,54.0,16.7,999.4,1008.0,0131,1002.8,1744,1005.5,14.6,2.3,1400,1.84,14.07,,,,,,8.8,2.0,30.1,17.6,,,,,,,,,,,,,,
143,대구,2024-06-21,26.2,21.2,0520,30.8,1522,,,,,,,5.4,140,2145,3.4,110,1636,1.7,1502,110,18.2,48,1524,63.0,21.0,996.8,1004.6,2256,1001.2,1719,1002.9,14.6,6.2,1000,2.97,19.59,,,,,,8.5,5.0,34.5,19.5,,,,,,,,,,,,,{햇무리}0940-1030.,
143,대구,2024-06-22,23.4,22.3,1010,24.5,0001,1.6,1736,5.9,929,11.92,21.2,4.8,110,1314,3.2,110,1334,1.6,1356,110,21.3,72,0001,88.6,25.4,993.3,1004.3,0017,995.3,1704,999.4,14.6,0.0,1200,0.55,4.48,,,,,,9.6,7.6,25.3,22.3,,,,,,,,,,1.0,1.4,,{비}0850-{비}{강도0}0900-{비}{강도0}1200-{비}{강도0}1500-{비}{강도1}1800-2045. {박무}0905-{박무}{강도0}1200-{박무}{강도0}1500-1540. {박무}1640-{박무}{강도1}1800-{박무}{강도0}2100-2105. {박무}2235-{박무}{강도0}2400-,
143,대구,2024-06-23,26.1,23.4,0001,30.0,1710,0.1,,0.1,,1.0,0.1,8.6,270,1812,4.7,290,1504,1.8,1533,290,21.6,56,1811,77.6,25.8,992.3,1002.2,2341,996.1,0245,998.4,14.6,2.6,1500,1.76,11.44,,,,,,6.9,4.6,27.5,22.2,,,,,,,,,,2.7,3.9,,-{박무}-{박무}{강도0}0300-{박무}{강도0}0600-0650. {비}1255-1355.,
143,대구,2024-06-24,26.8,21.8,0522,32.6,1501,,,,,,,13.2,270,1528,6.7,250,1540,2.2,1912,250,19.2,41,1541,65.0,22.4,996.9,1006.0,2354,1000.6,1641,1003.0,14.6,5.7,1400,2.66,20.77,,,,,,8.0,1.8,30.6,20.6,,,,,,,,,,5.6,8.0,,,
143,대구,2024-06-25,24.8,20.9,0614,29.6,1519,,,,,,,10.1,270,1334,6.1,290,1338,3.3,2820,290,12.9,31,1343,48.9,14.9,1004.0,1013.6,2333,1005.8,0003,1010.2,14.6,9.0,1100,3.16,24.11,,,,,,8.3,0.0,30.3,20.1,,,,,,,,,,6.0,8.5,,{햇무리}0720-0755.,
143,대구,2024-06-26,24.8,19.6,0537,30.8,1603,,,,,,,7.0,110,1841,4.8,90,1900,1.8,1560,270,13.9,33,1513,52.4,15.9,1008.5,1015.9,0708,1012.6,1628,1014.7,14.6,11.5,1200,3.44,25.78,,,,,,5.8,1.9,31.4,17.5,,,,,,,,,,5.1,7.3,,,
143,대구,2024-06-27,22.0,18.1,0523,26.2,1614,2.8,2054,4.7,2020,2.25,4.7,5.3,290,1830,3.4,290,1835,1.2,1038,110,15.7,49,1101,69.4,17.9,1006.2,1015.6,0001,1009.8,1803,1012.5,14.6,0.0,1100,1.27,10.6,,,,,,8.3,1.8,24.5,16.2,,,,,,,,,,2.4,3.5,,{비}2025-{비}{강도0}2100-2240. {박무}2040-{박무}{강도1}2100-2120. {박무}2210-2305. {박무}2340-{박무}{강도0}2400-,
143,대구,2024-06-28,26.0,18.2,0500,34.1,1700,,,,,,,6.7,290,1242,3.8,270,1453,1.2,1020,160,17.5,29,1641,63.9,20.1,1001.1,1009.8,0001,1004.5,1642,1007.2,14.6,11.5,1200,3.52,28.65,,,,,,2.5,2.0,34.7,17.1,,,,,,,,,,,,,{달코로나}0215-0230. -{박무}-{박무}{강도0}0300-{박무}{강도0}0600-0630.,
143,대구,2024-06-29,24.5,22.0,0517,29.8,1306,2.0,2222,6.0,1927,8.42,20.3,7.8,110,1935,4.6,110,1938,1.8,1531,110,20.7,53,1307,80.9,24.5,999.4,1008.6,0729,1001.0,2355,1005.6,14.6,3.9,1200,2.11,12.87,,,,,,9.3,4.3,28.3,20.5,,,,,,,,,,2.1,3.0,,{비}1415-1455. {비}1510-1520. {비}1625-{비}{강도0}1800-{비}{강도1}2100-{비}{강도0}2400- {박무}1755-{박무}{강도0}1800-1810. {박무}1935-2030. {박무}2105-2120. {박무}2205-2245.,
143,대구,2024-06-30,26.2,23.6,0001,31.0,1351,4.5,835,12.1,751,10.23,24.4,11.0,290,1528,5.6,270,1429,1.9,1669,250,23.3,59,1406,85.3,28.7,992.8,1001.4,2359,996.8,1409,998.9,14.6,0.9,1300,2.46,9.44,,,,,,9.9,7.1,26.7,23.5,,,,,,,,,,2.7,3.8,,-{비}-0203. {비}0233-0243. {비}0315-0415. {비}0440-0550. {비}0620-{비}{강도1}0900-1130. {박무}0720-0845. {박무}0917-1010. {비}1528-1529. {비}1625-1705.,
143,대구,2024-07-01,28.0,24.4,0324,32.5,1408,0.0,,0.0,,0.17,0.0,6.6,290,1319,3.5,270,1324,1.8,1535,290,20.6,44,1353,66.0,24.3,997.2,1006.0,2316,1001.4,0001,1003.3,14.6,7.9,1300,3.16,22.74,,,,,,7.3,5.6,30.2,23.9,,,,,,,,,,4.3,6.1,,{비}0430-0440.,
143,대구,2024-07-02,25.2,21.9,0659,27.9,1658,3.4,635,12.8,552,8.42,22.1,9.0,110,0803,5.6,110,0817,2.9,2484,110,22.3,74,0001,84.8,26.9,1000.2,1007.7,2146,1004.9,0301,1006.3,14.6,0.1,1300,1.37,8.34,,,,,,9.8,8.1,25.9,21.8,,,,,,,,,,1.9,2.8,,{비}0315-{비}{강도1}0600-{비}{강도0}0900-1140. {박무}0332-{박무}{강도1}0600-0725. {박무}1035-1105.,
143,대구,2024-07-03,28.9,24.9,0747,33.9,1704,3.9,625,8.5,559,2.4,12.4,10.8,250,1225,6.2,250,1431,2.7,2326,270,22.0,45,1552,67.9,26.5,1002.2,1010.7,2317,1006.1,0543,1008.3,14.5,7.1,1200,3.56,22.97,,,,,,6.1,5.3,29.1,24.2,,,,,,,,,,,,,{비}0355-0435. {비}0615-0759. {박무}0620-0815.,
143,대구,2024-07-04,29.0,22.9,0528,34.8,1650,,,,,,,7.9,270,1718,4.6,270,1610,2.1,1838,290,21.0,41,1329,64.0,24.9,1001.2,1010.5,0002,1004.5,1930,1007.3,14.5,11.2,1200,3.48,26.35,,,,,,2.6,1.5,31.9,21.7,,,,,,,,,,6.1,8.7,,,
143,대구,2024-07-05,29.0,26.0,2344,32.8,1350,0.5,516,0.5,435,0.7,0.5,11.0,270,0829,7.2,250,0853,2.9,2526,270,20.6,46,1351,61.6,24.3,998.0,1005.9,2352,1002.6,0359,1004.0,14.5,7.3,1200,3.18,21.42,,,,,,5.8,3.9,31.4,24.1,,,,,,,,,,5.0,7.2,,{비}0355-0404. {비}0435-0445. {비}0457-0505. {비}0515-0530.,
143,대구,2024-07-06,28.7,24.5,0434,32.9,1436,,,,,,,7.7,230,1652,4.5,180,1606,1.8,1577,180,22.3,54,1250,69.1,26.9,998.9,1006.3,1001,1003.4,1647,1004.9,14.5,6.0,1200,2.59,19.51,,,,,,7.0,1.8,33.0,23.1,,,,,,,,,,4.1,5.9,,,
143,대구,2024-07-07,29.0,24.6,1312,32.4,1550,5.9,1305,7.9,1255,0.57,7.9,13.8,270,1259,7.3,270,1305,1.6,1375,90,23.7,60,1046,73.6,29.3,998.4,1006.5,1259,1003.4,1818,1004.5,14.5,2.2,1400,2.41,13.93,,,,,,8.5,3.3,31.2,23.5,,,,,,,,,,2.6,3.7,,{비}1255-1329. {박무}1301-1318.,
143,대구,2024-07-08,27.2,26.2,1952,29.2,1319,0.4,1537,1.1,1502,4.17,2.4,6.4,270,2358,3.7,270,2400,0.9,765,70,23.9,69,1317,82.4,29.7,997.6,1005.5,0658,1001.6,2314,1003.7,14.5,0.0,1100,0.61,4.86,,,,,,9.8,5.0,27.5,25.6,,,,,,,,,,1.1,1.5,,{비}1330-1410. {비}1435-{비}{강도0}1500-1720. {박무}1530-1610. {박무}1645-1705. {비}1745-{비}{강도0}1800-1805. {박무}1930-2005. {비}2335-{비}{강도0}2400-,
143,대구,2024-07-09,24.4,22.8,2224,27.2,0001,18.5,136,44.4,57,19.98,191.3,9.3,320,0107,4.5,320,0112,1.4,1231,110,23.2,83,0001,93.8,28.5,999.6,1007.9,2147,1001.5,0028,1005.7,14.5,0.0,1100,1.01,4.37,,,,,,10.0,3.9,25.2,22.6,,,,,,,,,,1.0,1.4,,{박무}0230-{박무}{강도2}0300-{시정(미만)}{1km}{안개}0437-{시정(이상)}{1km}{박무}0505-{박무}{강도0}0600-{박무}{강도0}0900-0915. -{비}-{비}{강도2}0300-{비}{강도1}0600-{비}{강도1}0900-1050. {박무}0938-1036. {비}1155-{비}{강도0}1200-1335. {비}1449-{비}{강도0}1500-1610. {비}1710-{비}{강도0}1800-1821. {비}1843-2035. {박무}1850-1930. {비}2055-{비}{강도0}2100-{비}{강도0}2400- {박무}2150-2230.,0.47
143,대구,2024-07-10,23.9,22.0,0256,26.2,1345,14.8,622,41.8,619,10.0,65.7,9.9,340,0616,5.7,140,0223,2.3,1975,110,21.6,76,1310,87.6,25.8,994.4,1005.9,0027,997.0,0600,1000.5,14.4,0.0,1200,1.65,8.02,,,,,,9.4,7.5,25.1,21.8,,,,,,,,,,1.7,2.5,,{박무}0005-0020. -{비}-{비}{강도0}0300-0335. {비}0350-{비}{강도1}0600-{비}{강도1}0900-1005. {박무}0430-0450.{박무}{강도0}0600-{박무}{강도0}0900-0950. {비}1855-1905.,
143,대구,2024-07-11,24.6,21.7,0314,28.2,1405,12.6,1630,24.0,1609,1.32,24.0,6.7,270,1620,4.4,250,1624,1.4,1219,110,21.4,65,1408,83.0,25.5,995.8,1003.4,0818,1000.5,1801,1001.9,14.4,0.8,1000,2.15,13.58,,,,,,8.3,5.4,27.0,21.2,,,,,,,,,,2.5,3.6,,{박무}0250-{박무}{강도0}0300-{박무}{강도0}0600-0633. {박무}0740-{박무}{강도0}0900-0950. {소나기}1609-1728.,
143,대구,2024-07-12,26.4,22.4,0240,32.7,1508,2.9,1928,4.5,1855,1.17,4.5,9.9,270,1919,5.0,270,1928,1.0,867,110,21.7,47,1430,77.6,25.9,996.1,1004.4,2253,1000.5,1650,1002.2,14.4,7.5,1200,3.47,24.36,,,,,,5.5,5.5,30.3,21.2,,,,,,,,,,4.5,6.5,,{박무}0120-{박무}{강도0}0300-{박무}{강도0}0600-0855. {소나기}1855-2005.,
143,대구,2024-07-13,25.6,21.8,0540,30.1,1652,0.3,2249,0.8,2214,2.58,0.8,5.9,140,2044,4.0,110,2102,2.0,1738,110,21.4,59,1449,79.0,25.4,1000.4,1010.1,2315,1003.8,0238,1006.6,14.4,5.1,1100,3.02,20.17,,,,,,7.1,6.0,28.5,21.0,,,,,,,,,,3.8,5.4,,{박무}0001-{박무}{강도0}0300-{박무}{강도1}0600-{박무}{강도0}0900-1103. {비}2125-{비}{강도0}2400- {박무}2210-{박무}{강도0}2400-,
143,대구,2024-07-14,23.7,22.8,2154,25.3,1207,0.6,1508,2.3,1452,4.9,2.6,7.1,110,1915,4.8,110,1823,2.9,2502,110,21.4,79,1152,87.4,25.6,1004.5,1013.0,2147,1008.6,0243,1010.7,14.4,0.0,1100,0.91,6.24,,,,,,9.4,8.0,24.9,22.6,,,,,,,,,,1.6,2.3,,-{비}-0015. -{박무}-0110. {박무}0525-{박무}{강도0}0600-0615. {비}0550-{비}{강도0}0600-0610. {비}0958-1028. {비}1416-{비}{강도0}1500-1715. {비}1840-1930.,
143,대구,2024-07-15,24.3,22.6,0455,26.6,1420,0.0,,0.0,,0.58,0.0,6.6,110,1211,4.3,110,1212,2.9,2473,110,21.0,73,1429,82.3,24.8,1006.6,1013.8,0831,1011.8,0320,1012.8,14.4,0.0,1100,1.64,11.37,,,,,,8.9,7.4,26.1,22.5,,,,,,,,,,2.3,3.3,,{비}1640-1715. {박무}2250- {박무}{강도0}2400-,
143,대구,2024-07-16,25.1,22.2,0637,28.8,1240,3.2,631,3.9,615,6.83,5.9,6.8,290,2258,4.2,290,2307,1.5,1319,110,22.0,68,1159,83.6,26.4,1006.0,1013.6,0729,1010.7,1543,1012.1,14.4,2.8,1000,2.69,13.51,,,,,,8.8,6.5,27.0,22.1,,,,,,,,,,2.1,3.0,,-{박무}-0030. {박무}0155-{박무}{강도0}0300-{박무}{강도0}0600-0750. {비}0615-0650. {비}1505-1525. {비}1555-1630. {비}1725-{비}{강도0}1800-1910. {비}1945-2050. {비}2130-{비}{강도0}2400-,
143,대구,2024-07-17,27.1,23.0,0434,31.7,1535,0.0,,0.0,,0.83,0.0,10.0,250,1234,5.5,250,1239,1.7,1508,160,22.7,58,1308,78.0,27.5,1003.9,1012.9,0001,1007.9,1816,1010.0,14.3,2.4,1100,3.19,16.14,,,,,,9.0,4.1,28.5,22.9,,,,,,,,,,3.6,5.1,,-{비}-0030. {비}0450-0510.,
143,대구,2024-07-18,28.5,26.8,0313,30.7,1751,0.5,1232,0.6,1142,5.27,0.9,9.4,250,1835,5.0,270,2010,2.3,1954,140,22.9,59,1803,72.3,27.9,998.5,1008.4,0001,1001.6,1517,1004.6,14.3,0.0,0900,0.99,7.34,,,,,,9.8,5.9,28.5,25.2,,,,,,,,,,2.1,3.0,,{비}1119-{비}{강도0}1200-1415. {비}1440-{비}{강도0}1500-1530. {비}2110-2240.,
143,대구,2024-07-19,27.3,24.2,0705,30.8,1736,0.6,659,1.2,429,2.45,1.9,7.0,320,1050,4.3,250,1109,1.5,1333,270,22.7,59,1738,77.0,27.6,999.8,1008.4,2346,1004.6,1224,1005.9,14.3,2.4,1000,1.94,11.42,,,,,,8.1,6.0,29.8,23.5,,,,,,,,,,2.6,3.8,,{비}0418-0535. {박무}0450-0510. {비}0640-0720. {비}1240-1310.,
143,대구,2024-07-20,26.9,24.0,0426,30.6,1704,11.1,1112,17.5,1052,2.72,22.7,9.8,290,1108,5.9,290,1108,1.5,1325,290,23.0,66,1652,79.8,28.0,1002.3,1011.8,1138,1006.6,1741,1008.4,14.3,5.6,1500,2.49,15.14,,,,,,5.8,3.6,34.0,22.5,,,,,,,,,,2.8,4.0,,{비}1047-{비}{강도2}1200-1330.,
143,대구,2024-07-21,29.7,25.9,0521,34.4,1746,0.6,552,1.2,523,3.35,2.2,10.1,250,0354,6.4,270,0400,2.4,2035,250,23.6,52,1553,71.1,29.1,1001.6,1009.3,2210,1005.5,0231,1007.7,14.2,7.6,1000,3.15,22.33,,,,,,4.9,4.3,33.7,25.0,,,,,,,,,,5.1,7.3,,{비}0350-0410. {비}0520-{비}{강도0}0600-0755. {무지개}0520-0605. {비}0820-0846.,
143,대구,2024-07-22,30.1,25.9,0527,34.2,1432,,,,,,,8.2,250,1152,4.7,290,1122,1.9,1603,160,23.1,48,1317,67.4,28.2,1001.2,1009.9,0140,1005.0,1735,1007.3,14.2,9.2,1200,3.39,22.35,,,,,,6.0,2.6,33.5,24.7,,,,,,,,,,5.0,7.1,,,
143,대구,2024-07-23,30.0,27.5,0559,32.8,1625,,,,,,,9.0,270,0920,4.9,270,1017,2.2,1885,250,23.0,56,1430,66.6,28.1,999.4,1006.5,0211,1003.6,1700,1005.4,14.2,3.0,1000,2.23,15.05,,,,,,9.1,2.4,32.3,26.9,,,,,,,,,,3.6,5.1,,,
143,대구,2024-07-24,28.6,26.3,1226,31.2,0945,2.9,1221,4.4,1137,2.0,4.4,6.0,340,1203,3.9,320,1210,1.4,1216,50,24.5,66,0929,79.0,30.7,999.4,1006.3,2317,1003.6,1553,1005.4,14.2,5.0,1400,2.74,13.75,,,,,,6.6,5.5,33.1,25.3,,,,,,,,,,2.8,4.0,,{비}0315-0335. {달코로나}0350-0510. {소나기}1145-1325.,
143,대구,2024-07-25,29.7,25.3,0545,34.8,1509,,,,,,,6.5,320,1637,3.8,320,1642,1.4,1177,160,24.0,51,1512,73.1,29.9,1001.1,1009.8,2359,1005.4,1542,1007.2,14.1,6.7,1300,2.91,18.48,,,,,,6.3,3.0,35.3,24.4,,,,,,,,,,3.9,5.6,,,
143,대구,2024-07-26,29.7,26.3,0523,33.4,1421,0.0,,0.0,,0.4,0.0,9.5,230,1313,4.9,160,1201,2.3,2022,160,23.5,54,1329,70.5,28.9,1005.5,1015.0,2224,1008.9,0151,1011.6,14.1,7.5,1300,2.93,20.1,,,,,,8.1,4.1,35.1,25.2,,,,,,,,,,4.4,6.3,,{소나기}1539-1548. {비}2315-2330.,
143,대구,2024-07-27,29.5,26.4,0518,33.9,1421,0.0,,0.0,,2.38,0.0,8.1,200,1619,3.9,230,1621,1.8,1554,160,24.2,54,1601,73.8,30.1,1009.7,1017.3,2239,1014.2,1540,1015.8,14.1,3.0,1200,3.54,16.78,,,,,,7.0,5.6,33.2,25.6,,,,,,,,,,3.8,5.5,,{비}0330-0410. {비}0445-0530. {비}0809-0820. {비}0855-{비}{강도0}0900-0930. {비}1143-1155.,
143,대구,2024-07-28,30.5,26.6,0521,35.1,1429,,,,,,,7.9,270,1424,4.4,250,1317,1.9,1604,250,23.4,48,1412,67.5,28.8,1007.5,1017.0,0001,1011.3,1728,1013.6,14.1,8.6,1400,2.65,20.69,,,,,,4.6,2.0,36.0,25.7,,,,,,,,,,4.9,7.0,,,
143,대구,2024-07-29,30.7,26.3,0542,35.6,1546,,,,,,,9.2,340,1650,5.5,270,1323,2.8,2456,270,22.2,43,1712,62.3,26.8,1002.9,1012.2,0001,1006.4,1710,1009.0,14.0,10.1,1000,2.66,22.23,,,,,,1.9,1.8,35.7,24.6,,,,,,,,,,5.7,8.2,,,
143,대구,2024-07-30,30.3,25.5,0540,35.1,1646,,,,,,,8.0,290,0959,4.2,270,1804,2.2,1935,320,22.4,49,1459,64.1,27.2,1001.1,1008.5,0649,1005.7,1634,1007.2,14.0,12.1,1100,3.22,25.79,,,,,,0.8,0.8,36.1,24.4,,,,,,,,,,5.7,8.2,,,
143,대구,2024-07-31,30.6,25.4,0529,36.3,1521,,,,,,,7.4,290,1319,4.5,290,0831,1.9,1605,340,23.2,46,1522,66.5,28.4,1000.4,1008.9,0744,1004.4,1741,1006.4,14.0,10.6,1200,3.42,25.99,,,,,,0.9,0.9,36.3,23.6,,,,,,,,,,5.5,7.9,,,
143,대구,2024-08-01,31.6,27.9,0405,35.5,1610,,,,,,,8.8,290,1201,5.4,290,1204,2.0,1695,250,23.9,48,1150,65.5,29.7,998.8,1006.4,0600,1002.3,1731,1004.8,14.0,6.1,1100,3.33,18.94,,,,,,3.9,3.9,36.6,27.5,,,,,,,,,,4.5,6.4,,,
143,대구,2024-08-02,31.5,27.6,0428,36.3,1443,2.0,2203,2.4,2150,0.5,2.4,6.8,270,1159,4.2,290,1204,1.8,1594,320,24.9,47,1315,69.9,31.5,998.4,1006.2,2306,1002.5,1730,1004.4,13.9,6.3,1200,3.37,20.6,,,,,,4.0,4.0,36.8,26.6,,,,,,,,,,4.7,6.7,,{소나기}2150-2220. {박무}2155-2210.,
143,대구,2024-08-03,32.1,27.8,0442,37.2,1639,,,,,,,8.1,270,1133,4.1,290,0942,1.9,1601,320,24.8,45,1614,67.9,31.3,1000.7,1008.2,2305,1004.9,1632,1006.7,13.9,10.1,1100,2.88,21.83,,,,,,2.0,1.5,37.5,27.1,,,,,,,,,,4.9,7.0,,{박무}0405-0415.,
143,대구,2024-08-04,29.8,27.0,2347,35.3,1314,,,,,,,7.8,180,1255,4.4,110,1243,2.2,1904,110,24.6,54,1323,74.8,31.0,1002.1,1009.3,2320,1006.8,1507,1008.2,13.9,4.7,1100,3.19,17.3,,,,,,5.3,4.4,35.5,26.6,,,,,,,,,,4.1,5.8,,,
143,대구,2024-08-05,28.3,24.4,2354,36.0,1545,11.1,1839,14.3,1752,3.58,20.6,15.5,250,1629,8.3,250,1637,2.2,1925,140,23.6,48,1544,78.1,29.1,1002.3,1009.8,0601,1005.4,1543,1008.4,13.8,7.3,1100,3.17,19.63,,,,,,6.1,3.5,36.8,23.9,,,,,,,,,,4.0,5.7,,{박무}0250-{박무}{강도0}0300-0345. {연무}0820-{연무}{강도0}0900-0930. {소나기}1555-{소나기}{강도1}1800-1930.,
143,대구,2024-08-06,29.2,23.8,0354,35.5,1536,,,,,,,6.3,250,1511,4.1,290,1628,1.9,1624,140,23.1,43,1450,72.3,28.3,1001.5,1009.7,0801,1005.5,1747,1007.6,13.8,10.3,1100,3.29,25.35,,,,,,4.1,3.3,34.3,23.8,,,,,,,,,,5.2,7.4,,{박무}0330-0409. {박무}0450-{박무}{강도0}0600-0740.,
143,대구,2024-08-07,31.0,26.5,0450,36.6,1559,,,,,,,5.9,290,1305,3.3,270,1213,1.6,1363,320,23.4,37,1550,66.8,28.9,999.7,1007.9,0735,1003.2,1646,1005.7,13.8,9.5,1100,3.1,24.64,,,,,,5.4,4.5,37.1,26.2,,,,,,,,,,4.8,6.9,,,
143,대구,2024-08-08,28.5,24.1,0422,34.1,1253,19.5,207,57.4,148,1.53,58.0,10.3,270,1422,5.5,290,1425,0.8,724,290,23.4,51,1243,75.1,28.8,998.5,1006.1,0238,1002.8,1626,1004.5,13.7,7.2,1000,2.78,19.26,,,,,,6.6,3.4,30.8,23.8,,,,,,,,,,2.2,3.1,,{소나기}0140-0250. {햇무리}1150-1230. {소나기}1415-1437.,
143,대구,2024-08-09,29.3,24.6,0558,35.5,1612,,,,,,,6.5,70,1747,4.0,90,1825,2.3,1996,110,22.3,32,1544,68.3,26.9,998.0,1005.4,0714,1002.0,1607,1004.1,13.7,11.2,1200,3.45,26.38,,,,,,2.8,1.6,32.7,23.7,,,,,,,,,,1.7,2.4,,,
143,대구,2024-08-10,28.9,24.6,0531,34.2,1608,,,,,,,7.7,90,1901,4.9,90,1907,2.6,2204,110,21.7,43,1530,67.5,26.0,998.0,1005.8,0758,1002.0,1649,1004.1,13.7,10.1,1200,3.41,25.15,,,,,,4.1,3.1,32.0,24.2,,,,,,,,,,5.8,8.3,,{박무}0505-{박무}{강도0}0600-0620.,
143,대구,2024-08-11,28.9,24.1,0450,34.4,1535,,,,,,,7.5,90,2144,4.4,90,1942,2.5,2171,110,21.8,46,1532,67.6,26.1,997.6,1004.9,0839,1001.8,1725,1003.7,13.7,12.6,1100,3.18,25.54,,,,,,1.4,1.0,34.2,23.7,,,,,,,,,,,,,,
143,대구,2024-08-12,28.4,23.5,0528,34.5,1534,,,,,,,9.2,70,2009,5.5,90,2215,2.8,2414,110,21.4,41,1622,68.0,25.5,999.3,1007.5,2323,1003.5,1528,1005.4,13.6,12.7,1200,3.35,26.31,,,,,,1.4,1.0,35.1,22.8,,,,,,,,,,6.0,8.5,,,
143,대구,2024-08-13,28.0,23.4,0552,33.6,1415,,,,,,,8.5,110,1803,5.6,90,1649,2.5,2187,110,21.1,48,1338,67.8,25.0,1002.3,1009.9,0749,1006.4,1436,1008.4,13.6,12.6,1200,3.33,25.94,,,,,,1.4,1.4,35.6,22.6,,,,,,,,,,5.7,8.2,,,
143,대구,2024-08-14,28.0,23.0,0440,32.6,1249,,,,,,,8.4,140,1644,5.1,90,1316,2.7,2315,110,21.8,52,1441,70.3,26.1,1002.6,1010.0,0628,1006.9,1718,1008.7,13.6,9.6,1100,3.13,22.12,,,,,,3.6,2.0,34.0,22.3,,,,,,,,,,4.9,7.0,,,
143,대구,2024-08-15,28.3,24.0,0638,34.3,1521,,,,,,,9.5,110,1605,6.6,110,1612,2.9,2523,110,21.8,46,1408,69.5,26.1,1002.2,1009.5,0829,1005.9,1517,1008.3,13.5,11.0,1000,2.94,24.1,,,,,,4.8,2.9,36.7,23.6,,,,,,,,,,5.4,7.7,,,
143,대구,2024-08-16,28.7,24.3,0550,33.9,1446,,,,,,,8.3,90,1838,5.7,90,1840,2.3,2017,90,21.5,43,1523,67.0,25.7,1003.0,1011.1,2353,1006.9,1539,1009.1,13.5,9.6,1200,3.36,22.34,,,,,,4.1,3.1,35.2,23.0,,,,,,,,,,5.1,7.3,,{채운}0955-1007. {달코로나}2000-2010.,
143,대구,2024-08-17,29.1,24.7,0539,34.5,1541,,,,,,,8.9,90,1907,5.5,70,1644,2.2,1890,90,21.9,46,1541,67.0,26.2,1004.6,1011.9,0708,1008.5,1549,1010.7,13.5,9.7,1100,3.28,21.62,,,,,,4.9,3.1,36.9,23.6,,,,,,,,,,4.9,7.0,,,
143,대구,2024-08-18,29.0,24.6,0551,34.0,1521,0.0,,0.0,,0.17,0.0,7.7,50,1541,4.5,110,0954,2.7,2341,110,21.4,42,1524,66.0,25.5,1003.9,1011.8,0727,1007.4,1759,1010.0,13.4,11.9,1300,3.16,24.82,,,,,,3.6,2.9,37.8,24.4,,,,,,,,,,5.7,8.1,,{달코로나}2055- {비}2350-{비}{강도0}2400-,
143,대구,2024-08-19,29.6,24.6,0511,35.1,1546,0.0,,0.0,,0.58,0.0,5.5,110,2050,3.2,110,0936,2.0,1725,110,22.6,46,1424,68.0,27.4,1002.7,1010.6,0016,1006.4,1609,1008.8,13.4,7.6,1100,3.17,20.3,,,,,,5.1,3.8,36.5,23.6,,,,,,,,,,4.2,6.0,,-{비}-0035. -{달코로나}-0045.,
143,대구,2024-08-20,28.8,26.3,2353,33.6,1550,0.7,1728,0.8,2301,3.25,2.0,9.9,160,1727,4.4,90,0835,2.0,1753,110,24.8,60,1552,79.6,31.2,1004.0,1012.0,2352,1008.7,1621,1010.1,13.4,2.1,1500,2.09,10.22,,,,,,8.4,6.9,32.7,25.6,,,,,,,,,,2.3,3.3,,{달코로나}0245-0320. {비}0735-0758. {비}1240-1259. {비}1325-1428. {비}1725-1745. {비}2005-2020. {비}2305-{비}{강도0}2400-,
143,대구,2024-08-21,28.1,25.6,0432,31.5,1257,0.7,639,1.5,352,5.6,3.3,5.7,110,0310,3.9,110,0341,2.1,1783,110,25.0,66,1305,84.0,31.7,1003.5,1011.8,0001,1008.2,1831,1009.6,13.3,0.3,1100,1.64,9.8,,,,,,9.0,6.4,29.5,25.4,,,,,,,,,,2.2,3.2,,-{비}-0005. {비}0140-0150. {비}0220-0230. {비}0340-{비}{강도0}0600-0750. {비}1005-1010. {비}1050-1110. {비}1340-1356. {비}1435-1455.,
143,대구,2024-08-22,29.7,26.0,0453,34.4,1253,0.0,,0.0,,0.48,0.0,13.4,200,1528,5.7,200,1534,2.2,1876,110,23.9,54,1254,72.3,29.6,1000.4,1009.3,0001,1003.9,1536,1006.4,13.3,3.4,1200,2.57,13.74,,,,,,7.0,5.3,31.9,25.4,,,,,,,,,,3.7,5.3,,{비}1601-1630.,
143,대구,2024-08-23,30.3,25.1,0541,35.4,1507,,,,,,,7.5,250,0931,4.3,270,1414,1.9,1642,270,21.3,40,1752,61.3,25.5,1002.3,1010.2,2355,1006.7,1731,1008.4,13.3,11.3,1200,3.26,24.62,,,,,,1.9,1.8,36.4,23.1,,,,,,,,,,5.5,7.8,,,
143,대구,2024-08-24,30.4,25.4,0536,35.8,1514,,,,,,,6.9,250,1324,3.5,250,1300,1.6,1356,290,21.6,39,1634,61.6,25.9,1003.6,1011.6,0713,1007.2,1755,1009.7,13.2,11.2,1200,3.19,22.45,,,,,,1.3,1.3,35.8,23.9,,,,,,,,,,5.2,7.4,,,
143,대구,2024-08-25,28.9,25.4,0604,35.9,1325,0.0,,0.0,,0.12,0.0,9.7,90,1759,5.9,110,1759,2.0,1756,110,22.6,40,1329,71.4,27.5,1002.7,1010.4,0634,1006.3,1548,1008.8,13.2,8.2,1100,3.15,20.17,,,,,,3.6,3.6,35.6,24.0,,,,,,,,,,4.3,6.2,,{박무}0540-{박무}{강도0}0600-0705. {소나기}1818-1825.,
143,대구,2024-08-26,28.7,25.3,0445,34.4,1431,15.6,1809,21.1,1755,0.92,21.1,13.7,320,1801,6.6,320,1810,2.0,1691,110,23.2,47,1432,74.3,28.5,1000.7,1009.2,0022,1004.2,1547,1006.8,13.1,5.3,1100,2.73,18.01,,,,,,6.9,4.6,35.2,24.4,,,,,,,,,,3.7,5.3,,{박무}0005-{박무}{강도0}0300-{박무}{강도1}0600-{박무}{강도0}0900-1005. {연무}1001-1145. {소나기}1755-{소나기}{강도0}1800-1850.,
143,대구,2024-08-27,26.2,23.7,1759,30.9,1212,3.9,1421,10.1,1409,2.08,10.8,10.6,110,1808,6.7,110,1812,3.0,2552,110,22.4,64,1155,80.4,27.2,1000.6,1009.4,2110,1005.2,0350,1006.7,13.1,0.6,1100,1.58,10.72,,,,,,9.6,6.1,27.2,23.7,,,,,,,,,,2.6,3.7,,{박무}0150-{박무}{강도0}0300-{박무}{강도0}0600-{박무}{강도0}0900-0940. {소나기}1325-{소나기}{강도1}1500-1515. {비}2040-2055.,
143,대구,2024-08-28,26.6,24.1,0133,29.9,1319,,,,,,,10.3,70,1215,5.9,90,1240,2.6,2226,70,20.1,56,1320,68.3,23.6,1002.5,1010.1,0927,1007.8,1726,1008.7,13.1,0.5,1200,1.67,9.3,,,,,,8.8,8.6,26.7,23.8,,,,,,,,,,2.7,3.9,,,
143,대구,2024-08-29,28.1,25.0,0827,32.8,1334,0.1,,0.1,,1.6,0.1,11.6,110,1305,7.0,90,1255,2.9,2516,50,20.9,46,1332,66.4,24.8,998.6,1008.1,0001,1002.7,1443,1004.7,13.0,5.6,1300,3.13,16.0,,,,,,6.5,5.3,28.3,24.1,,,,,,,,,,4.8,6.9,,{비}0557-{비}{강도0}0600-0630. {비}0753-0835. {비}0858-{비}{강도0}0900-0919.,
143,대구,2024-08-30,29.5,25.7,0148,34.8,1633,,,,,,,8.3,340,1320,5.6,270,1304,2.6,2240,110,20.8,44,1646,61.3,24.6,997.1,1004.5,2358,1001.5,1619,1003.1,13.0,10.2,1300,3.22,23.68,,,,,,5.8,5.5,31.8,24.1,,,,,,,,,,6.0,8.5,,,
143,대구,2024-08-31,27.6,24.3,0615,33.3,1529,,,,,,,9.7,90,1701,6.4,90,1920,3.0,2559,90,19.4,39,1531,62.8,22.6,1000.6,1009.3,2251,1004.4,0004,1006.7,13.0,11.5,1200,3.2,23.5,,,,,,1.9,1.9,32.3,22.6,,,,,,,,,,,,,,
143,대구,2024-09-01,27.9,22.2,0611,34.3,1617,,,,,,,6.3,270,1248,3.5,270,1433,1.6,1392,290,19.3,37,1615,62.0,22.4,1001.3,1009.4,0751,1005.1,1622,1007.4,12.9,9.6,1200,3.22,22.96,,,,,,4.1,3.4,33.2,21.3,,,,,,,,,,4.9,6.9,,,
143,대구,2024-09-02,27.0,22.9,0558,31.7,1347,0.0,,0.0,,0.5,0.0,8.7,90,1745,5.4,90,1746,1.8,1519,110,20.5,47,1429,69.4,24.1,1003.2,1012.5,2400,1007.5,0212,1009.3,12.9,3.0,1100,2.3,13.28,,,,,,6.6,4.3,30.8,21.1,,,,,,,,,,3.3,4.6,,{비}1524-1535. {비}1903-1907. {비}2345-{비}{강도0}2400-,
143,대구,2024-09-03,24.9,21.9,2354,28.8,1356,0.0,,0.0,,0.33,0.0,9.0,110,1527,5.3,110,1710,3.0,2587,110,17.5,42,1655,65.0,20.1,1006.6,1014.8,0942,1011.5,1513,1012.8,12.9,2.5,1300,2.35,12.66,,,,,,5.9,4.9,28.8,19.8,,,,,,,,,,3.7,5.2,,-{비}-0020.,
143,대구,2024-09-04,25.4,19.6,0438,31.0,1511,,,,,,,7.6,110,1304,5.1,90,1905,2.4,2040,110,17.5,39,1437,64.0,20.0,1004.4,1013.0,0001,1007.7,1747,1010.6,12.8,12.0,1200,3.17,24.09,,,,,,1.9,1.9,32.3,17.9,,,,,,,,,,5.5,7.8,,,
143,대구,2024-09-05,28.4,20.3,0541,35.1,1508,,,,,,,8.2,270,1543,4.9,270,1300,1.9,1605,250,18.5,33,1229,58.4,21.3,1001.6,1010.1,0001,1004.9,1524,1007.7,12.8,10.3,1200,3.13,22.46,,,,,,2.9,2.8,34.8,18.6,,,,,,,,,,5.0,7.2,,,
143,대구,2024-09-06,25.4,22.5,0655,29.2,0001,1.8,555,6.4,517,9.15,15.7,8.0,90,1724,4.7,110,1853,2.4,2056,110,22.1,58,0001,83.4,26.6,1005.6,1014.3,2217,1008.1,0003,1011.8,12.8,0.1,1200,1.77,9.18,,,,,,9.9,4.3,28.2,22.5,,,,,,,,,,2.0,2.9,,{비}0251-{비}{강도0}0300-{비}{강도1}0600-0710. {박무}0348-{박무}{강도1}0600-0710. {비}1910-{비}{강도0}2100-{비}{강도0}2400- {박무}2002-{박무}{강도0}2100-{박무}{강도0}2400-,
143,대구,2024-09-07,25.4,22.3,0314,30.0,1510,1.0,1804,1.8,1720,4.97,4.5,5.2,200,1748,3.0,110,0330,1.4,1180,110,23.0,66,1511,87.6,28.2,1007.7,1015.0,0926,1012.3,1527,1013.9,12.7,0.5,1000,1.58,10.14,,,,,,9.8,8.4,27.7,22.5,,,,,,,,,,1.9,2.7,,-{비}-0228. -{박무}-0230. {박무}0640-{박무}{강도0}0900-0955. {안개비}0825-0840. {비}1525-1550. {비}1705-{비}{강도0}1800-1830. {박무}1710-{박무}{강도0}1800-{박무}{강도0}2100-{박무}{강도1}2400- {비}1949-2014.,
143,대구,2024-09-08,27.2,24.7,0404,32.3,1449,0.1,,0.1,,1.53,0.1,9.4,70,1804,6.0,90,1749,2.6,2235,110,23.0,56,1443,79.3,28.1,1007.5,1015.2,0848,1011.5,1537,1013.7,12.7,7.9,1200,3.1,19.62,,,,,,6.9,6.6,29.7,24.6,,,,,,,,,,4.3,6.2,,-{박무}-{박무}{강도0}0300-{박무}{강도1}0600-{박무}{강도0}0900-1040. {비}0540-{비}{강도0}0600-0616. {비}0649-0745.,
143,대구,2024-09-09,27.5,24.6,0555,32.3,1454,,,,,,,8.6,90,1645,5.7,90,1711,2.7,2371,90,22.0,51,1503,73.5,26.4,1007.6,1015.1,0914,1011.7,1528,1013.7,12.6,8.5,1300,2.99,20.09,,,,,,3.6,3.1,30.5,24.0,,,,,,,,,,4.5,6.4,,,
143,대구,2024-09-10,28.9,23.0,0613,35.6,1622,,,,,,,4.2,270,1303,1.9,140,0014,0.5,456,110,22.0,42,1618,68.6,26.5,1007.5,1015.2,0847,1011.4,1521,1013.6,12.6,10.6,1200,3.08,21.2,,,,,,0.5,0.5,32.1,21.4,,,,,,,,,,3.9,5.6,,,
143,대구,2024-09-11,27.1,25.1,2032,31.1,1606,0.7,1039,0.7,949,5.42,1.4,4.9,140,1944,3.3,110,2008,1.2,1046,110,23.6,66,1613,81.9,29.1,1010.2,1017.8,2138,1014.6,1549,1016.4,12.6,0.2,1200,1.4,9.26,,,,,,8.3,5.5,29.3,24.8,,,,,,,,,,1.9,2.7,,{비}0850-{비}{강도0}0900-0905. {소나기}1020-1055. {소나기}1125-1140. {소나기}1250-1320. {소나기}1330-1430. {소나기}1605-1745. {안개비}1940-2010. {비}2310-2350.,
143,대구,2024-09-12,27.5,24.5,0306,32.3,1501,9.5,1821,25.6,1747,2.23,25.7,6.7,290,1806,4.2,290,1814,1.7,1462,110,23.9,58,1502,82.6,29.7,1008.9,1017.2,0001,1012.8,1622,1015.1,12.5,2.8,1100,2.45,13.88,,,,,,8.6,6.8,30.1,24.4,,,,,,,,,,2.8,3.9,,{안개비}0045-0102. {박무}0048-{박무}{강도0}0300-0518. {안개비}0143-0225. {박무}0805-{박무}{강도0}0900-0905. {소나기}1750-{소나기}{강도0}1800-1905. {박무}2010-{박무}{강도0}2100-{박무}{강도0}2400-,
143,대구,2024-09-13,28.9,25.0,0240,33.8,1556,,,,,,,3.1,110,0027,2.1,110,0103,1.0,903,110,23.3,50,1604,73.6,28.7,1003.3,1013.6,0001,1006.4,1605,1009.4,12.5,6.9,1200,2.73,16.1,,,,,,6.3,6.0,30.3,24.5,,,,,,,,,,3.1,4.4,,-{박무}-{박무}{강도0}0300-{박무}{강도0}0600-{박무}{강도0}0900-0910. {햇무리}1050-1110.,
143,대구,2024-09-14,28.7,25.0,2348,34.9,1448,,,,,,,6.3,140,2155,4.1,140,2320,1.5,1316,140,23.4,47,1449,74.9,28.8,1000.2,1007.8,2210,1003.7,1501,1006.3,12.5,6.2,1100,2.32,16.83,,,,,,4.5,4.5,30.9,24.5,,,,,,,,,,3.5,5.0,,,
143,대구,2024-09-15,26.5,24.7,2250,29.8,1307,,,,,,,7.5,110,1747,5.0,110,1703,3.1,2656,110,22.7,67,1308,80.3,27.5,1004.7,1014.8,2228,1007.7,0001,1010.8,12.4,2.5,1200,2.39,12.82,,,,,,7.1,7.0,28.1,24.3,,,,,,,,,,3.0,4.2,,,
143,대구,2024-09-16,26.0,24.4,0604,28.5,1332,,,,,,,6.1,110,2037,4.2,110,1727,2.6,2263,110,22.2,72,1316,80.3,26.8,1010.2,1017.3,2004,1014.7,0050,1016.4,12.4,0.0,1200,1.53,9.98,,,,,,8.6,7.6,28.1,24.4,,,,,,,,,,2.3,3.3,,,
143,대구,2024-09-17,29.5,24.3,0606,36.1,1516,,,,,,,4.5,110,2003,2.9,110,2014,1.4,1236,110,23.2,46,1515,70.6,28.4,1008.5,1017.0,0002,1011.9,1621,1014.6,12.3,9.0,1100,2.87,20.55,,,,,,4.1,3.8,32.9,23.7,,,,,,,,,,4.3,6.1,,,
143,대구,2024-09-18,29.5,25.8,0531,35.8,1407,0.0,,0.0,,1.33,0.0,4.8,140,2146,3.0,110,2212,1.6,1412,110,23.8,48,1411,73.3,29.5,1007.8,1016.1,2123,1011.0,1557,1013.9,12.3,6.3,1300,2.77,15.06,,,,,,5.8,3.8,31.9,25.1,,,,,,,,,,3.1,4.4,,{비}1820-1940. {달코로나}2155-2215.,
143,대구,2024-09-19,29.0,24.5,0528,34.0,1553,,,,,,,4.0,110,2310,2.6,140,2011,1.3,1130,110,23.1,48,1415,72.4,28.3,1008.3,1016.5,0913,1012.3,1635,1014.4,12.3,4.1,1000,2.14,14.32,,,,,,5.9,4.1,31.5,23.5,,,,,,,,,,3.0,4.3,,,
143,대구,2024-09-20,26.2,25.2,2128,28.2,0001,1.5,1711,5.7,1423,12.58,16.4,4.0,110,0958,2.6,110,0749,1.2,1025,110,24.5,80,0001,90.5,30.7,1005.2,1014.2,0001,1008.4,2303,1011.3,12.2,0.0,1200,0.44,2.67,,,,,,9.6,7.3,27.5,24.9,,,,,,,,,,0.7,0.9,,{비}0825-{비}{강도0}0900-{비}{강도0}1200-{비}{강도1}1500-{비}{강도0}1800-2040. {박무}0905-0935. {박무}1330-1410. {박무}1415-{박무}{강도0}1500-1525. {비}2115-2125. {비}2240-2250.,
143,대구,2024-09-21,21.2,19.7,0559,25.4,0236,5.2,1254,18.0,1212,18.58,87.6,10.7,140,0640,6.9,110,0711,3.1,2646,110,20.4,91,0245,95.6,24.1,1000.9,1009.4,0935,1004.0,1918,1007.1,12.2,0.0,1000,0.66,3.05,,,,,,10.0,9.1,23.3,19.7,,,,,,,,,,0.7,1.1,,{비}0140-0150. {비}0315-0350. {비}0440-{비}{강도1}0600-0625. {박무}0445-{박무}{강도0}0600-0610. {비}0740-{비}{강도0}0900-{비}{강도1}1200-{비}{강도0}1500-{비}{강도1}1800-{비}{강도1}2100-2345. {박무}0745-0805. {박무}0832-0838. {박무}1101-{박무}{강도0}1200-1325. {박무}1625-1637. {박무}1646-{박무}{강도1}1800-{박무}{강도0}2100-{박무}{강도0}2400-,
143,대구,2024-09-22,22.1,19.9,2306,25.4,1159,0.0,,0.0,,0.08,0.0,9.0,110,1124,5.5,90,1944,2.4,2095,90,17.3,60,1201,75.8,19.9,1005.9,1017.0,2237,1006.7,0018,1012.2,12.2,1.7,1100,2.48,10.33,,,,,,8.8,8.0,23.5,19.2,,,,,,,,,,2.8,4.0,,-{박무}-0005. {비}1440-1445.,
143,대구,2024-09-23,19.7,15.2,2346,23.6,1239,,,,,,,9.3,110,1559,5.8,110,1428,2.8,2411,110,11.6,43,1501,60.9,13.7,1012.4,1020.0,0927,1016.9,0009,1018.7,12.1,10.0,1100,3.18,21.11,,,,,,3.5,3.5,22.4,12.7,,,,,,,,,,4.0,5.8,,,
143,대구,2024-09-24,19.7,13.6,0420,25.7,1401,,,,,,,7.2,140,1436,4.6,110,1247,2.0,1711,110,14.9,56,1403,75.6,17.1,1010.9,1019.7,0001,1014.8,1512,1017.2,12.1,7.7,1200,3.0,19.38,,,,,,5.6,3.1,22.1,11.4,,,,,,,,,,3.6,5.1,,,
143,대구,2024-09-25,22.5,17.3,0626,28.2,1540,,,,,,,5.1,70,1713,3.4,90,1701,1.6,1368,110,17.2,48,1412,74.0,19.7,1008.5,1016.3,0651,1012.2,1644,1014.8,12.0,9.7,1100,2.72,17.43,,,,,,4.5,2.4,23.9,15.4,,,,,,,,,,3.2,4.6,,{햇무리}1155-1530.,
143,대구,2024-09-26,23.3,18.1,0537,29.0,1354,,,,,,,3.4,110,0730,2.6,110,0734,1.2,1041,110,17.6,44,1356,72.9,20.2,1006.9,1015.1,0909,1010.7,1515,1013.1,12.0,7.1,1100,2.77,16.25,,,,,,5.9,3.1,24.6,16.5,,,,,,,,,,2.9,4.1,,,
143,대구,2024-09-27,23.4,20.4,0344,29.7,1417,,,,,,,7.9,70,1711,4.7,90,1719,1.7,1481,90,19.0,49,1414,77.6,21.9,1007.0,1015.4,2328,1010.8,1446,1013.3,12.0,4.6,1200,2.65,14.22,,,,,,5.8,4.8,26.0,18.4,,,,,,,,,,3.0,4.2,,,
143,대구,2024-09-28,21.8,19.2,0635,25.9,1244,0.1,,0.1,,2.15,0.1,9.8,110,1511,5.9,90,1516,1.8,1568,140,18.3,58,1254,81.6,21.0,1012.2,1021.6,2129,1015.3,0002,1018.4,11.9,3.0,0900,1.96,10.57,,,,,,5.8,5.3,24.0,16.6,,,,,,,,,,2.1,2.9,,{비}1508-1540. {비}1613-1625. {비}1645-1710. {비}1855-1925. {비}1935-2005.,
143,대구,2024-09-29,21.3,17.4,2356,26.1,1405,,,,,,,8.6,110,1258,5.5,110,1311,2.2,1890,110,16.0,44,1624,74.1,18.3,1014.3,1022.2,0808,1018.7,1637,1020.6,11.9,6.6,1200,2.97,15.88,,,,,,4.1,4.1,24.6,13.9,,,,,,,,,,3.5,5.0,,,
143,대구,2024-09-30,21.3,15.0,0616,28.8,1640,,,,,,,4.1,250,1721,2.5,250,1629,1.1,975,70,15.0,36,1723,70.6,17.1,1009.6,1020.6,0001,1012.5,1659,1016.0,11.9,10.5,1200,2.93,19.55,,,,,,1.4,1.4,24.6,11.7,,,,,,,,,,3.5,5.1,,,
143,대구,2024-10-01,21.1,16.6,0610,28.2,1241,,,,,,,11.0,270,1659,6.4,290,1707,2.4,2114,290,13.7,40,1214,65.4,16.0,1004.9,1013.9,2356,1007.6,1500,1011.2,11.8,5.1,1100,2.79,13.58,,,,,,7.0,4.6,23.6,12.8,,,,,,,,,,4.1,5.9,,,
143,대구,2024-10-02,17.3,14.3,0641,21.6,1623,,,,,,,10.0,290,0150,6.1,270,0154,2.9,2524,290,4.2,26,1448,43.3,8.3,1011.1,1020.8,2234,1013.7,0011,1017.5,11.8,10.1,1100,2.83,19.56,,,,,,6.0,1.8,22.2,11.2,,,,,,,,,,3.9,5.6,,,
143,대구,2024-10-03,16.6,14.1,0023,20.7,1322,1.6,1732,3.4,1823,6.08,9.9,7.5,250,2027,4.2,250,2030,1.9,1652,70,10.7,50,0845,70.4,13.1,1014.4,1022.6,2131,1018.9,1436,1020.8,11.7,0.0,1200,1.06,4.91,,,,,,10.0,7.6,19.7,11.6,,,,,,,,,,1.6,2.3,,{비}1725-{비}{강도0}1800-{비}{강도0}2100-2330.,
143,대구,2024-10-04,17.3,12.6,0639,23.1,1432,,,,,,,7.0,90,1730,4.1,90,1732,1.7,1489,90,11.8,44,1459,72.8,13.9,1017.5,1025.6,0940,1020.9,0022,1024.0,11.7,9.2,1100,2.63,18.0,,,,,,2.0,2.0,20.3,9.5,,,,,,,,,,3.2,4.6,,,
143,대구,2024-10-05,17.2,11.0,0637,23.8,1358,,,,,,,6.0,110,1512,3.7,90,1512,1.5,1287,110,12.3,47,1444,75.3,14.3,1016.7,1025.2,0659,1020.5,1503,1023.1,11.7,9.2,1200,2.78,17.65,,,,,,3.1,1.3,18.6,7.8,,,,,,,,,,3.0,4.2,,,
143,대구,2024-10-06,18.1,14.6,0037,22.4,1254,0.8,1646,2.3,1619,4.63,3.2,3.8,290,1819,2.5,270,2245,1.2,1002,110,14.8,59,1152,82.4,16.9,1013.5,1022.6,0224,1017.9,1445,1019.9,11.6,0.4,1100,1.75,7.71,,,,,,9.5,7.1,20.2,11.5,,,,,,,,,,1.5,2.1,,{비}1445-{비}{강도0}1500-{비}{강도0}1800-1817. {비}1908-1940. {비}2013-2047.,
143,대구,2024-10-07,17.4,15.9,0634,19.4,1315,0.3,341,0.5,329,7.43,0.9,5.8,270,0607,3.6,270,0608,1.6,1366,270,13.5,63,1123,78.8,15.5,1010.9,1018.9,0904,1015.3,1427,1017.2,11.6,0.2,1100,1.56,7.1,,,,,,10.0,5.9,19.6,14.8,,,,,,,,,,1.4,2.0,,{비}0329-{비}{강도0}0600-0850. {비}0905-0930. {비}0950-1050. {비}1110-1117. {비}1352-1425.,
143,대구,2024-10-08,17.9,13.8,0624,24.6,1434,2.8,1815,5.4,1800,2.62,5.8,7.7,110,1640,5.1,110,1656,1.3,1138,110,13.9,48,1429,79.8,15.9,1010.1,1018.2,2155,1014.0,1457,1016.5,11.6,6.9,1200,2.43,15.19,,,,,,5.6,5.0,20.5,10.8,,,,,,,,,,2.5,3.6,,{박무}0035-0055. {박무}0137-{박무}{강도0}0300-{박무}{강도0}0600-{박무}{강도1}0900-1010. {해코로나}0705-0750. {연무}1005-{연무}{강도0}1200-1234. {비}1708-{비}{강도0}1800-1945.,
143,대구,2024-10-09,17.2,13.2,0604,22.4,1354,,,,,,,8.9,110,1829,5.2,90,1559,1.8,1579,90,12.3,48,1415,75.3,14.4,1010.6,1018.8,0707,1015.0,1543,1017.0,11.5,6.1,1100,2.57,15.44,,,,,,3.6,2.1,19.0,10.2,,,,,,,,,,2.9,4.2,,{박무}0550-{박무}{강도0}0600-0612. {박무}0745-0845.,
143,대구,2024-10-10,17.5,11.5,0558,24.3,1540,,,,,,,3.7,340,1438,2.6,320,1721,1.2,1034,70,11.6,42,1630,71.5,13.7,1009.1,1017.0,0821,1013.1,1518,1015.5,11.5,9.9,1200,2.68,17.51,,,,,,1.6,0.9,19.4,8.0,,,,,,,,,,3.0,4.2,,,
143,대구,2024-10-11,18.1,12.4,0613,25.2,1517,,,,,,,4.5,270,1522,2.6,270,1525,1.2,1002,70,11.8,36,1611,70.9,13.9,1011.9,1021.2,2346,1016.2,1512,1018.2,11.4,10.4,1200,2.75,17.73,,,,,,0.5,0.5,19.7,9.1,,,,,,,,,,3.2,4.6,,{박무}0545-{박무}{강도0}0600-0625.,
143,대구,2024-10-12,17.8,12.2,0629,25.4,1408,,,,,,,5.5,270,1432,3.0,270,1435,1.1,951,110,11.0,30,1654,68.9,13.1,1016.5,1024.7,0853,1021.1,1518,1022.9,11.4,10.5,1200,2.61,17.55,,,,,,0.0,0.0,19.6,8.3,,,,,,,,,,3.3,4.7,,{박무}0531-{박무}{강도0}0600-0647.,
143,대구,2024-10-13,17.9,10.4,0623,24.0,1257,,,,,,,8.0,90,1352,4.6,90,1446,2.1,1774,90,12.6,47,1355,73.3,14.7,1017.3,1025.9,0732,1022.0,1526,1023.7,11.4,6.4,1100,2.53,14.26,,,,,,5.3,4.1,18.8,6.8,,,,,,,,,,2.6,3.8,,{박무}0012-{박무}{강도0}0300-{박무}{강도0}0600-0820.,
143,대구,2024-10-14,18.7,16.5,0526,21.7,1219,0.9,1828,3.4,1811,9.47,14.1,5.1,270,1910,3.3,270,1918,0.9,790,50,16.1,71,1208,85.6,18.3,1013.5,1022.7,0044,1018.1,2321,1019.9,11.3,0.0,1200,0.98,4.87,,,,,,9.6,4.9,19.8,13.5,,,,,,,,,,0.9,1.3,,{비}1050-1115. {비}1457-{비}{강도0}1500-{비}{강도0}1800-{비}{강도0}2100-{비}{강도0}2400- {박무}1623-{박무}{강도0}1800-{박무}{강도0}2100-{박무}{강도1}2400-,
143,대구,2024-10-15,19.1,17.3,0001,21.0,1608,1.6,630,3.0,548,5.62,7.5,4.5,270,1753,3.0,270,1338,1.0,891,270,17.9,86,1221,93.4,20.6,1011.4,1020.1,2359,1016.2,1306,1017.7,11.3,0.0,1100,0.69,3.7,,,,,,9.1,7.8,20.2,14.1,,,,,,,,,,0.7,1.0,,-{비}-{비}{강도0}0300-0330. -{박무}-{박무}{강도2}0300-{박무}{강도1}0600-{박무}{강도0}0900-{박무}{강도0}1200- {비}0605-0655. {비}0906-1020. {비}1126-1129. {박무}{강도0}1500-{박무}{강도0}1800-{박무}{강도0}2100-{박무}{강도1}2400- {달코로나}2350-2358.,
143,대구,2024-10-16,19.4,16.4,0247,24.6,1446,,,,,,,5.7,90,1639,3.5,110,1639,1.6,1367,110,15.6,52,1456,80.9,17.7,1015.9,1023.9,0916,1019.9,0037,1022.3,11.3,5.7,1100,2.39,13.14,,,,,,6.5,4.3,20.8,13.4,,,,,,,,,,2.4,3.5,,-{박무}-{박무}{강도0}0300-{박무}{강도0}0600-{시정(미만)}{1km}{안개}0631-{시정(미만)}{0.5km}{안개}0701-{시정(이상)}{0.5km}{안개}0727-{시정(이상)}{1km}{박무}0732-{박무}{강도0}0900-1120.,1.02
143,대구,2024-10-17,18.7,15.2,0610,23.5,1447,,,,,,,7.1,70,1554,4.2,90,1656,1.6,1422,110,15.3,57,1455,81.9,17.3,1016.3,1025.1,0917,1020.8,1536,1022.7,11.2,3.4,1200,1.65,10.59,,,,,,6.9,5.0,19.5,12.0,,,,,,,,,,2.0,2.9,,{박무}0149-{박무}{강도0}0300-{박무}{강도0}0600-{박무}{강도0}0900-0953.,
143,대구,2024-10-18,20.5,17.6,0225,24.3,1420,7.4,1613,10.9,1533,3.57,16.1,5.5,110,1223,3.8,110,1041,1.5,1253,110,18.3,70,1214,87.8,21.2,1008.5,1021.8,0001,1010.5,1858,1014.8,11.2,1.2,1100,2.03,7.52,,,,,,8.9,7.0,20.6,16.5,,,,,,,,,,1.4,2.0,,{비}0901-0915. {비}1445-{비}{강도0}1500-1720. {박무}1450-{박무}{강도0}1500-{박무}{강도0}1800-{박무}{강도0}2100-{박무}{강도1}2400- {비}2315-{비}{강도0}2400-,
143,대구,2024-10-19,17.8,13.2,2218,23.0,0958,1.7,1305,5.3,1242,5.05,5.4,11.9,110,1151,7.0,90,1206,2.9,2496,90,14.9,66,2350,84.1,17.8,1011.9,1029.3,2400,1009.7,0239,1018.4,11.2,1.2,1000,1.71,6.63,,,,,,8.9,7.4,19.7,13.0,,,,,,,,,,1.9,2.7,,-{비}-0010. -{박무}-{박무}{강도1}0300-{박무}{강도1}0600-{박무}{강도0}0900-0920. {비}0320-0410. {비}0502-0540. {비}0648-0658. {비}1215-{비}{강도0}1500-1530. {박무}1237-1342.,
143,대구,2024-10-20,14.4,12.1,0706,15.7,1228,,,,,,,10.3,70,1249,6.8,70,1341,3.3,2869,90,6.1,49,1335,57.5,9.4,1024.1,1032.9,0853,1028.3,2400,1030.7,11.1,0.1,1200,1.07,5.79,,,,,,9.1,8.6,14.7,10.8,,,,,,,,,,1.9,2.7,,{달코로나}0455-0630.,
143,대구,2024-10-21,15.2,11.8,0624,17.7,1503,0.9,2333,3.0,2243,5.07,5.3,4.1,250,0332,2.7,250,0334,1.1,993,290,11.0,63,0001,77.0,13.3,1017.9,1028.3,0001,1022.3,2354,1024.4,11.1,0.2,1400,0.83,4.56,,,,,,9.4,6.8,16.9,9.1,,,,,,,,,,0.8,1.1,,{비}1225-1234. {비}1720-1755. {비}1915-1940. {비}2005-{비}{강도0}2100-{비}{강도0}2400- {박무}2225-{박무}{강도0}2400-,
143,대구,2024-10-22,17.1,15.0,0126,18.4,1552,1.3,448,4.5,421,15.23,23.0,4.1,250,0528,2.3,110,0348,1.0,868,230,16.3,90,1414,95.3,18.5,1008.9,1022.5,0008,1009.9,2349,1015.3,11.1,0.0,1100,0.53,2.5,,,,,,10.0,8.3,17.9,15.0,,,,,,,,,,1.0,1.5,,-{비}-{비}{강도1}0300-{비}{강도0}0600-{비}{강도0}0900-{비}{강도0}1200-1217. -{박무}-{박무}{강도1}0300-{박무}{강도0}0600-0653. {박무}0706-{박무}{강도0}0900-{박무}{강도0}1200-{박무}{강도1}1500-{박무}{강도0}1800-{박무}{강도0}2100-{박무}{강도0}2400- {비}1344-1457. {비}1801-1850. {비}2050-{비}{강도0}2100-2110. {비}2130-2135. {비}2330-{비}{강도0}2400-,
143,대구,2024-10-23,16.8,12.5,2357,20.4,1528,0.0,,0.0,,0.63,0.0,13.1,270,0709,7.4,270,0656,4.1,3531,270,8.7,38,1630,60.4,11.5,1009.0,1020.2,2319,1009.7,0058,1015.4,11.0,9.0,1200,2.55,16.05,,,,,,2.5,2.0,17.8,9.7,,,,,,,,,,3.6,5.2,,-{비}-0023. {비}0035-0038. {비}0050-0102. -{박무}-0252.,
143,대구,2024-10-24,13.8,7.6,0615,21.0,1520,,,,,,,6.5,270,0302,3.8,250,1328,1.8,1558,270,6.7,34,1432,66.1,9.9,1015.2,1024.8,2303,1019.0,1354,1021.7,11.0,10.4,1200,2.53,16.66,,,,,,0.0,0.0,15.1,4.0,,,,,,,,,,2.9,4.2,,,
143,대구,2024-10-25,15.0,8.4,0641,20.6,1342,,,,,,,7.2,90,1152,4.4,90,1158,1.8,1516,90,11.0,55,1311,78.6,13.2,1018.9,1027.6,0930,1024.3,1621,1025.4,10.9,5.5,1100,2.31,12.63,,,,,,4.8,1.9,15.4,4.5,,,,,,,,,,2.1,3.0,,{박무}0246-{박무}{강도0}0300-0406. {박무}0507-{박무}{강도0}0600-0815.,
143,대구,2024-10-26,16.6,12.5,0633,21.6,1306,,,,,,,8.6,70,1350,5.4,90,1256,1.8,1566,90,12.2,52,1457,77.4,14.3,1015.2,1024.3,0001,1019.1,1559,1021.6,10.9,5.5,1100,1.77,11.34,,,,,,4.1,3.9,17.2,8.6,,,,,,,,,,2.2,3.1,,{박무}0608-0642.,
143,대구,2024-10-27,14.5,10.9,0639,17.4,1142,0.4,1256,0.8,1437,5.85,2.8,4.8,270,1149,2.9,250,1142,1.0,874,70,12.5,71,1224,89.0,14.6,1008.4,1020.2,0125,1012.0,1606,1014.9,10.9,0.5,1000,0.98,4.94,,,,,,9.0,6.1,15.5,7.3,,,,,,,,,,0.8,1.1,,{채운}0855-0911. {비}1225-1311. {박무}1253-1305. {비}1343-1411. {비}1436-{비}{강도0}1500-1610. {비}1707-{비}{강도0}1800-1810. {비}1830-1950. {박무}1855-1915. {비}2045-{비}{강도0}2100-2125. {박무}2048-{박무}{강도0}2100-2135. {박무}2220-{박무}{강도0}2400-,
143,대구,2024-10-28,14.6,12.9,0625,16.6,1022,0.5,1156,0.7,1120,3.67,0.9,8.0,110,1751,4.6,90,1657,1.6,1397,110,12.6,75,2324,88.0,14.6,1009.3,1019.6,2349,1012.3,0237,1015.8,10.8,1.5,0900,1.27,4.18,,,,,,8.4,6.9,16.0,10.6,,,,,,,,,,0.9,1.3,,-{박무}-{박무}{강도0}0300-{박무}{강도1}0600-{박무}{강도1}0900-{박무}{강도1}1200-{박무}{강도0}1500-1508. {비}1057-{비}{강도0}1200-1437.,
143,대구,2024-10-29,14.5,10.7,0517,19.9,1448,,,,,,,5.2,50,1318,3.3,110,1547,1.3,1103,90,10.1,52,1348,76.4,12.3,1012.9,1020.5,0833,1017.3,1426,1019.3,10.8,3.3,1100,1.94,10.07,,,,,,5.3,4.3,15.8,7.5,,,,,,,,,,1.8,2.5,,{채운}1115-1117. {채운}1601-1614.,
143,대구,2024-10-30,14.7,9.2,0531,22.7,1455,,,,,,,3.8,270,1231,2.9,110,1847,1.2,1009,110,9.8,39,1454,76.1,12.2,1016.0,1025.3,2330,1020.2,0041,1022.5,10.8,9.8,1200,2.28,14.39,,,,,,0.1,0.1,15.4,5.1,,,,,,,,,,2.4,3.5,,{박무}0435-0451.,
143,대구,2024-10-31,15.0,9.3,0704,21.3,1453,,,,,,,3.9,160,1319,2.9,90,1358,1.1,976,110,11.2,55,1448,80.3,13.3,1016.9,1025.9,0745,1020.9,1719,1023.4,10.7,6.4,1200,2.23,11.95,,,,,,5.6,0.4,15.6,6.4,,,,,,,,,,1.9,2.8,,{박무}0021-{박무}{강도0}0300-{박무}{강도0}0600-0745. {박무}2244-{박무}{강도0}2400-,
143,대구,2025-03-20,9.2,-1.0,0639,17.5,1526,,,,,,,10.3,290,1704,6.6,270,1738,2.7,2315,290,-4.1,21,1534,41.5,4.6,1012.4,1024.0,0001,1015.0,1635,1019.1,12.1,11.2,1200,3.06,21.61,,,,,,0.0,0.0,10.6,-6.0,,,,,,,,,,4.6,6.6,,,
143,대구,2025-03-21,15.4,6.1,0633,23.8,1510,,,,,,,14.8,270,1533,9.6,270,1449,3.7,3192,270,-3.8,11,1423,30.9,4.8,1005.5,1016.1,0005,1007.4,1644,1012.0,12.2,11.2,1200,3.05,21.56,,,,,,0.0,0.0,15.1,0.6,,,,,,,,,,7.1,10.1,,,
143,대구,2025-03-22,17.4,7.1,0649,26.0,1524,,,,,,,12.4,270,1711,8.1,290,1411,2.7,2363,270,-3.6,14,1346,26.3,4.7,1003.5,1012.2,0715,1007.0,1513,1009.9,12.2,11.4,1200,3.01,21.42,,,,,,0.0,0.0,16.5,2.3,,,,,,,,,,7.1,10.1,,,
143,대구,2025-03-23,17.5,7.7,0613,27.9,1541,,,,,,,7.5,140,1918,4.8,140,1920,1.7,1461,290,-1.2,10,1422,33.0,5.7,1003.4,1012.8,0826,1006.6,1648,1009.8,12.3,10.2,1200,3.11,21.47,,,,,,2.1,0.5,18.4,1.1,,,,,,,,,,5.0,7.2,,,
143,대구,2025-03-24,18.3,11.6,0651,25.4,1519,,,,,,,12.8,270,1600,7.0,250,1531,2.3,2004,250,3.4,16,1601,40.1,7.9,997.3,1008.6,0010,999.5,1647,1003.6,12.3,6.9,1200,3.0,17.5,,,,,,4.3,2.8,17.8,8.2,,,,,,,,,,5.1,7.3,,{황사}{강도0}1530-{황사}{강도0}1800-2045. {황사}2250-{황사}{강도0}2400-,
143,대구,2025-03-25,18.9,10.2,0640,27.3,1634,,,,,,,16.4,250,1807,9.2,290,2033,3.0,2623,290,1.7,15,1320,36.9,7.1,994.5,1004.1,2329,994.1,1613,1000.8,12.3,10.4,1100,2.87,20.26,,,,,,0.3,0.3,19.8,5.0,,,,,,,,,,6.8,9.7,,-{황사}-{황사}{강도0}0300-{황사}{강도0}0600-{황사}{강도0}0900-0905. {연무}0910-1130. {황사}1205-{황사}{강도0}1500-{황사}{강도0}1800-{황사}{강도0}2100-2330.,
143,대구,2025-03-26,17.7,8.6,0629,26.9,1557,,,,,,,8.8,160,2058,5.4,180,2103,2.2,1887,110,0.4,13,1521,34.9,6.8,999.2,1009.4,0733,1002.7,1634,1005.5,12.4,11.4,1200,3.05,22.19,,,,,,1.0,0.4,20.1,3.0,,,,,,,,,,5.2,7.4,,,
143,대구,2025-03-27,19.6,14.1,2359,27.2,1425,,,,,1.83,1.2,10.0,290,1857,6.6,290,2212,2.5,2165,290,12.0,37,2354,63.6,14.7,993.8,1005.8,2356,995.4,1342,1000.0,12.4,4.1,1000,2.15,12.87,,,,,,7.8,5.9,21.1,13.1,,,,,,,,,,3.5,5.0,,{비}1615-1705. {비}2105-2155. {비}2350-{비}{강도0}2400-,
143,대구,2025-03-28,9.6,7.0,2210,14.1,0001,,,,,1.92,0.4,10.3,270,1238,5.8,290,0911,3.2,2776,290,-2.3,23,1934,45.5,5.4,1006.2,1019.0,2327,1005.3,0001,1012.8,12.4,4.7,1300,2.48,15.26,,,,,,8.8,2.3,12.5,6.2,,,,,,,,,,3.2,4.6,,-{비}-0155.,
143,대구,2025-03-29,6.7,3.0,2353,12.7,1434,,,,,0.25,0.0,13.9,250,1554,9.0,270,1554,4.2,3634,290,-11.3,14,1253,27.5,2.7,1014.6,1026.0,2317,1017.7,1433,1021.3,12.5,10.3,1100,2.6,20.49,,,,,,6.3,0.6,10.6,0.2,,,,,,,,,,4.7,6.7,,{진눈깨비}1830-1845.,
143,대구,2025-03-30,5.5,1.0,0651,10.5,1458,,,,,,,11.7,290,1133,6.8,290,1141,3.7,3227,270,-12.0,16,1104,28.5,2.5,1021.2,1030.8,0950,1025.7,1753,1028.1,12.5,9.8,1200,3.36,23.2,,,,,,5.0,0.6,11.3,-0.7,,,,,,,,,,3.9,5.6,,,
143,대구,2025-03-31,7.7,-0.1,0604,14.8,1619,,,,,,,6.6,270,1522,3.7,270,1138,1.6,1368,90,-4.1,23,1621,45.1,4.6,1019.1,1028.6,0001,1022.3,1619,1025.9,12.5,9.8,1200,2.72,20.34,,,,,,4.9,2.0,13.0,-5.3,,,,,,,,,,3.1,4.4,,,
143,대구,2025-04-01,10.0,2.0,0617,17.3,1342,,,,,,,9.5,110,1852,5.9,110,1848,2.3,1985,90,-3.6,15,1305,44.4,4.8,1015.9,1025.4,0715,1019.0,1615,1022.5,12.6,11.8,1200,3.36,24.07,,,,,,0.1,0.1,15.0,-3.0,,,,,,,,,,5.1,7.2,,{박무}0610-0655.,
143,대구,2025-04-02,9.1,2.0,0549,19.3,1531,1.5,2002,5.3,1935,3.83,8.1,11.7,90,1743,7.4,90,1744,2.1,1774,110,-1.1,12,1526,58.0,5.9,1012.5,1021.8,0207,1013.9,1616,1019.1,12.6,10.0,1200,3.22,22.64,,,,,,3.9,3.5,15.8,-2.6,,,,,,,,,,4.1,5.9,,{채운}1605-1620. {비}1850-{비}{강도1}2100-2240. {박무}1930-{박무}{강도0}2100-2250.,
143,대구,2025-04-03,9.0,3.4,0559,16.0,1526,,,,,,,8.2,110,1814,5.1,110,1755,2.1,1812,110,2.4,33,1549,67.5,7.3,1013.7,1022.5,0859,1018.2,1542,1020.4,12.7,7.5,1200,3.42,21.61,,,,,,2.5,2.0,13.5,0.3,,,,,,,,,,3.3,4.7,,{박무}0208-{박무}{강도0}0300-{박무}{강도1}0600-{박무}{강도0}0900-0940.,
143,대구,2025-04-04,11.3,3.5,0609,18.8,1642,,,,,,,5.4,180,1921,3.1,270,1047,1.7,1486,110,0.9,25,1643,54.3,6.6,1013.0,1022.5,0751,1016.4,1742,1019.6,12.7,9.6,1200,3.24,21.95,,,,,,1.8,0.8,14.2,0.9,,,,,,,,,,3.6,5.1,,{박무}0550- {박무}{강도0}0600-0720.,
143,대구,2025-04-05,11.8,7.9,0214,15.6,1156,0.0,,0.0,,3.83,0.0,8.9,230,2310,4.3,270,2216,2.0,1739,250,3.9,39,1023,58.9,8.2,1006.6,1018.5,0043,1009.6,1959,1013.1,12.7,0.1,1100,1.56,8.14,,,,,,8.0,4.1,11.5,4.4,,,,,,,,,,2.2,3.1,,{비}1240-1255. {비}1340-{비}{강도0}1500-1655. {비}2135-2155.,
143,대구,2025-04-06,13.2,6.8,0614,19.2,1502,,,,,,,12.7,290,1325,7.1,290,1520,3.7,3216,290,-2.7,16,1502,37.9,5.2,1008.3,1017.8,2357,1011.4,0001,1014.8,12.8,11.8,1200,3.35,24.92,,,,,,0.3,0.3,15.5,4.8,,,,,,,,,,5.9,8.5,,,
143,대구,2025-04-07,14.8,3.9,0616,25.0,1717,,,,,,,7.5,230,1811,3.9,230,1823,1.5,1300,290,-3.7,11,1633,33.0,4.8,1010.1,1019.8,0715,1012.7,1716,1016.6,12.8,11.7,1200,3.41,25.34,,,,,,0.5,0.0,17.5,-2.0,,,,,,,,,,6.1,8.7,,,
143,대구,2025-04-08,17.2,10.8,2357,23.6,1448,,,,,,,11.8,320,1546,7.7,110,1931,3.5,3019,290,0.3,15,1252,35.3,6.3,1005.9,1016.1,2310,1009.8,1539,1012.3,12.9,10.7,1200,3.36,24.31,,,,,,1.1,0.0,19.2,6.0,,,,,,,,,,6.6,9.5,,,
143,대구,2025-04-09,14.6,6.0,0616,22.0,1552,0.0,,0.0,,0.42,0.0,5.1,290,1349,3.0,290,1352,1.7,1445,140,3.9,24,1531,53.3,8.2,1005.0,1016.2,0009,1007.3,1944,1011.4,12.9,7.8,1000,2.5,18.24,,,,,,5.1,1.6,17.7,3.1,,,,,,,,,,3.5,4.9,,{박무}0635-0713. {비}1920-1945.,
143,대구,2025-04-10,15.8,11.0,0617,22.6,1337,,,,,,,8.2,110,2107,5.2,110,2035,2.3,2010,320,5.6,32,1600,53.0,9.1,999.4,1009.1,2400,1002.4,1601,1005.8,12.9,10.5,1200,3.16,22.89,,,,,,1.9,1.9,20.0,7.1,,,,,,,,,,4.4,6.3,,,
143,대구,2025-04-11,16.0,6.6,0607,24.9,1546,,,,,,,9.2,90,1837,5.7,110,1837,2.0,1687,110,2.7,11,1551,47.8,7.6,1004.1,1013.1,2400,1007.9,1645,1010.5,13.0,11.9,1200,3.41,25.65,,,,,,1.3,0.5,21.2,2.3,,,,,,,,,,6.0,8.5,,,
143,대구,2025-04-12,14.2,8.7,0622,22.4,1352,0.6,1832,1.6,2138,8.08,6.5,7.0,200,1634,4.0,110,1106,2.5,2131,110,5.5,18,1506,63.0,9.4,1001.3,1013.3,0016,997.7,2400,1007.7,13.0,4.1,1000,2.48,13.84,,,,,,8.3,4.1,17.2,6.9,,,,,,,,,,3.2,4.6,,{박무}0620-0655. {비}1555-{비}{강도0}1800-{비}{강도0}2100-{비}{강도0}2400-,
143,대구,2025-04-13,8.5,3.3,0343,12.9,0054,3.2,107,7.4,55,5.42,14.2,16.9,270,0101,9.7,290,0110,4.7,4086,250,-2.6,27,1613,49.6,5.2,995.0,1004.4,2148,997.3,0027,1001.6,13.0,8.1,1100,3.37,20.33,,,,,,4.9,4.8,12.2,3.2,,,,,,,,,,3.7,5.3,,-{비}-{비}{강도1}0300-0455. {비}1250-1305. {비}1325-1340.,
143,대구,2025-04-14,6.6,3.4,0359,12.2,1210,0.9,1705,2.3,1658,12.33,6.1,9.1,290,1351,5.1,290,2353,1.9,1610,290,2.6,46,0019,76.4,7.4,992.9,1004.0,0008,996.5,1526,999.5,13.1,2.3,0900,2.42,11.55,,,,,,7.6,6.8,9.3,-0.6,,,,,,,,,,1.7,2.5,,{비}0520-{비}{강도0}0600-0805. {비}1255-{비}{강도0}1500-{비}{강도0}1800-{비}{강도0}2100-2230.,
143,대구,2025-04-15,10.6,5.0,0533,17.0,1540,0.0,,0.0,,0.42,0.0,12.2,320,1306,6.7,270,1118,3.7,3215,290,0.0,27,1644,51.8,6.2,999.1,1009.0,2350,1001.1,0001,1005.6,13.1,11.3,1200,3.34,24.88,,,,,,2.5,1.9,12.9,2.8,,,,,,,,,,4.4,6.3,,{비}0130-0155.,
143,대구,2025-04-16,16.0,4.7,0535,26.8,1549,,,,,,,10.0,250,1724,5.2,250,1709,1.5,1332,50,3.8,24,1601,48.5,8.1,1002.2,1011.1,0657,1005.1,1613,1008.6,13.1,10.1,1100,3.17,23.03,,,,,,3.9,0.0,16.2,0.9,,,,,,,,,,4.5,6.5,,,
143,대구,2025-04-17,18.4,12.2,0410,24.2,1548,,,,,,,10.0,200,1327,4.8,200,1312,1.8,1573,160,12.0,42,0010,67.6,14.1,1002.0,1009.8,0212,1005.7,1602,1008.4,13.2,6.6,1300,2.54,17.98,,,,,,5.1,2.8,19.3,8.4,,,,,,,,,,3.3,4.7,,,
143,대구,2025-04-18,21.7,14.3,0553,29.5,1627,,,,,,,8.5,270,1134,4.6,290,1123,1.7,1459,250,14.2,38,1519,65.3,16.2,1002.8,1011.5,2145,1006.6,1654,1009.0,13.2,9.8,1100,2.85,21.17,,,,,,1.0,0.8,22.3,10.5,,,,,,,,,,4.5,6.4,,{박무}0455-0507. {박무}0543-{박무}{강도0}0600-0640. {박무}0650-0730.,
143,대구,2025-04-19,21.4,16.4,0606,26.7,1353,0.0,,0.0,,0.08,0.0,9.7,200,1408,4.7,200,1417,2.0,1719,200,14.2,40,1354,65.6,16.2,1002.9,1011.6,0652,1006.0,1650,1009.2,13.2,9.1,1300,2.95,21.91,,,,,,5.9,3.8,24.5,13.0,,,,,,,,,,4.2,6.0,,{비}2205-2210.,
143,대구,2025-04-20,15.4,13.2,1211,19.8,0009,0.0,,0.0,,0.87,0.0,11.7,140,1013,7.0,110,1018,3.5,3007,110,10.0,54,1930,71.0,12.5,1007.2,1017.8,2350,1008.6,0211,1013.6,13.3,0.0,1300,0.93,5.45,,,,,,9.3,7.9,17.1,13.3,,,,,,,,,,1.8,2.6,,{비}1203-1225. {비}1525-1555.,
143,대구,2025-04-21,18.0,12.2,0455,25.6,1658,,,,,,,6.7,140,0131,4.3,110,0830,2.6,2219,110,8.8,37,1826,56.4,11.3,1009.2,1018.8,0652,1012.2,1821,1015.6,13.3,7.0,1200,3.32,21.55,,,,,,6.3,4.1,21.9,12.3,,,,,,,,,,4.4,6.3,,,
143,대구,2025-04-22,15.6,12.7,0702,18.4,1353,0.4,816,1.5,742,13.2,6.9,5.0,110,1305,3.2,110,1312,1.5,1321,110,13.5,60,0001,88.1,15.7,999.9,1013.2,0001,1001.8,1843,1006.2,13.4,0.0,1200,0.8,4.48,,,,,,9.8,5.8,16.4,11.9,,,,,,,,,,1.2,1.7,,{비}0523-{비}{강도0}0600-{비}{강도0}0900-{비}{강도0}1200-1320. {박무}0725-{박무}{강도0}0900-{박무}{강도0}1200-1325. {비}1340-{비}{강도0}1500-{비}{강도0}1800-1855. {박무}1620-1715. {박무}1740-{박무}{강도0}1800-1835. {박무}2220-{박무}{강도0}2400-,
143,대구,2025-04-23,14.6,10.2,2348,18.9,1655,0.0,,0.0,,0.5,0.0,8.3,140,1436,5.3,110,1353,3.5,2994,110,9.5,50,1459,73.0,11.9,1000.5,1008.6,2233,1003.5,0008,1006.9,13.4,8.3,1200,3.38,22.66,,,,,,6.5,5.1,18.9,9.8,,,,,,,,,,3.6,5.1,,-{박무}-0005. {비}0015-0045.,
143,대구,2025-04-24,18.6,10.3,0001,27.1,1556,,,,,,,12.2,290,2254,6.8,290,2254,2.7,2346,270,6.2,20,1712,48.9,9.7,1001.1,1011.2,2400,1003.5,1620,1007.4,13.4,9.4,1100,3.27,24.88,,,,,,6.9,2.5,23.0,10.5,,,,,,,,,,6.6,9.4,,{박무}0030-{박무}{강도0}0300-{박무}{강도0}0600-0815.,
143,대구,2025-04-25,15.4,11.5,0551,20.6,1637,,,,,,,11.9,250,1420,6.9,290,0128,4.2,3590,270,-8.3,12,1458,19.9,3.3,1008.0,1017.5,2359,1011.1,0003,1014.5,13.5,11.5,1200,3.48,26.79,,,,,,2.6,0.0,20.1,9.9,,,,,,,,,,7.7,11.1,,,
143,대구,2025-04-26,16.7,6.9,0525,25.7,1646,,,,,,,9.2,290,1753,6.3,290,1807,2.4,2106,290,-4.9,13,1053,24.1,4.3,1011.5,1020.4,0745,1014.7,1718,1018.0,13.5,12.5,1200,3.5,27.63,,,,,,0.8,0.0,22.0,0.6,,,,,,,,,,7.2,10.3,,,
143,대구,2025-04-27,18.4,9.5,0552,26.8,1448,,,,,,,5.8,270,1521,3.8,290,1528,1.5,1254,290,-0.8,13,1437,30.1,5.8,1007.9,1018.8,0016,1010.5,1711,1014.3,13.5,7.6,1100,3.34,21.61,,,,,,7.0,1.4,21.6,4.3,,,,,,,,,,5.3,7.5,,,
143,대구,2025-04-28,18.5,12.1,0610,24.4,1500,,,,,,,15.5,270,1603,8.5,270,1651,3.1,2648,290,-0.4,13,1827,30.3,6.1,1001.9,1012.3,0107,1004.0,1603,1008.2,13.6,11.3,1100,3.36,26.08,,,,,,2.6,1.6,23.8,7.5,,,,,,,,,,7.4,10.6,,,
143,대구,2025-04-29,16.2,7.9,0557,24.1,1628,,,,,,,6.8,270,1245,4.6,110,0042,2.2,1910,140,3.0,18,1643,46.6,7.7,1006.3,1014.8,2356,1009.9,1640,1012.7,13.6,12.6,1200,3.5,27.71,,,,,,0.0,0.0,23.7,4.4,,,,,,,,,,5.8,8.2,,,
143,대구,2025-04-30,19.2,10.3,0543,28.8,1437,,,,,,,7.8,160,1558,4.9,160,1732,2.0,1688,180,3.8,16,1431,42.0,8.3,1008.1,1016.6,0636,1011.4,1641,1014.4,13.6,12.5,1200,3.44,26.96,,,,,,1.1,1.1,25.4,6.0,,,,,,,,,,6.5,9.2,,,
143,대구,2025-05-01,16.5,10.9,0532,24.1,1217,6.6,1659,17.2,1609,8.87,28.1,12.1,200,1229,6.2,200,1233,1.9,1607,180,9.7,22,0001,67.5,12.5,1002.5,1014.7,0001,1004.6,1824,1008.9,13.7,2.4,1000,2.39,11.09,,,,,,7.4,5.6,18.3,5.9,,,,,,,,,,2.8,4.0,,{비}1255-1330. {비}1353-{비}{강도0}1500-{비}{강도1}1800-{비}{강도0}2100-2210. {박무}1625-1730.,
143,대구,2025-05-02,15.9,10.5,0555,21.1,1555,,,,,,,11.0,290,1201,6.9,290,1245,3.5,3041,290,1.3,22,1432,40.6,6.8,1002.8,1010.8,2129,1006.5,0033,1009.2,13.7,10.3,1200,3.59,27.18,,,,,,3.5,2.8,18.5,8.8,,,,,,,,,,5.4,7.8,,,
143,대구,2025-05-03,11.8,9.7,1223,15.6,0001,1.5,1035,5.1,1113,10.5,13.9,9.0,270,2034,4.8,270,1709,2.1,1850,290,7.1,31,0001,74.1,10.1,1001.9,1010.9,2343,1006.3,1611,1008.4,13.7,0.7,1600,1.36,4.89,,,,,,7.6,6.9,12.8,9.5,,,,,,,,,,1.4,2.0,,{비}0235-{비}{강도0}0300-0355. {비}0415-0430. {비}0540-{비}{강도0}0600-{비}{강도0}0900-{비}{강도1}1200-1435. {박무}1105-{박무}{강도0}1200-1430.,
143,대구,2025-05-04,15.5,6.9,0556,22.7,1705,,,,,,,12.0,270,1337,7.2,290,1744,3.0,2600,290,-0.1,16,1533,41.6,6.3,1005.8,1015.1,2356,1010.0,1537,1012.2,13.8,12.9,1200,3.58,28.47,,,,,,0.1,0.0,17.3,3.4,,,,,,,,,,7.0,10.0,,,
143,대구,2025-05-05,13.0,6.6,0545,19.8,1134,0.4,1722,1.2,1651,5.58,2.5,6.3,140,1751,3.5,110,1045,1.5,1256,110,4.0,17,1144,60.5,8.5,1005.8,1016.0,0323,1007.9,1749,1012.3,13.8,5.0,1000,3.02,14.3,,,,,,7.1,5.3,15.5,2.7,,,,,,,,,,2.5,3.6,,{비}1625-{비}{강도0}1800-1815. {비}1945-2020. {비}2050-{비}{강도0}2100-{비}{강도0}2400-,
143,대구,2025-05-06,11.8,10.2,0133,14.2,1431,1.5,1557,2.9,1551,4.83,3.2,3.9,270,1538,2.5,270,1542,0.9,818,160,9.7,71,1425,87.3,12.0,1001.2,1011.1,2236,1005.2,1517,1007.7,13.8,0.0,1100,0.57,3.85,,,,,,7.5,6.1,13.2,8.1,,,,,,,,,,0.9,1.3,,-{비}-0130. {비}1005-1135. {비}1520-1710. {박무}1930-{박무}{강도0}2100-{박무}{강도1}2400-,
143,대구,2025-05-07,16.1,9.9,0336,23.7,1630,,,,,,,6.4,270,1804,3.3,250,1831,1.4,1191,270,7.9,27,1413,63.4,10.8,1006.8,1016.7,2341,1010.8,1528,1013.3,13.8,9.4,1200,3.55,25.99,,,,,,3.8,2.3,21.3,9.7,,,,,,,,,,4.6,6.6,,-{박무}-{박무}{강도1}0300-{박무}{강도0}0600-0830.,
143,대구,2025-05-08,18.3,11.0,0552,25.4,1506,,,,,,,6.4,200,1315,3.6,160,1719,1.6,1359,110,7.0,25,1441,52.4,10.2,1010.8,1019.2,0749,1014.7,1528,1017.2,13.9,9.1,1100,3.36,24.34,,,,,,5.3,0.3,23.6,8.3,,,,,,,,,,4.6,6.6,,,
143,대구,2025-05-09,14.7,12.2,0711,17.1,0001,0.7,1207,2.2,1018,13.92,10.2,6.1,140,0800,4.1,110,0740,2.0,1761,110,11.9,46,0001,84.6,14.2,1000.6,1017.9,0015,998.9,2351,1007.1,13.9,0.0,1200,0.64,3.72,,,,,,10.0,5.6,15.6,11.5,,,,,,,,,,1.2,1.7,,{비}0455-{비}{강도0}0600-{비}{강도0}0900-{비}{강도0}1200-{비}{강도0}1500-1830. {박무}0952-{박무}{강도0}1200-1404. {박무}1545-1603. {비}1925-1945. {박무}2159-{박무}{강도0}2400-,
143,대구,2025-05-10,16.4,14.7,2334,19.7,1024,0.3,1550,0.3,1500,4.45,0.3,13.9,250,1113,7.7,250,1113,3.6,3097,270,9.8,51,1106,66.1,12.2,994.9,1007.2,2158,996.8,0307,1001.2,13.9,2.4,1000,1.81,10.68,,,,,,8.1,6.3,16.5,13.1,,,,,,,,,,2.5,3.6,,-{박무}-{박무}{강도1}0300-0323. {비}1350-{비}{강도0}1500-1615. {비}1835-1930. {비}2108-2215.,
143,대구,2025-05-11,16.0,12.5,2337,21.4,1559,0.0,,0.0,,0.08,0.0,7.0,250,1757,3.9,250,1748,1.7,1505,250,9.7,43,1451,68.5,12.1,999.8,1008.0,0811,1003.3,1622,1006.2,14.0,2.3,1300,2.53,14.08,,,,,,6.3,2.8,16.8,8.9,,,,,,,,,,2.8,4.0,,{비}2010-2015.,
143,대구,2025-05-12,18.3,9.4,0549,26.6,1623,,,,,,,7.9,290,1402,4.4,290,1358,1.8,1551,270,6.3,21,1603,52.5,9.7,1003.8,1013.3,2333,1007.9,0001,1010.1,14.0,13.0,1200,3.52,28.28,,,,,,0.0,0.0,21.6,5.0,,,,,,,,,,6.0,8.6,,,
143,대구,2025-05-13,19.9,11.3,0549,28.0,1428,,,,,,,6.0,270,1738,3.5,270,1647,1.4,1196,270,9.7,24,1403,56.4,12.0,1008.7,1016.2,0758,1013.3,0001,1015.1,14.0,8.5,1100,3.31,23.56,,,,,,5.5,0.0,22.1,7.2,,,,,,,,,,4.6,6.6,,{햇무리}1055-1110. {햇무리}1350-1755.,
143,대구,2025-05-14,21.0,13.8,0534,29.1,1458,,,,,,,7.0,180,1740,3.9,230,1650,1.5,1264,200,9.5,18,1417,52.8,12.1,1009.9,1018.4,0644,1013.4,1546,1016.2,14.0,11.8,1200,3.47,26.83,,,,,,4.4,0.0,26.0,9.9,,,,,,,,,,5.1,7.3,,,
143,대구,2025-05-15,21.5,17.5,0209,26.6,1327,0.3,909,0.9,905,1.92,0.9,6.8,200,1454,3.7,180,1556,1.3,1144,320,15.5,54,1342,69.1,17.8,1009.1,1016.7,2203,1014.0,1607,1015.4,14.1,1.1,1300,2.38,13.13,,,,,,9.6,4.4,22.8,14.9,,,,,,,,,,2.6,3.8,,{비}0820-{비}{강도0}0900-1015. {박무}0905-1055.,
143,대구,2025-05-16,20.3,17.5,2338,23.8,1358,1.2,2218,4.4,2153,11.33,18.8,6.7,90,2140,4.0,90,2149,1.2,1056,320,17.2,61,1428,83.3,19.7,1006.3,1016.6,0025,1005.5,2359,1012.6,14.1,0.0,0900,0.94,5.95,,,,,,9.6,5.9,21.7,17.2,,,,,,,,,,1.3,1.8,,{비}1240-{비}{강도0}1500-{비}{강도0}1800-{비}{강도0}2100-{비}{강도0}2400- {박무}1650-{박무}{강도0}1800-{박무}{강도0}2100-{박무}{강도0}2400-,
143,대구,2025-05-17,22.5,16.9,0052,28.8,1618,0.3,1,0.9,1,1.82,0.5,9.1,320,2340,6.0,290,2346,2.5,2118,270,16.1,46,1653,69.3,18.3,998.5,1006.5,2344,1002.8,0315,1004.7,14.1,7.0,1300,3.23,22.18,,,,,,7.4,5.4,23.9,16.8,,,,,,,,,,5.1,7.3,,-{박무}-0035. -{비}-0059. {비}0115-0205. {박무}0210-0220.,
143,대구,2025-05-18,19.1,14.2,2400,24.4,1540,,,,,,,9.5,270,0100,5.2,290,0031,2.8,2391,290,6.5,15,1619,46.4,9.8,1003.4,1011.8,2349,1006.2,0021,1009.7,14.1,10.3,1300,3.35,27.3,,,,,,5.6,0.1,23.5,10.3,,,,,,,,,,5.2,7.5,,,
143,대구,2025-05-19,20.9,12.2,0525,28.5,1515,,,,,,,11.9,270,1342,6.0,250,1343,2.0,1704,250,11.0,25,1153,56.5,13.5,1000.5,1011.8,0001,1002.8,1734,1006.8,14.2,11.2,1200,3.39,27.2,,,,,,1.3,0.3,25.3,9.2,,,,,,,,,,5.5,7.9,,,
143,대구,2025-05-20,25.3,18.0,0534,33.7,1638,,,,,,,5.9,290,1529,3.6,270,1524,1.5,1290,50,17.0,35,1424,63.3,19.5,1002.0,1010.0,0837,1005.5,1524,1008.2,14.2,12.3,1200,3.33,26.99,,,,,,2.4,0.1,29.4,15.2,,,,,,,,,,5.8,8.2,,,
143,대구,2025-05-21,24.4,19.9,2359,29.9,1256,,,,,,,8.4,140,2136,4.8,140,2141,2.0,1695,90,18.4,49,1253,70.8,21.2,1000.6,1010.0,0208,1004.0,1722,1006.8,14.2,5.2,1000,2.82,15.48,,,,,,7.3,1.8,26.7,18.2,,,,,,,,,,3.4,4.8,,,
143,대구,2025-05-22,17.1,15.2,2352,19.9,0001,,,,,,,11.7,90,1329,8.0,110,1321,4.4,3813,110,11.9,60,2330,72.4,14.1,1002.6,1012.7,2159,1005.7,0102,1009.0,14.2,1.0,1200,2.13,12.12,,,,,,7.5,5.0,21.7,14.2,,,,,,,,,,2.9,4.1,,{박무}0240-{박무}{강도0}0300-0420. {박무}0430-0545.,
143,대구,2025-05-23,16.9,13.7,0509,20.5,1512,,,,,,,9.4,90,1656,6.3,90,1859,3.8,3310,90,8.2,42,1249,57.8,10.9,1006.4,1013.9,2029,1011.5,1726,1012.8,14.3,1.9,1300,2.44,17.08,,,,,,8.8,4.4,21.6,12.6,,,,,,,,,,4.0,5.7,,,
143,대구,2025-05-24,13.7,11.9,1515,16.0,0802,0.2,,0.6,1146,14.83,1.7,9.1,110,0011,5.8,110,0826,2.9,2476,110,10.3,63,0603,81.4,12.6,1003.4,1013.0,0001,1008.2,1455,1009.8,14.3,0.0,1300,0.91,4.44,,,,,,10.0,7.8,16.1,11.9,,,,,,,,,,1.2,1.6,,{비}0910-{비}{강도0}1200-{비}{강도0}1500-{비}{강도0}1800-{비}{강도0}2100-{비}{강도0}2400- {박무}1205-1250.,
143,대구,2025-05-25,17.6,12.2,0001,24.8,1533,0.3,214,0.5,149,3.62,0.6,7.7,110,2109,4.9,110,2110,2.1,1812,270,9.8,34,1519,64.5,12.2,1007.6,1017.5,2349,1011.7,0001,1014.0,14.3,10.2,1200,3.54,27.54,,,,,,3.6,2.4,23.2,11.7,,,,,,,,,,5.0,7.1,,-{비}-{비}{강도0}0300-0337.,
143,대구,2025-05-26,19.8,12.1,0459,26.9,1722,,,,,,,5.3,160,1944,2.6,160,1939,1.4,1168,70,10.7,29,1758,60.3,12.9,1010.8,1018.8,0658,1014.9,1658,1017.2,14.3,10.5,1100,3.42,24.72,,,,,,3.9,0.8,24.2,9.9,,,,,,,,,,4.4,6.3,,{햇무리}1550-1605.,
143,대구,2025-05-27,21.2,13.7,0517,28.4,1711,,,,,,,6.6,290,1715,3.7,270,1605,1.6,1369,110,10.4,23,1710,54.6,12.7,1011.4,1020.0,0648,1014.7,1623,1017.7,14.3,12.0,1200,3.45,26.48,,,,,,1.0,1.0,26.1,10.4,,,,,,,,,,5.9,8.5,,,
143,대구,2025-05-28,20.0,14.6,0516,29.7,1545,10.3,1833,22.3,1807,3.42,22.5,11.7,140,1844,8.2,140,1845,1.9,1607,140,12.2,24,1604,66.1,14.4,1011.1,1019.4,2151,1014.1,1618,1017.5,14.4,9.6,1200,3.2,23.85,,,,,,3.5,1.6,27.3,11.7,,,,,,,,,,4.6,6.6,,{박무}0355-{박무}{강도0}0600-0645. {소나기}1745-{우박}(d 1.8)1758-{우박}{강도2}(d 1.8)1800-{소나기}1811-{소나기}{강도0}2100-2110.,
143,대구,2025-05-29,18.7,13.8,0649,26.0,1403,0.4,1521,0.4,1515,1.17,0.4,7.9,110,1817,5.0,110,1812,2.2,1868,110,12.5,41,1412,70.1,14.6,1008.7,1018.4,0001,1011.8,1722,1015.0,14.4,7.2,1200,3.38,22.52,,,,,,5.9,4.3,21.4,11.8,,,,,,,,,,4.4,6.3,,{박무}0130-{박무}{강도0}0300-{박무}{강도0}0600-{박무}{강도0}0900-0930. {소나기}1515-1605. {소나기}1650-1710.,
143,대구,2025-05-30,18.2,13.2,0441,24.9,1528,,,,,,,9.9,110,1825,6.3,110,1829,3.0,2603,110,10.4,37,1413,63.3,12.7,1006.8,1014.8,0732,1011.0,1621,1013.2,14.4,13.1,1200,3.52,29.01,,,,,,0.1,0.1,23.7,11.8,,,,,,,,,,5.3,7.6,,,
143,대구,2025-05-31,19.7,11.1,0517,27.8,1529,,,,,,,6.5,110,1919,4.2,140,1927,1.9,1601,140,8.6,27,1520,53.1,11.2,1004.7,1014.2,0616,1007.7,1710,1011.0,14.4,11.6,1200,3.05,25.45,,,,,,4.1,0.0,24.8,9.8,,,,,,,,,,5.2,7.5,,,
143,대구,2025-06-01,22.2,13.2,0518,31.4,1634,,,,,,,5.1,140,2000,3.3,110,1827,1.5,1289,140,11.4,21,1536,54.4,13.7,1002.7,1012.1,0647,1005.9,1647,1008.9,14.4,11.9,1200,3.49,27.83,,,,,,3.5,0.1,27.9,10.4,,,,,,,,,,5.2,7.4,,,
143,대구,2025-06-02,20.3,17.8,0544,24.3,1257,0.0,,0.0,,5.5,0.0,5.1,290,1331,3.0,290,1326,1.4,1223,110,14.5,49,1300,70.5,16.6,997.6,1007.8,0010,1000.6,2400,1003.8,14.5,0.0,1000,1.37,8.8,,,,,,10.0,4.8,22.8,16.6,,,,,,,,,,2.3,3.3,,{박무}0240-{박무}{강도0}0300-{박무}{강도0}0600-0720. {비}1045-{비}{강도0}1200-1220. {비}1430-{비}{강도0}1500-1550. {비}1620-1650. {비}1715-1750. {비}2110-2150. {비}2305-2355.,
143,대구,2025-06-03,22.6,17.1,0410,28.8,1604,0.1,,0.1,,0.83,0.1,13.8,270,1746,7.8,270,1746,3.1,2694,290,10.1,23,1744,49.5,12.8,992.9,1001.9,2311,996.3,1610,999.0,14.5,9.4,1300,3.28,25.44,,,,,,5.1,2.8,28.3,16.4,,,,,,,,,,7.2,10.3,,{비}0055-0130. {비}0220-0235. {달코로나}2210-2240.,
143,대구,2025-06-04,22.9,13.4,0525,29.2,1531,,,,,,,12.6,270,1355,8.4,290,1403,3.8,3267,270,3.5,15,1243,30.5,7.9,997.8,1008.8,2357,1001.2,1509,1004.0,14.5,13.7,1200,3.63,30.61,,,,,,0.0,0.0,28.8,8.3,,,,,,,,,,10.3,14.7,,,
143,대구,2025-06-05,23.0,15.5,0525,30.0,1511,,,,,,,7.7,290,0024,4.6,290,0031,2.2,1922,290,8.0,22,1518,40.4,10.8,1003.9,1012.0,0612,1007.7,1717,1010.1,14.5,11.5,1200,3.68,28.83,,,,,,2.8,0.0,30.6,12.2,,,,,,,,,,6.1,8.7,,{햇무리}1420-1655.,
143,대구,2025-06-06,23.2,17.4,0454,30.5,1458,,,,,,,7.6,250,1759,3.8,250,1541,1.4,1182,250,11.0,26,1508,49.0,13.2,1003.1,1010.6,0558,1007.5,1545,1009.3,14.5,2.6,1400,2.8,14.56,,,,,,7.0,0.0,28.0,14.2,,,,,,,,,,3.9,5.6,,,
143,대구,2025-06-07,24.8,15.9,0537,33.0,1454,,,,,,,5.6,250,1342,3.4,250,1347,1.5,1270,270,10.6,21,1455,45.3,12.8,1001.7,1009.9,0005,1005.0,1559,1007.9,14.5,11.2,1200,3.53,27.7,,,,,,5.5,0.0,32.2,12.5,,,,,,,,,,6.3,9.0,,,
143,대구,2025-06-08,26.0,20.5,0536,31.5,1333,,,,,,,4.6,180,1750,3.0,180,1908,1.5,1267,70,15.2,36,1323,52.5,17.3,1001.4,1009.2,0710,1005.4,1631,1007.6,14.5,8.2,1200,3.21,22.11,,,,,,5.5,1.5,31.3,19.2,,,,,,,,,,4.5,6.4,,,
143,대구,2025-06-09,25.9,21.4,0517,31.3,1456,,,,,,,5.5,200,1748,2.9,180,1719,1.4,1239,70,17.4,40,1427,61.1,19.8,1000.5,1008.8,0656,1003.9,1740,1006.6,14.5,5.7,1200,3.51,19.27,,,,,,5.3,1.1,29.8,19.0,,,,,,,,,,4.4,6.2,,,
143,대구,2025-06-10,26.5,20.0,0343,33.6,1618,,,,,,,7.0,290,2004,4.5,290,1807,2.1,1805,290,14.7,29,1554,50.9,16.8,999.3,1007.6,2319,1002.6,1710,1005.4,14.5,10.8,1100,3.34,25.26,,,,,,4.8,1.3,33.5,16.5,,,,,,,,,,6.5,9.3,,,
143,대구,2025-06-11,25.6,20.6,0648,31.5,1608,,,,,,,8.2,270,0623,5.5,290,0614,3.1,2717,270,9.8,23,1650,39.1,12.2,1004.2,1013.2,2359,1007.4,0012,1010.4,14.6,10.9,1200,3.55,28.98,,,,,,3.9,0.8,33.8,19.4,,,,,,,,,,7.6,10.9,,,
143,대구,2025-06-12,25.3,19.1,0526,31.7,1602,,,,,,,5.1,200,1917,3.1,160,1806,1.6,1354,110,11.6,29,1542,44.1,13.7,1008.1,1015.8,2151,1012.6,1634,1014.3,14.6,8.3,1100,3.51,23.3,,,,,,7.6,0.0,31.9,17.5,,,,,,,,,,5.1,7.3,,,
143,대구,2025-06-13,20.5,17.8,2256,24.9,1252,4.9,2229,17.0,2226,12.8,31.1,4.6,140,2218,3.0,110,2216,1.6,1349,110,15.3,40,1345,74.0,17.5,1007.4,1016.3,0723,1010.5,2352,1013.7,14.6,0.0,1300,1.41,8.64,,,,,,9.8,6.3,23.3,17.5,,,,,,,,,,1.8,2.6,,{비}0849-{비}{강도0}0900-0926. {비}1149-{비}{강도0}1200-{비}{강도0}1500-{비}{강도0}1800-{비}{강도0}2100-{비}{강도1}2400- {박무}1730-{박무}{강도0}1800-{박무}{강도0}2100-{박무}{강도0}2400-,
143,대구,2025-06-14,21.9,18.0,0003,27.1,1716,1.7,34,7.5,754,11.5,32.7,5.0,140,0544,2.9,140,0518,1.6,1358,110,19.4,68,1722,86.6,22.5,996.2,1011.0,0010,998.7,1608,1002.4,14.6,2.4,1400,2.37,12.32,,,,,,7.6,4.9,24.6,18.0,,,,,,,,,,2.6,3.7,,-{박무}-0250. -{비}-{비}{강도0}0300-{비}{강도0}0600-{비}{강도1}0900-1130. {박무}0330-{박무}{강도0}0600-0651. {박무}0720-{박무}{강도0}0900-0940.,
143,대구,2025-06-15,26.1,20.0,0445,32.7,1521,0.2,,0.2,,2.08,0.3,5.9,230,1815,3.8,160,1755,1.5,1269,160,20.4,48,1509,73.3,24.0,993.6,1002.6,0635,997.6,1643,999.8,14.6,,1400,3.0,,,,,,,6.6,3.8,29.8,18.3,,,,,,,,,,3.1,4.5,,{박무}0350-0420. {비}2155-{비}{강도0}2400-,
143,대구,2025-06-16,25.0,22.1,2350,29.1,1622,2.9,922,6.8,910,8.17,8.5,8.5,270,1631,4.5,230,1745,1.6,1380,70,21.0,53,1626,79.5,24.9,993.5,1003.8,2355,996.8,0253,999.6,14.6,4.1,1500,2.26,12.11,,,,,,5.8,3.6,26.8,19.9,,,,,,,,,,2.8,4.0,,-{비}-0215. {비}0605-0650. {비}0720-0735. {비}0745-0755. {비}0825-0840. {비}0905-{비}{강도0}1200-1335. {박무}0915-1015.,
143,대구,2025-06-17,25.2,19.9,0457,29.9,1643,,,,,,,5.6,180,1443,3.5,160,1534,1.4,1218,160,19.2,54,1230,70.9,22.3,999.4,1008.0,2355,1003.7,0001,1005.6,14.6,7.4,1200,3.35,21.65,,,,,,5.6,1.4,27.3,18.0,,,,,,,,,,3.9,5.6,,,
143,대구,2025-06-18,26.9,21.8,0340,32.7,1456,,,,,,,5.8,250,1545,3.4,270,1412,1.6,1406,290,18.0,37,1556,61.1,20.7,1004.3,1012.7,2322,1008.0,0001,1010.4,14.6,8.9,1200,3.49,24.99,,,,,,2.0,1.3,28.8,20.0,,,,,,,,,,5.5,7.9,,{박무}0540-{박무}{강도0}0600-0750.,
143,대구,2025-06-19,27.5,21.0,0527,33.9,1418,,,,,,,4.8,160,1728,3.2,160,1734,1.3,1130,180,18.8,33,1518,61.6,21.8,1006.7,1014.6,0627,1011.3,1700,1012.9,14.6,9.6,1300,2.92,23.94,,,,,,5.1,2.1,31.5,18.7,,,,,,,,,,4.6,6.6,,,
143,대구,2025-06-20,26.9,24.1,2334,29.5,1228,0.3,2248,0.8,2217,8.28,1.7,7.1,200,2220,3.2,180,1623,1.8,1521,140,21.1,60,1243,71.4,25.0,1001.9,1012.4,0001,1005.6,1636,1008.0,14.6,0.0,1200,0.97,6.92,,,,,,10.0,7.4,28.3,22.8,,,,,,,,,,2.1,3.0,,{비}0403-0420. {비}1420-1430. {비}1450-{비}{강도0}1500-1520. {비}1640-{비}{강도0}1800-{비}{강도0}2100-{비}{강도0}2400-,
143,대구,2025-06-21,22.8,18.3,2340,26.9,0642,5.2,1658,17.6,1617,20.67,74.1,9.3,200,0657,5.1,290,1509,1.8,1589,270,20.6,69,0642,87.9,24.4,998.2,1006.4,1932,1002.0,1409,1004.5,14.6,0.0,1100,0.47,3.2,,,,,,10.0,7.5,23.7,18.2,,,,,,,,,,1.0,1.4,,-{비}-0235. {비}0255-{비}{강도0}0300-0350. {비}0650-{비}{강도0}0900-{비}{강도0}1200-{비}{강도0}1500-{비}{강도1}1800-{비}{강도0}2100-{비}{강도1}2400- {박무}0840-{박무}{강도0}0900-1050. {박무}1440-{박무}{강도0}1500-1505. {박무}1620-1710. {박무}2140-{박무}{강도0}2400-,
143,대구,2025-06-22,22.4,18.0,0134,27.4,1335,1.7,35,6.2,7,3.78,8.4,6.9,290,1339,4.3,270,1335,1.6,1344,290,16.5,41,1327,72.3,18.8,1000.3,1008.2,0833,1005.1,0014,1006.5,14.6,4.8,1200,3.33,19.74,,,,,,7.4,1.1,24.2,17.6,,,,,,,,,,4.0,5.7,,-{박무}-0043. -{비}-{비}{강도0}0300-0347.,
143,대구,2025-06-23,24.9,17.8,0459,31.7,1522,,,,,,,6.7,70,1724,4.3,90,1720,1.4,1249,90,15.9,34,1355,61.0,18.1,1001.1,1008.4,0521,1005.0,1632,1007.3,14.6,13.0,1200,3.58,29.1,,,,,,0.9,0.6,28.1,15.4,,,,,,,,,,5.8,8.3,,,
143,대구,2025-06-24,20.7,18.5,0508,24.8,1042,0.6,1529,2.2,1442,10.83,6.7,8.5,90,1050,5.4,90,1107,2.7,2353,110,17.7,54,1050,84.0,20.3,1002.6,1009.9,0748,1008.2,1721,1008.8,14.6,0.5,1000,1.28,8.46,,,,,,9.1,5.3,22.3,17.3,,,,,,,,,,1.7,2.4,,{비}1115-{비}{강도0}1200-{비}{강도0}1500-{비}{강도0}1800-1930. {박무}1410-{박무}{강도1}1500-1730. {박무}1835-1855. {비}1955-{비}{강도0}2100-2230.,
143,대구,2025-06-25,23.6,19.9,0001,29.1,1609,0.1,,0.1,,5.58,0.1,7.2,250,1531,4.5,110,0858,2.5,2155,140,18.9,49,1610,76.9,21.9,1000.9,1008.6,0001,1005.9,1735,1007.1,14.6,3.5,1400,3.0,14.47,,,,,,7.4,5.0,24.9,19.8,,,,,,,,,,3.3,4.7,,{비}0240-{비}{강도0}0300-0340. {박무}0615-0650. {비}0620-0645. {박무}0725-{박무}{강도0}0900-1130. {안개비}0735-{안개비}{강도0}0900-1145.,
143,대구,2025-06-26,25.4,22.1,0403,30.1,1430,,,,,,,6.9,270,1540,3.7,290,1210,2.2,1904,290,18.0,48,1431,64.9,20.7,1001.9,1009.0,1031,1006.9,1505,1008.1,14.6,3.7,1400,3.42,20.2,,,,,,6.5,4.8,27.8,21.8,,,,,,,,,,4.4,6.3,,,
143,대구,2025-06-27,27.1,20.6,0528,33.1,1654,,,,,,,4.8,290,0918,3.1,270,0925,1.1,971,290,19.5,42,1616,65.4,22.7,1001.8,1009.1,0615,1006.1,1744,1007.9,14.6,13.0,1300,3.33,27.54,,,,,,4.1,1.5,31.3,18.9,,,,,,,,,,5.2,7.5,,,
143,대구,2025-06-28,28.5,23.5,0500,34.5,1632,0.0,,0.0,,0.5,0.0,6.4,250,1952,4.7,250,1956,1.2,1069,290,22.2,48,1644,70.6,26.9,1001.0,1008.7,0656,1004.6,1640,1007.1,14.6,6.4,1200,3.38,20.61,,,,,,4.0,2.1,31.6,22.3,,,,,,,,,,3.9,5.6,,{비}1750-{비}{강도0}1800-1805. {비}2000-2015.,
143,대구,2025-06-29,29.9,24.5,0446,36.6,1623,,,,,,,5.3,270,1411,2.4,270,1418,1.2,1008,250,22.5,35,1626,67.6,27.2,1001.4,1008.8,0817,1005.6,1714,1007.5,14.6,8.7,1200,3.48,25.33,,,,,,3.5,3.5,34.9,23.2,,,,,,,,,,5.7,8.2,,{박무}0730-{박무}{강도0}0900-0930.,
143,대구,2025-06-30,30.7,25.8,0511,36.4,1556,,,,,,,5.0,270,1227,3.1,250,1430,1.6,1341,230,21.8,38,1337,61.4,26.2,1004.2,1011.5,2329,1008.8,0001,1010.3,14.6,11.6,1200,3.33,26.76,,,,,,2.6,1.8,38.3,24.3,,,,,,,,,,5.7,8.1,,,
143,대구,2025-07-01,30.7,25.7,0510,35.7,1543,,,,,,,5.4,270,1213,3.1,290,1222,1.6,1406,270,22.7,45,1549,63.9,27.6,1006.1,1013.9,0748,1010.2,1734,1012.2,14.6,10.2,1100,3.3,24.52,,,,,,4.3,1.9,36.8,25.0,,,,,,,,,,5.1,7.3,,,
143,대구,2025-07-02,31.4,26.9,0531,36.4,1506,,,,,,,4.8,290,1315,3.3,270,1237,1.6,1374,320,23.1,45,1455,63.4,28.3,1005.7,1013.7,0731,1009.6,1801,1011.8,14.6,9.6,1200,3.57,24.97,,,,,,2.9,2.6,39.1,26.3,,,,,,,,,,5.5,7.8,,,
143,대구,2025-07-03,31.2,27.1,0510,36.0,1322,,,,,,,4.4,340,1628,2.8,250,1019,1.6,1363,290,22.9,46,1309,62.6,27.9,1003.2,1011.3,0020,1006.9,1702,1009.2,14.5,9.5,1200,3.14,23.32,,,,,,3.8,2.9,38.6,26.2,,,,,,,,,,5.0,7.2,,,
143,대구,2025-07-04,30.2,25.7,0530,35.5,1428,,,,,,,6.6,270,2134,3.8,270,2230,2.1,1821,290,19.6,32,1214,56.1,23.1,1000.6,1008.9,0003,1004.4,1753,1006.7,14.5,10.2,1300,3.39,23.88,,,,,,6.0,1.5,36.8,24.9,,,,,,,,,,5.9,8.4,,{햇무리}1550-1620.,
143,대구,2025-07-05,30.6,25.5,0533,36.4,1611,,,,,,,5.6,270,1148,3.4,270,0951,2.1,1854,290,21.2,40,1337,59.0,25.1,999.1,1007.2,0605,1002.9,1638,1005.1,14.5,12.4,1200,3.49,28.69,,,,,,1.6,1.5,40.8,24.8,,,,,,,,,,6.5,9.4,,,
143,대구,2025-07-06,30.6,26.6,0600,34.9,1619,,,,,,,6.2,250,1051,4.0,290,0926,2.4,2088,270,21.5,45,1608,59.6,25.7,998.3,1005.8,0750,1002.5,1712,1004.3,14.5,11.6,1100,3.34,24.41,,,,,,4.8,0.4,36.3,25.8,,,,,,,,,,5.6,7.9,,,
143,대구,2025-07-07,31.5,26.4,0541,37.4,1400,,,,,,,7.9,110,1945,4.9,90,1848,2.0,1720,90,21.9,42,1402,58.1,26.4,999.1,1007.7,2353,1003.0,1652,1005.1,14.5,11.0,1300,3.34,25.63,,,,,,2.4,1.9,41.2,25.1,,,,,,,,,,6.4,9.1,,,
143,대구,2025-07-08,28.5,25.5,2356,32.3,1502,,,,,,,8.4,90,0434,4.8,110,0605,3.5,3033,110,21.3,53,1541,66.0,25.3,1002.5,1010.6,2311,1007.3,0047,1008.6,14.5,11.5,1100,3.14,25.82,,,,,,1.8,0.9,38.3,25.3,,,,,,,,,,5.7,8.2,,,
143,대구,2025-07-09,28.1,23.7,0527,33.6,1344,,,,,,,9.0,110,2108,5.8,110,1904,3.2,2795,110,17.4,31,1434,55.6,20.1,1004.0,1011.8,2340,1008.5,1604,1010.1,14.5,13.7,1200,3.55,29.41,,,,,,1.3,1.3,38.4,22.6,,,,,,,,,,7.5,10.7,,,
143,대구,2025-07-10,26.6,23.6,0520,31.3,1420,,,,,,,9.6,110,1848,6.3,110,1637,3.7,3226,110,18.8,44,1421,63.4,21.7,1005.6,1013.3,2311,1010.3,1724,1011.7,14.5,9.8,1200,3.48,25.97,,,,,,3.6,3.4,34.9,23.1,,,,,,,,,,6.5,9.2,,,
143,대구,2025-07-11,26.2,22.9,0530,30.6,1404,,,,,,,10.6,110,1828,7.6,110,1838,4.2,3598,110,17.4,38,1608,60.0,19.9,1006.8,1014.5,2229,1011.9,1458,1013.0,14.4,13.6,1200,3.47,29.0,,,,,,1.6,0.9,36.1,22.1,,,,,,,,,,6.7,9.6,,,
143,대구,2025-07-12,26.2,21.8,0513,31.8,1553,,,,,,,9.4,90,1105,5.4,90,0945,2.7,2372,90,17.4,39,1617,60.4,19.9,1003.7,1014.0,0001,1007.1,1658,1009.9,14.4,12.0,1200,3.62,26.87,,,,,,6.3,1.8,34.5,19.4,,,,,,,,,,6.2,8.9,,,
143,대구,2025-07-13,25.3,20.1,2323,32.5,1419,5.4,2036,11.7,2026,8.67,33.3,7.9,270,2118,5.3,290,1825,2.4,2077,110,19.0,40,1044,71.3,22.1,995.7,1007.4,0001,997.8,2400,1001.8,14.4,5.1,1000,2.62,14.38,,,,,,8.3,2.9,32.3,20.0,,,,,,,,,,3.1,4.5,,{비}1520-{비}{강도0}1800-{비}{강도1}2100-{비}{강도1}2400- {박무}1927-{박무}{강도0}2100-2145. {박무}2240-{박무}{강도0}2400-,
143,대구,2025-07-14,24.2,20.2,0001,31.2,1646,1.6,104,6.5,58,7.0,16.7,11.2,230,1816,7.2,270,1825,2.4,2097,270,19.2,46,1608,75.9,22.3,987.5,997.9,0006,990.6,1642,993.6,14.4,6.9,1000,3.15,21.23,,,,,,7.5,3.1,27.6,20.1,,,,,,,,,,4.2,6.0,,-{박무}-0050. -{비}-{비}{강도0}0300-0510. {비}1720-1740. {비}1905-2035.,
143,대구,2025-07-15,23.3,20.0,0528,28.0,1218,0.3,1357,0.3,1345,1.17,0.3,7.9,250,1341,4.9,250,1344,1.4,1192,140,19.9,56,1238,82.1,23.3,990.2,1001.4,2335,992.9,0216,996.3,14.4,1.3,1200,2.32,12.87,,,,,,7.4,5.3,25.7,19.6,,,,,,,,,,2.4,3.5,,{비}0650-0705. {비}1345-1420. {비}1445-{비}{강도0}1500-1505.,
143,대구,2025-07-16,23.0,21.1,0345,26.4,1026,0.8,1134,2.2,1122,9.4,7.4,5.1,110,2028,3.1,110,2019,1.2,1003,110,20.9,69,1027,88.5,24.8,998.0,1005.8,2117,1001.3,0001,1004.2,14.4,0.1,0800,0.97,5.01,,,,,,9.3,4.4,24.6,19.7,,,,,,,,,,1.1,1.6,,{비}0630-0640. {비}1035-{비}{강도0}1200-1250. {박무}1110-{박무}{강도0}1200-1240. {비}1320-{비}{강도0}1500-{비}{강도0}1800-1820. {박무}1330-1440. {박무}1505-1720. {비}1840-1945. {비}2029-2049. {비}2210-2244.,
143,대구,2025-07-17,22.5,21.3,2228,24.4,1253,11.5,1415,38.8,1412,18.27,102.3,7.4,180,1358,5.2,320,1406,2.3,1999,110,21.1,76,0241,92.3,25.0,1000.9,1010.3,2159,1005.1,0124,1007.2,14.3,0.0,1200,1.03,2.42,,,,,,10.0,7.6,23.0,21.4,,,,,,,,,,0.8,1.2,,{비}0039-0048. {비}0153-0205. {비}0345-0355. {비}0455-{비}{강도0}0600-{비}{강도1}0900-{비}{강도0}1200-{비}{강도2}1500-{비}{강도0}1800-{비}{강도0}2100-2240. {박무}0845-{박무}{강도0}0900-{박무}{강도0}1200-1235. {박무}1345-{박무}{강도1}1500-1640. {박무}1725-{박무}{강도0}1800-2005. {박무}2205-2240. {박무}2350-{박무}{강도0}2400-,
143,대구,2025-07-18,24.8,21.3,0149,31.6,1407,1.2,33,4.6,1941,9.67,14.3,5.8,160,1442,3.5,110,2308,1.4,1193,110,22.2,59,1410,86.5,26.9,1001.6,1010.3,2258,1005.2,0330,1007.8,14.3,3.4,1100,2.78,17.03,,,,,,9.0,7.1,28.1,21.3,,,,,,,,,,2.9,4.1,,{비}0025-0120. -{박무}-0240. {비}0420-0440. {박무}0605-0805. {비}1015-1020. {비}1440-1455. {비}1555-{비}{강도0}1800-{비}{강도1}2100-{비}{강도0}2400-,
143,대구,2025-07-19,21.9,21.1,1435,23.3,1724,8.7,914,31.5,913,19.25,68.1,7.7,90,1337,4.8,110,1009,2.1,1803,110,21.0,86,1722,95.1,24.9,1005.5,1013.6,2330,1008.8,0448,1011.8,14.3,0.1,1600,0.79,1.98,,,,,,9.8,7.4,22.7,21.0,,,,,,,,,,0.7,1.0,,-{비}-{비}{강도0}0300-{비}{강도0}0600-{비}{강도0}0900-{비}{강도1}1200-{비}{강도0}1500-1540. {박무}0620-0750. {박무}0815-{박무}{강도0}0900-1045. {박무}1110-{박무}{강도0}1200-1205. {비}1740-{비}{강도0}1800-2040. {박무}1845-1905. {비}2105-2110. {비}2255-2325. {박무}2330-{박무}{강도0}2400-,
143,대구,2025-07-20,26.5,21.5,0320,32.1,1513,,,,,,,3.9,160,1654,2.6,160,1701,0.9,820,110,22.3,55,1517,79.9,26.9,1007.2,1014.8,2400,1011.6,1554,1013.4,14.3,3.8,1000,3.26,17.95,,,,,,6.8,3.6,27.9,21.0,,,,,,,,,,3.4,4.8,,-{박무}-{박무}{강도1}0300-{박무}{강도0}0600-0830.,
143,대구,2025-07-21,26.8,23.4,0517,30.8,1429,5.1,1555,5.6,,1.97,5.6,7.7,290,1550,4.1,290,1555,0.9,795,110,23.5,65,1504,82.9,29.0,1008.3,1015.7,1011,1013.4,1512,1014.5,14.2,2.5,1400,2.18,13.33,,,,,,6.4,5.0,29.5,22.5,,,,,,,,,,2.6,3.7,,{비}0801-0830. {비}1001-1030. {소나기}1545-1620. {소나기}1940-2005.,
143,대구,2025-07-22,29.5,25.0,0108,34.2,1738,,,,,,,3.5,230,1357,2.1,230,1405,0.8,700,290,22.8,46,1611,69.5,27.8,1007.8,1015.8,0747,1011.9,1658,1013.9,14.2,8.7,1100,2.97,20.92,,,,,,5.0,2.9,31.8,24.0,,,,,,,,,,4.2,5.9,,,
143,대구,2025-07-23,29.9,24.8,0524,35.3,1457,,,,,,,3.3,160,2028,2.4,140,2034,0.8,702,110,22.8,39,1528,68.1,27.8,1006.1,1014.3,0646,1009.6,1729,1012.2,14.2,9.1,1300,3.56,24.24,,,,,,3.9,1.5,33.1,23.3,,,,,,,,,,4.9,6.9,,{박무}0550-{박무}{강도0}0600-0615.,
143,대구,2025-07-24,29.9,24.9,0530,35.3,1554,,,,,,,4.0,70,1602,2.6,110,2111,1.2,1071,90,21.7,35,1601,64.6,26.1,1004.3,1012.4,0646,1008.0,1806,1010.4,14.2,12.1,1100,3.39,27.35,,,,,,1.4,0.3,34.4,23.5,,,,,,,,,,5.9,8.4,,{박무}0030-{박무}{강도0}0300-{박무}{강도0}0600-0835. {연무}0833-{연무}{강도0}0900-0955.,
143,대구,2025-07-25,29.3,23.4,0507,35.2,1551,,,,,,,5.1,110,1925,3.6,110,1926,1.7,1426,110,21.1,43,1513,63.4,25.0,1003.1,1010.8,0730,1007.1,1604,1009.2,14.1,13.2,1200,3.54,28.39,,,,,,1.3,1.3,36.3,21.7,,,,,,,,,,6.2,8.8,,,
143,대구,2025-07-26,29.3,23.8,0513,34.5,1542,,,,,,,4.2,110,1014,2.8,110,1028,1.4,1177,110,22.0,48,1739,66.4,26.4,1001.9,1010.0,0023,1005.9,1806,1008.0,14.1,12.1,1100,3.34,26.05,,,,,,1.9,1.6,35.6,22.0,,,,,,,,,,5.2,7.4,,,
143,대구,2025-07-27,29.8,24.4,0503,36.0,1519,,,,,,,4.8,180,1813,2.6,160,1805,1.3,1153,110,21.6,43,1522,63.5,25.9,1000.0,1008.2,0111,1003.6,1659,1006.1,14.1,12.7,1200,3.5,28.3,,,,,,1.3,1.0,39.6,22.4,,,,,,,,,,5.8,8.4,,,
143,대구,2025-07-28,30.4,23.9,0526,36.8,1637,,,,,,,4.0,110,2102,2.7,110,2106,1.2,1058,140,21.8,40,1631,61.9,26.1,997.1,1006.1,0001,1000.0,1743,1003.1,14.1,11.7,1200,3.46,26.26,,,,,,1.1,1.1,39.6,22.1,,,,,,,,,,5.7,8.2,,,
143,대구,2025-07-29,30.1,24.4,0529,35.9,1456,,,,,,,5.0,110,2007,3.5,110,2120,1.8,1523,110,20.8,35,1301,60.5,24.6,995.3,1003.3,0723,998.7,1743,1001.3,14.0,13.1,1200,3.49,28.57,,,,,,0.5,0.3,40.9,23.2,,,,,,,,,,6.3,9.0,,,
143,대구,2025-07-30,29.2,22.9,0531,35.2,1458,,,,,,,5.6,110,1917,3.9,110,1432,1.9,1675,110,20.7,37,1705,63.5,24.6,995.4,1003.1,2320,999.3,1521,1001.5,14.0,12.3,1200,3.42,26.72,,,,,,3.8,0.8,39.1,21.4,,,,,,,,,,6.0,8.6,,,
143,대구,2025-07-31,29.9,24.6,0548,35.9,1510,,,,,,,6.2,110,1902,4.0,90,1911,1.7,1496,110,21.2,37,1359,62.4,25.2,997.0,1004.6,0701,1001.0,1725,1003.1,14.0,9.8,1200,3.44,26.91,,,,,,5.0,2.3,40.4,23.3,,,,,,,,,,6.3,9.0,,,
143,대구,2025-08-01,30.4,23.6,0542,37.2,1745,,,,,,,5.2,140,2200,3.0,140,0014,1.4,1210,110,20.4,30,1806,59.4,24.2,996.6,1004.2,0724,1000.4,1721,1002.7,14.0,12.2,1200,3.4,25.57,,,,,,1.0,0.4,40.0,21.5,,,,,,,,,,5.6,7.9,,,
143,대구,2025-08-02,30.9,25.2,0524,37.3,1406,,,,,,,4.8,90,0102,3.3,140,0057,1.5,1314,110,22.5,36,1709,63.3,27.3,996.1,1003.9,0020,999.7,1722,1002.1,13.9,9.5,1200,3.21,22.86,,,,,,4.3,2.5,39.0,24.2,,,,,,,,,,4.6,6.6,,,
143,대구,2025-08-03,28.9,24.3,2221,33.1,1245,7.0,2148,18.3,2108,4.92,24.5,6.6,110,2256,4.5,110,2303,1.4,1229,110,23.7,53,1404,75.3,29.4,995.6,1003.0,0004,1000.1,1813,1001.7,13.9,0.3,1000,1.52,11.22,,,,,,9.5,5.1,34.7,24.2,,,,,,,,,,2.6,3.7,,{비}1125-1155. {비}1655-1705. {비}1945-{비}{강도0}2100-{비}{강도0}2400- {박무}2020-{박무}{강도0}2100-{박무}{강도0}2400-,
143,대구,2025-08-04,28.2,24.8,0132,33.3,1444,11.8,202,45.2,131,8.13,91.0,10.5,270,1630,5.3,270,1638,1.2,1076,110,24.8,60,1448,83.1,31.4,995.0,1004.5,2339,998.8,0423,1001.0,13.9,2.8,0900,2.5,13.4,,,,,,8.4,5.3,30.8,24.8,,,,,,,,,,2.7,3.9,,-{비}-{비}{강도1}0300-0535. -{박무}-{박무}{강도2}0300-0420. {비}1530-1703. {비}1825-1855. {비}2110-2140. {비}2335-{비}{강도0}2400-,
143,대구,2025-08-05,29.7,25.9,0546,35.1,1428,0.9,19,1.0,1,0.67,1.0,5.7,270,1827,2.9,250,1304,1.1,940,50,24.6,51,1228,76.0,30.9,998.2,1005.7,2248,1002.5,1530,1004.3,13.9,6.2,1200,3.22,19.96,,,,,,5.8,4.4,32.2,25.5,,,,,,,,,,4.1,5.9,,-{비}-0040. {박무}0140-0310. {박무}0405-0505. {박무}0530-{박무}{강도0}0600-0630. を(NW)1810-1835. {달코로나}2050-2053.,
143,대구,2025-08-06,28.5,23.5,2400,32.5,1156,11.5,2342,16.7,2300,3.17,17.0,13.6,250,2337,6.8,270,2342,1.6,1406,270,23.9,56,1205,77.1,29.7,996.2,1005.5,0001,1000.1,1904,1002.3,13.8,1.6,1100,1.94,10.05,,,,,,8.5,5.1,30.5,23.1,,,,,,,,,,2.3,3.3,,{비}1345-1415. {비}1455-{비}{강도0}1500-1505. {비}1620-1730. {비}1835-1920. {비}2045-{비}{강도0}2100-2120. {비}2310-{비}{강도0}2400-,
143,대구,2025-08-07,27.4,23.3,0006,32.0,1558,0.3,25,0.3,1,0.83,0.3,5.0,270,1254,3.2,290,1301,1.2,1035,140,22.0,50,1603,74.3,26.5,996.1,1004.1,2315,1000.9,1728,1002.2,13.8,4.1,1300,2.43,16.6,,,,,,6.0,3.8,30.1,23.0,,,,,,,,,,3.3,4.8,,-{비}-0050.,
143,대구,2025-08-08,26.9,22.7,0546,31.2,1652,,,,,,,4.6,270,1834,2.9,270,1837,1.0,826,140,20.4,51,1423,69.6,24.0,998.3,1006.2,2259,1003.0,1447,1004.4,13.8,7.4,1100,3.0,17.74,,,,,,7.4,2.4,31.2,21.0,,,,,,,,,,3.3,4.7,,{햇무리}0950-1300. {달무리}2350-,
143,대구,2025-08-09,24.5,22.5,2230,27.3,1234,0.2,,0.5,1507,8.48,1.1,3.1,160,1753,2.1,160,1759,0.9,797,140,21.2,70,1230,82.5,25.2,998.1,1005.8,0001,1002.8,1849,1004.3,13.7,0.1,0900,1.07,5.57,,,,,,9.9,5.3,27.6,22.3,,,,,,,,,,1.3,1.9,,-{달무리}-0020. {비}0620-0640. {비}1201-1205. {비}1310-{비}{강도0}1500-{비}{강도0}1800-{비}{강도0}2100-2115. {박무}1505-1730.,
143,대구,2025-08-10,25.2,21.2,0624,29.5,1631,2.0,408,8.2,342,4.33,13.9,5.9,90,1914,3.8,90,1852,1.6,1385,90,20.0,54,1637,74.4,23.4,996.2,1004.9,2343,1000.4,1321,1002.3,13.7,6.0,1100,3.32,19.4,,,,,,5.9,3.8,29.0,21.3,,,,,,,,,,3.7,5.4,,{박무}0203-{박무}{강도0}0300-0535. {비}0235-{비}{강도0}0300-{비}{강도0}0600-0645. {비}0720-0730.,
143,대구,2025-08-11,24.4,20.5,0509,29.9,1250,0.2,,0.3,2101,8.25,0.4,5.3,140,1740,3.2,110,1740,1.6,1362,110,19.7,51,1058,76.9,23.0,999.5,1007.3,2357,1004.3,1357,1005.7,13.7,3.2,1000,2.46,13.94,,,,,,6.9,1.8,27.9,19.3,,,,,,,,,,2.6,3.7,,{박무}0530-{박무}{강도0}0600-0610. {비}1350-1420. {비}1430-{비}{강도0}1500-1740. {비}1805-2240.,
143,대구,2025-08-12,22.8,20.2,0230,24.4,1201,1.3,1524,3.7,1451,8.43,5.9,5.0,140,1415,3.8,110,1424,1.6,1348,110,21.0,79,1115,90.5,25.0,1005.3,1014.1,2304,1007.2,0003,1011.5,13.6,0.0,0900,1.08,6.39,,,,,,10.0,6.5,25.2,20.5,,,,,,,,,,1.3,1.9,,{비}0102-{비}{강도0}0300-0310. {박무}0150-{박무}{강도0}0300-0320. {비}1125-{비}{강도0}1200-{비}{강도0}1500-1635. {박무}1255-1315. {박무}1345-1410. {박무}1445-{박무}{강도0}1500-1635. {비}1840-1858. {비}2240-2330. {박무}2310-{박무}{강도0}2400-,
143,대구,2025-08-13,27.5,23.3,0001,32.1,1510,,,,,,,4.3,230,1528,2.5,230,1529,0.9,805,160,23.1,58,1522,78.4,28.3,1007.7,1015.1,2348,1012.4,1637,1013.9,13.6,3.2,1100,2.26,15.37,,,,,,8.5,5.1,30.7,23.3,,,,,,,,,,3.1,4.5,,-{박무}-{박무}{강도0}0300-{박무}{강도0}0600-0750.,
143,대구,2025-08-14,29.8,24.1,0607,35.0,1601,,,,,,,5.5,270,1019,3.5,270,1025,1.5,1305,290,22.3,43,1454,66.8,26.9,1008.5,1015.6,0713,1012.8,1723,1014.6,13.6,9.3,1100,3.06,21.59,,,,,,4.4,2.1,33.4,22.5,,,,,,,,,,4.6,6.6,,,
143,대구,2025-08-15,29.5,24.8,0506,34.6,1706,,,,,,,5.0,290,1029,2.9,290,1031,1.2,1006,320,22.8,47,1700,69.1,27.7,1008.3,1016.2,0746,1012.4,1751,1014.4,13.5,7.7,1200,2.39,19.81,,,,,,3.8,2.6,32.8,23.1,,,,,,,,,,4.1,5.8,,,
143,대구,2025-08-16,29.7,25.5,0601,34.6,1630,,,,,,,4.1,290,1552,2.7,290,1606,1.1,948,290,22.7,46,1344,68.1,27.7,1006.8,1014.3,0837,1011.0,1828,1012.9,13.5,10.2,1100,2.81,21.7,,,,,,3.5,3.0,34.0,23.8,,,,,,,,,,4.4,6.3,,,
143,대구,2025-08-17,28.8,23.9,0607,34.0,1549,,,,,,,6.3,290,1226,3.7,270,1233,1.5,1263,270,21.4,45,1501,66.6,25.5,1007.9,1015.3,0935,1012.6,0129,1014.1,13.5,12.0,1200,3.38,25.45,,,,,,2.8,1.6,35.4,22.0,,,,,,,,,,5.1,7.3,,,
143,대구,2025-08-18,29.5,24.9,0453,34.8,1528,,,,,,,4.9,250,1751,2.9,290,1428,1.1,941,270,21.8,44,1424,65.1,26.2,1007.8,1016.0,0714,1011.5,1739,1013.9,13.4,5.3,1200,3.09,18.98,,,,,,6.8,3.8,33.5,22.7,,,,,,,,,,4.1,5.9,,,
143,대구,2025-08-19,30.8,26.9,0505,34.7,1337,,,,,,,4.9,230,1827,3.2,270,1401,1.5,1273,250,22.4,44,1159,63.1,27.2,1005.2,1013.5,0710,1008.7,1747,1011.3,13.4,7.3,1100,3.25,20.11,,,,,,4.4,2.9,34.8,25.7,,,,,,,,,,4.5,6.4,,,
143,대구,2025-08-20,30.4,26.5,0611,35.7,1650,,,,,,,5.1,270,1404,3.1,320,0241,1.5,1323,320,22.6,39,1341,64.8,27.4,1003.6,1011.7,0727,1007.1,1717,1009.7,13.4,9.2,1300,3.23,22.23,,,,,,3.4,3.0,36.2,26.0,,,,,,,,,,4.8,6.8,,,
143,대구,2025-08-21,30.1,26.5,0602,35.5,1449,,,,,,,4.2,90,2019,2.7,110,1957,1.3,1128,320,22.4,44,1455,65.3,27.1,1003.7,1011.2,0339,1007.6,1653,1009.8,13.3,8.6,1000,2.72,19.57,,,,,,3.4,3.4,36.6,25.7,,,,,,,,,,4.1,5.9,,を(SW)1630-ん(S)1710-1730.,
143,대구,2025-08-22,30.0,25.1,0534,36.3,1502,,,,,,,4.7,290,1625,3.3,290,1633,1.3,1131,320,22.8,42,1503,67.9,27.8,1002.5,1010.2,0649,1006.2,1512,1008.6,13.3,8.2,1000,2.74,19.62,,,,,,4.5,1.9,36.3,23.7,,,,,,,,,,4.3,6.1,,,
143,대구,2025-08-23,30.8,25.4,0545,37.2,1522,,,,,,,5.0,250,1040,3.3,270,1041,1.3,1085,320,21.2,32,1516,60.0,25.3,1003.7,1011.3,2329,1008.0,1455,1009.8,13.3,12.3,1200,3.27,25.23,,,,,,1.0,0.1,37.4,23.3,,,,,,,,,,5.4,7.8,,,
143,대구,2025-08-24,31.0,25.8,0539,35.6,1752,,,,,,,3.5,180,1918,2.3,290,2308,0.9,810,50,22.7,45,1700,63.3,27.6,1004.9,1012.5,0804,1009.1,1739,1011.0,13.2,8.1,1000,2.76,15.91,,,,,,2.6,1.3,34.8,23.8,,,,,,,,,,3.5,5.0,,,
143,대구,2025-08-25,30.8,26.8,0608,36.9,1423,,,,,,,5.4,250,1554,3.5,250,1600,1.6,1372,340,23.1,37,1401,65.6,28.3,1004.0,1012.2,0748,1007.4,1629,1010.1,13.2,9.6,1300,3.22,22.47,,,,,,3.1,2.6,37.7,26.1,,,,,,,,,,5.1,7.2,,,
143,대구,2025-08-26,28.9,26.2,2356,34.3,1335,0.0,,0.0,,0.67,0.0,10.2,250,1447,5.5,270,0847,2.0,1759,250,21.6,45,1311,65.8,25.8,1002.8,1010.3,2303,1006.7,1415,1008.9,13.2,5.0,1100,2.54,15.68,,,,,,5.9,2.8,32.7,24.5,,,,,,,,,,3.9,5.6,,{비}1440-{비}{강도0}1500-1520.,
143,대구,2025-08-27,28.3,23.4,0544,35.6,1443,,,,,,,8.2,90,2009,4.9,90,1840,1.9,1678,110,20.5,31,1449,65.8,24.3,1005.0,1013.9,2319,1009.1,1455,1011.2,13.1,9.3,1300,3.34,22.19,,,,,,4.6,3.1,36.2,20.7,,,,,,,,,,4.9,6.9,,,
143,대구,2025-08-28,28.3,24.0,0556,34.9,1545,,,,,,,5.0,140,0345,3.2,110,0003,1.7,1474,160,21.0,37,1559,66.5,24.9,1006.8,1014.6,0732,1010.8,1543,1012.9,13.1,5.9,1100,3.15,18.95,,,,,,7.3,3.8,34.2,23.4,,,,,,,,,,4.1,5.9,,,
143,대구,2025-08-29,30.6,25.6,0343,36.3,1607,,,,,,,4.9,290,1301,3.1,250,1538,1.4,1246,290,21.6,38,1538,61.4,25.9,1007.3,1014.6,2348,1011.6,1732,1013.3,13.1,9.5,1100,3.02,20.5,,,,,,3.4,1.0,36.2,23.5,,,,,,,,,,4.6,6.6,,,
143,대구,2025-08-30,31.0,25.2,0605,36.7,1502,,,,,,,3.7,270,1325,2.3,290,1505,1.0,896,290,20.1,30,1428,55.5,23.7,1007.2,1015.6,0636,1011.1,1719,1013.3,13.0,11.8,1200,3.23,24.02,,,,,,2.1,1.0,38.0,23.3,,,,,,,,,,5.1,7.2,,,
143,대구,2025-08-31,27.8,25.1,2217,33.8,1227,0.7,1733,2.2,1703,4.67,2.9,6.6,180,1356,3.5,160,1358,1.1,982,140,22.6,46,1158,75.5,27.5,1004.5,1012.9,0555,1008.9,2338,1010.6,13.0,3.8,1200,2.42,12.79,,,,,,6.5,2.4,32.4,24.1,,,,,,,,,,2.8,4.0,,{비}1335-1405. {비}1415-{비}{강도0}1500-1611. {비}1635-{비}{강도0}1800-1810. {박무}1640-{박무}{강도0}1800-1805. {비}1820-1825. {비}1920-1954.,
143,대구,2025-09-01,27.9,24.6,0416,32.5,1411,8.1,355,11.2,347,2.3,11.7,5.6,230,1421,2.9,230,1423,1.3,1113,140,23.1,54,1416,76.4,28.2,1001.0,1009.0,0004,1005.2,1511,1007.1,12.9,4.4,1300,2.17,14.3,,,,,,7.8,4.0,30.1,24.2,,,,,,,,,,2.8,3.9,,{비}0205-{비}{강도0}0300-0325. {비}0347-0445. {박무}0348-0416.,
143,대구,2025-09-02,27.4,24.8,0546,31.4,1315,0.0,,0.0,,1.45,0.0,6.2,110,2138,4.4,110,2141,1.4,1241,290,21.8,47,1605,72.8,26.2,1002.9,1011.9,2248,1007.0,0248,1009.0,12.9,3.5,1100,1.82,12.05,,,,,,6.8,4.0,28.6,23.9,,,,,,,,,,2.8,4.0,,{비}0840-{비}{강도0}0900-0955. {비}1103-1115.,
143,대구,2025-09-03,27.0,23.2,0552,32.2,1542,,,,,,,7.7,110,1806,4.8,90,1806,2.5,2147,110,21.0,49,1428,71.4,24.9,1005.3,1012.7,0902,1009.0,1531,1011.5,12.9,9.3,1200,2.86,21.25,,,,,,4.1,3.3,30.7,22.8,,,,,,,,,,4.6,6.6,,{박무}0326- {박무}{강도0}0600-0835.,
143,대구,2025-09-04,27.5,23.9,0326,33.0,1304,0.2,,0.4,1746,2.08,0.4,7.2,110,1656,4.4,90,1654,2.4,2055,140,22.0,48,1323,73.3,26.5,1003.3,1012.4,0002,1006.5,1530,1009.5,12.8,5.7,1200,3.01,18.11,,,,,,5.6,4.4,31.2,23.2,,,,,,,,,,3.9,5.6,,{소나기}1730-{소나기}{강도0}1800-1935.,
143,대구,2025-09-05,27.4,23.3,2211,33.6,1500,2.4,1940,7.3,1909,3.8,12.6,6.9,110,1751,4.3,110,1821,1.5,1315,110,21.2,43,1501,71.6,25.2,1004.3,1012.5,2137,1008.5,1518,1010.4,12.8,8.3,1100,3.2,20.92,,,,,,7.0,5.9,32.4,22.6,,,,,,,,,,4.3,6.2,,{비}0355-0425. {소나기}1750-{소나기}{강도0}1800-1835. {소나기}1902-2030. {소나기}2120-2225.,
143,대구,2025-09-06,28.4,23.0,0500,34.1,1509,0.0,,0.0,,0.17,0.0,6.5,270,1652,3.8,250,1655,1.5,1255,250,22.0,48,1336,70.3,26.4,1002.8,1012.1,0001,1006.5,1631,1008.9,12.8,9.1,1200,2.93,21.12,,,,,,3.8,2.6,30.4,22.2,,,,,,,,,,4.2,6.0,,{비}0205-0215.,
143,대구,2025-09-07,26.7,24.7,0833,29.1,1708,0.9,621,2.1,557,8.08,5.5,6.2,250,0204,3.4,270,0159,1.6,1363,320,23.1,66,0307,81.6,28.3,1001.6,1009.7,2349,1006.2,0101,1007.7,12.7,0.1,1100,1.07,5.48,,,,,,9.5,3.9,27.3,24.5,,,,,,,,,,1.5,2.1,,{비}0450-{비}{강도0}0600-{비}{강도0}0900-1055. {비}1220-1420.,
143,대구,2025-09-08,23.5,19.1,2313,27.9,1249,1.5,2330,3.4,2032,3.75,8.1,5.3,250,2037,3.0,290,1459,1.4,1185,320,17.6,48,1230,71.6,20.3,1004.6,1012.8,2152,1009.5,0227,1010.8,12.7,2.0,1000,1.86,10.63,,,,,,8.4,4.5,25.5,18.7,,,,,,,,,,2.1,3.1,,{비}1605-1650. {비}2015-{비}{강도0}2100-2210. {비}2245-2315. {비}2325-{비}{강도0}2400-,
143,대구,2025-09-09,19.6,18.0,0613,21.6,1259,4.1,1919,12.2,1844,18.25,61.8,5.4,270,0426,3.4,110,0927,0.9,782,50,18.2,80,1227,91.9,20.9,1006.8,1014.8,0704,1011.7,0024,1013.2,12.7,0.0,1200,1.0,3.89,,,,,,10.0,5.8,22.0,17.5,,,,,,,,,,0.8,1.1,,-{비}-0015. {비}0130-{비}{강도0}0300-0345. {박무}0145-0220. {비}0405-0445. {박무}0413-0445. {비}0505-{비}{강도0}0600-0730. {박무}0620-0650. {비}0940-1155. {박무}1050-1105. {비}1250-{비}{강도0}1500-1720. {박무}1410-{박무}{강도1}1500-1630. {비}1755-{비}{강도0}1800-{비}{강도1}2100-2320. {박무}1840-{박무}{강도0}2100-2315. {비}2330-{비}{강도0}2400- {박무}2350-{박무}{강도0}2400-,
143,대구,2025-09-10,22.2,19.6,0031,26.3,1547,3.5,31,6.3,8,6.83,13.1,3.9,110,2112,2.8,110,2116,0.9,757,140,19.5,69,1339,85.6,22.7,1006.7,1014.9,2248,1011.7,1338,1013.0,12.6,0.3,1200,1.36,8.18,,,,,,7.0,5.4,24.0,18.0,,,,,,,,,,1.7,2.5,,-{박무}-0145. {박무}0230-{박무}{강도0}0300-0510. -{비}-{비}{강도0}0300-{비}{강도0}0600-0650.,
143,대구,2025-09-11,23.2,18.2,0450,28.2,1314,,,,,,,8.8,110,1556,5.3,110,1702,1.9,1668,110,17.9,55,1436,73.9,20.6,1009.7,1017.6,0901,1014.6,0017,1016.0,12.6,8.0,1300,2.94,18.31,,,,,,4.6,2.8,24.5,16.0,,,,,,,,,,3.0,4.3,,{박무}0325-0455. {달코로나}0450-0500.,
143,대구,2025-09-12,23.3,21.4,0525,26.4,1109,0.4,1452,0.4,1415,5.25,0.5,8.0,90,1045,4.6,110,1022,1.9,1607,110,19.9,68,1055,82.0,23.3,1007.2,1016.3,0008,1009.4,2400,1013.4,12.5,0.7,1000,1.65,6.44,,,,,,9.9,6.6,23.9,19.9,,,,,,,,,,1.5,2.1,,{비}1415-{비}{강도0}1500-1555. {비}1650-{비}{강도0}1800-1820. {비}1905-1955. {비}2055-{비}{강도0}2100-2110. {비}2120-2130. {비}2155-2245.,
143,대구,2025-09-13,25.0,22.1,2256,31.6,1459,1.5,819,5.3,749,6.0,10.0,10.4,110,2124,6.0,110,2325,2.4,2068,110,21.5,60,1503,82.4,25.8,1000.7,1010.3,2231,1004.4,1248,1006.9,12.5,1.8,1100,1.99,9.58,,,,,,9.3,7.0,25.6,21.1,,,,,,,,,,2.4,3.4,,{비}0205-0230. {박무}0210-{박무}{강도0}0300-{박무}{강도0}0600-{박무}{강도1}0900-1040. {비}0520-{비}{강도0}0600-{비}{강도1}0900-0950. {비}1045-1055. {해코로나}1235-1255. {비}1410-1420. を(N)1510-1540. {비}2230-2315.,
143,대구,2025-09-14,24.0,20.6,0439,28.7,1647,0.9,119,1.5,108,2.58,1.7,9.1,110,0035,5.6,110,0045,1.8,1586,110,19.8,55,1448,78.4,23.1,1005.6,1013.7,2258,1009.9,0001,1011.9,12.5,2.4,1300,3.11,15.34,,,,,,9.1,7.3,26.1,20.1,,,,,,,,,,3.0,4.2,,{비}0050-{비}{강도0}0300-0325.,
143,대구,2025-09-15,25.9,22.1,0604,29.7,1251,0.0,,0.0,,1.58,0.0,3.0,230,1449,2.2,320,2017,0.9,818,320,21.2,55,1119,76.6,25.2,1008.9,1016.3,0859,1013.6,1610,1015.1,12.4,3.4,1000,2.57,12.86,,,,,,6.6,4.5,26.9,21.3,,,,,,,,,,2.4,3.4,,{비}1345-{비}{강도0}1500-1510. {비}1530-1540.,
143,대구,2025-09-16,27.5,22.9,0405,34.0,1533,,,,,,,5.7,270,1541,3.4,250,1542,1.1,983,290,22.2,47,1629,74.9,26.8,1006.1,1015.7,0001,1009.0,1651,1012.3,12.4,8.2,1100,2.76,19.28,,,,,,3.8,3.1,28.8,21.3,,,,,,,,,,4.0,5.7,,{박무}0810-{박무}{강도0}0900-0950. {박무}1015-1050.,
143,대구,2025-09-17,25.8,23.4,2037,33.4,1325,4.1,1421,6.6,1402,4.38,6.6,10.3,270,1431,5.6,270,1424,1.3,1109,270,21.8,47,1158,80.6,26.2,1003.9,1011.7,0725,1007.5,1406,1010.1,12.4,6.1,1100,2.65,14.37,,,,,,7.4,4.3,26.9,22.3,,,,,,,,,,2.9,4.2,,{비}1402-{비}{강도1}1500-{비}{강도0}1800-1825. {무지개}1820-1835.,
143,대구,2025-09-18,21.9,19.9,2354,23.8,0030,,,,,,,9.6,110,1342,6.3,110,1334,3.1,2679,110,16.4,53,1607,71.6,18.9,1009.5,1019.3,2045,1010.3,0148,1015.9,12.3,0.7,1300,1.56,10.35,,,,,,7.9,4.6,23.6,19.0,,,,,,,,,,2.5,3.6,,,
143,대구,2025-09-19,21.6,19.8,0242,24.4,1307,,,,,,,7.9,90,1201,5.3,90,1132,2.7,2332,110,15.2,52,1300,67.5,17.3,1010.4,1020.1,0743,1012.4,2358,1016.8,12.3,1.8,1200,2.7,11.64,,,,,,9.3,4.8,22.9,18.6,,,,,,,,,,2.7,3.8,,,
143,대구,2025-09-20,21.7,18.7,2354,27.0,1435,3.8,824,7.8,805,4.08,8.9,8.6,290,1543,4.7,290,1517,2.1,1857,290,17.5,55,1551,78.4,20.1,1002.6,1013.0,2357,1005.1,0804,1008.9,12.2,3.6,1500,2.14,11.97,,,,,,6.1,3.6,22.7,16.4,,,,,,,,,,2.5,3.6,,{비}0040-0055. {비}0125-0150. {비}0350-0435. {박무}0415-0425. {비}0620-0705. {박무}0630-{박무}{강도0}0900-0910. {비}0715-0730. {비}0750-{비}{강도1}0900-0930.,
143,대구,2025-09-21,20.5,17.0,0541,25.6,1324,,,,,,,8.1,110,1505,5.6,110,1521,2.4,2049,110,15.0,46,1401,73.1,17.1,1010.8,1021.3,2333,1012.9,0004,1017.1,12.2,7.8,1300,2.65,18.64,,,,,,4.9,2.5,22.3,14.5,,,,,,,,,,3.9,5.6,,,
143,대구,2025-09-22,20.0,16.0,0612,24.8,1315,,,,,,,9.6,90,1435,6.3,90,1417,2.3,1979,90,14.0,42,1412,70.3,16.1,1014.5,1022.1,0634,1019.4,1451,1020.9,12.2,3.0,1200,2.26,13.0,,,,,,6.8,2.0,21.5,13.2,,,,,,,,,,2.9,4.2,,,
143,대구,2025-09-23,21.2,16.9,0506,25.9,1339,0.0,,0.0,,0.83,0.0,9.7,110,1325,5.9,90,1736,2.5,2196,110,14.1,41,1539,65.8,16.1,1013.1,1021.5,0001,1017.6,1548,1019.5,12.1,8.5,1200,3.0,20.03,,,,,,5.8,4.8,23.7,15.3,,,,,,,,,,4.2,6.0,,{비}0340-0430.,
143,대구,2025-09-24,23.9,20.6,0624,27.9,1504,,,,,,,4.5,160,0212,2.9,140,0044,1.1,952,340,19.3,60,1438,75.8,22.5,1008.7,1018.3,0001,1012.5,1634,1014.9,12.1,0.6,1300,1.71,9.08,,,,,,9.4,5.5,25.4,20.4,,,,,,,,,,1.7,2.5,,{햇무리}1300-1452.,
143,대구,2025-09-25,23.9,22.8,0733,26.4,1432,3.8,714,6.6,629,7.25,8.1,5.5,270,1546,2.8,250,1553,1.0,848,290,21.4,72,1434,86.5,25.5,1010.9,1019.1,0953,1014.9,0008,1017.2,12.0,0.0,1300,1.17,6.09,,,,,,9.3,5.1,24.7,21.1,,,,,,,,,,1.4,2.0,,{박무}0515-0525. {비}0520-0535. {비}0550-{비}{강도0}0600-{비}{강도0}0900-1130. {박무}0620-0725. {박무}0745-0810. {비}1450-{비}{강도0}1500-1510. {비}1535-1615. {비}2330-2350.,
143,대구,2025-09-26,23.0,19.8,0627,28.1,1541,,,,,,,4.8,140,2237,2.9,270,0036,1.5,1329,110,16.4,41,1426,68.5,18.8,1012.3,1020.2,0821,1016.6,1557,1018.6,12.0,9.0,1100,2.63,18.23,,,,,,6.3,0.6,25.1,16.3,,,,,,,,,,3.6,5.1,,,
143,대구,2025-09-27,22.9,18.9,0547,27.5,1455,,,,,,,7.0,110,0923,4.8,110,0931,2.4,2073,90,16.9,48,1344,70.4,19.2,1011.3,1019.6,0737,1015.7,2354,1017.6,12.0,7.7,1200,2.43,17.04,,,,,,7.5,3.6,24.7,18.2,,,,,,,,,,3.3,4.7,,,
143,대구,2025-09-28,21.7,20.4,0540,25.0,1541,0.6,1130,0.9,1104,4.6,1.8,5.9,290,1546,3.3,320,1731,1.7,1495,270,18.7,71,1016,83.4,21.6,1004.5,1015.7,0001,1006.9,1535,1010.8,11.9,0.0,1000,0.94,5.46,,,,,,9.4,6.4,23.2,18.9,,,,,,,,,,1.5,2.2,,{비}0705-0715. {비}0955-1040. {비}1104-1145. {비}1220-1230. {비}1310-1325. {비}1630-1710. {비}1755-{비}{강도0}1800-1950.,
143,대구,2025-09-29,22.0,18.6,2305,27.1,1404,,,,,,,6.3,110,2111,3.9,110,1736,2.3,1944,290,14.9,40,1631,65.5,17.0,1005.8,1014.2,2216,1010.5,0038,1012.1,11.9,7.9,1200,3.03,18.2,,,,,,5.6,3.4,24.1,16.4,,,,,,,,,,3.6,5.2,,,
143,대구,2025-09-30,20.6,15.8,0442,26.4,1633,,,,,,,4.9,290,1551,3.1,290,1606,1.2,1034,110,15.7,47,1648,74.9,17.8,1006.4,1015.0,0819,1010.3,1708,1012.7,11.9,6.6,1000,2.34,14.25,,,,,,5.8,2.6,22.9,13.3,,,,,,,,,,2.5,3.6,,,
143,대구,2025-10-01,21.5,16.7,0631,27.7,1450,,,,,,,5.4,290,1516,3.4,290,1521,1.3,1152,70,14.0,31,1450,65.9,16.1,1007.2,1015.8,2135,1011.3,1445,1013.5,11.8,10.7,1100,2.69,18.8,,,,,,1.8,0.4,23.7,12.9,,,,,,,,,,3.8,5.4,,{박무}0230-0250. {박무}0345-0415. {박무}0505-0545.,
143,대구,2025-10-02,20.7,16.8,0434,25.0,1410,,,,,,,5.1,110,1933,3.4,110,1939,1.3,1125,110,15.5,48,1408,73.1,17.6,1011.3,1019.6,2325,1015.3,0328,1017.6,11.8,1.5,1300,1.95,9.31,,,,,,9.3,5.4,22.5,14.2,,,,,,,,,,1.8,2.6,,,
143,대구,2025-10-03,19.2,18.8,1620,20.7,0001,1.4,1930,2.6,1916,23.6,15.9,5.2,90,1543,3.5,110,1544,1.6,1391,140,18.1,82,0001,93.4,20.7,1010.5,1019.3,0820,1014.3,2400,1016.9,11.8,0.0,1100,0.71,4.46,,,,,,10.0,6.4,21.2,18.7,,,,,,,,,,0.8,1.2,,{비}0004-{비}{강도0}0300-{비}{강도0}0600-0625. {박무}0010-{박무}{강도1}0300-{박무}{강도0}0600-{박무}{강도0}0900-0940. {비}0645-{비}{강도0}0900-{비}{강도0}1200-{비}{강도0}1500-{비}{강도0}1800-{비}{강도0}2100-{비}{강도0}2400- {박무}1230-{박무}{강도0}1500-1510. {박무}1605-1630. {박무}1750-{박무}{강도0}1800-1810. {박무}1920-2040. {박무}2110-{박무}{강도0}2400-,
143,대구,2025-10-04,21.1,19.0,0500,24.1,1415,0.3,906,0.8,816,3.67,1.6,7.0,140,1857,4.7,110,1857,1.8,1520,140,18.7,75,1520,86.8,21.6,1007.4,1014.8,2138,1012.3,1443,1013.7,11.7,0.2,1200,2.09,9.25,,,,,,9.8,8.8,22.7,18.9,,,,,,,,,,1.9,2.7,,-{비}-0015. -{박무}-0030. {박무}0150-0245. {박무}0350-0450. {비}0650-{비}{강도0}0900-1015. {박무}0650-{박무}{강도0}0900-1010.,
143,대구,2025-10-05,22.2,19.9,0637,26.5,1302,0.1,,0.2,,1.08,0.2,6.0,140,2043,3.5,140,2032,1.6,1397,110,19.0,61,1337,83.3,21.9,1007.8,1015.7,0926,1012.0,1448,1014.1,11.7,1.6,1200,2.33,10.38,,,,,,9.3,7.0,23.9,19.4,,,,,,,,,,1.8,2.6,,{비}1555-1610. {비}2310-{비}{강도0}2400- {박무}2320-{박무}{강도0}2400-,
143,대구,2025-10-06,19.9,18.7,2239,20.5,0001,0.4,1239,0.8,1225,14.5,3.2,6.9,110,2012,4.0,110,1248,2.3,2021,140,18.7,85,1226,92.9,21.6,1009.7,1017.3,0938,1014.4,0350,1016.0,11.6,0.0,1000,0.61,3.12,,,,,,10.0,7.4,21.6,18.7,,,,,,,,,,0.8,1.1,,-{비}-{비}{강도0}0300-0415. -{박무}-{박무}{강도0}0300-0340. {비}0440-{비}{강도0}0600-0620. {비}0655-0705. {비}0820-0835. {비}0905-1110. {비}1225-1330. {박무}1235-1310. {비}1405-1440. {비}1935-{비}{강도0}2100-{비}{강도0}2400- {박무}2140-2240. {박무}2320-2340.,
143,대구,2025-10-07,20.7,18.6,0046,22.2,1332,1.0,255,2.5,242,10.13,8.5,5.6,110,1249,3.5,110,1251,1.9,1666,140,18.9,83,1015,90.1,21.9,1008.8,1016.6,0002,1013.5,1604,1015.2,11.6,0.0,1400,0.5,3.38,,,,,,9.5,8.1,21.7,18.7,,,,,,,,,,0.8,1.1,,{박무}0030-{박무}{강도1}0300-0330. -{비}-{비}{강도0}0300-0550. {박무}0430-0450. {비}0625-0720. {비}1030-1135. {비}1255-1258. {비}1350-1425. {비}1455-{비}{강도0}1500-1635. {박무}1535-1605.,
143,대구,2025-10-08,21.6,20.0,0646,24.4,1211,,,,,,,7.1,110,1855,4.3,90,1542,1.8,1538,110,18.1,64,1233,81.5,20.8,1010.0,1018.1,2318,1014.7,0301,1016.2,11.6,0.7,1400,1.41,7.6,,,,,,9.0,8.4,22.9,19.8,,,,,,,,,,1.7,2.4,,,
143,대구,2025-10-09,20.0,17.5,2248,23.5,1400,0.0,,0.0,,0.67,0.0,9.5,110,1237,5.9,90,1210,2.5,2187,90,14.6,51,1456,71.3,16.7,1013.5,1021.1,2254,1017.9,0308,1019.9,11.5,3.9,1200,2.43,12.68,,,,,,7.1,7.0,21.4,15.9,,,,,,,,,,3.0,4.2,,{비}0240-0250. {비}0750-0820. {해코로나}1230-1240. {해코로나}1550-1620.,
143,대구,2025-10-10,20.8,16.9,0420,25.3,1421,0.0,,0.0,,0.75,0.0,6.4,110,1906,4.0,90,1847,2.0,1727,110,15.2,52,1430,71.5,17.3,1011.8,1020.7,0002,1016.1,1453,1018.1,11.5,4.7,1200,2.85,14.54,,,,,,7.4,5.0,22.5,14.5,,,,,,,,,,3.1,4.4,,{비}1855-1940.,
143,대구,2025-10-11,22.9,17.5,0638,29.8,1608,,,,,,,4.2,270,1313,2.5,340,1317,1.0,832,290,16.8,43,1402,70.8,19.2,1006.4,1017.1,0001,1009.6,1541,1012.7,11.4,10.6,1200,2.54,17.2,,,,,,0.6,0.3,23.8,15.3,,,,,,,,,,3.1,4.4,,,
143,대구,2025-10-12,19.3,17.5,1851,23.7,1053,0.9,1416,1.7,1858,4.27,3.2,8.7,90,1236,5.7,110,1239,2.3,2002,110,17.2,71,1300,88.6,19.7,1007.0,1016.3,2245,1010.3,0327,1013.3,11.4,0.7,1000,1.61,6.49,,,,,,7.5,5.6,20.7,16.9,,,,,,,,,,1.4,1.9,,{비}1405-1440. {비}1735-{비}{강도0}1800-2016. {박무}1815-1835. {박무}1920-1950. {비}2250-2350.,
143,대구,2025-10-13,18.3,16.3,2301,19.7,1103,1.0,2243,2.1,2218,5.0,2.2,10.2,110,1904,6.5,110,1906,2.6,2255,140,16.4,83,1134,88.9,18.6,1008.9,1016.3,1020,1014.2,1447,1015.3,11.4,0.0,1300,0.36,1.85,,,,,,9.6,6.8,19.6,16.3,,,,,,,,,,0.8,1.1,,{비}1220-1330. {비}1610-1650. {비}1755-{비}{강도0}1800-1810. {비}1845-1855. {비}2105-2115. {비}2125-{비}{강도0}2400- {박무}2245-2255. {박무}2305-2315.,
143,대구,2025-10-14,18.1,16.4,0002,19.6,1610,4.9,440,12.8,357,10.58,50.0,6.2,140,0039,4.2,110,0016,1.5,1293,140,16.7,84,1552,92.4,19.1,1010.8,1020.6,2254,1014.0,0146,1017.2,11.3,0.0,1300,0.61,3.23,,,,,,9.6,6.4,19.3,16.4,,,,,,,,,,0.8,1.1,,{박무}0205-0240. -{비}-{비}{강도1}0300-{비}{강도1}0600-{비}{강도1}0900-0945. {박무}0310-{박무}{강도0}0600-0650. {박무}0730-0850. {박무}1230-1325. {비}1240-1330.,
143,대구,2025-10-15,19.5,15.2,0605,23.0,1205,0.0,,0.0,,0.75,0.0,8.5,90,1402,5.0,90,1327,2.1,1811,90,16.2,65,1234,82.3,18.5,1013.0,1022.0,0804,1016.0,2329,1019.3,11.3,2.8,1100,2.01,10.06,,,,,,6.8,4.9,20.1,11.8,,,,,,,,,,1.9,2.7,,{비}1305-1335. {비}1455-{비}{강도0}1500-1510.,
143,대구,2025-10-16,19.6,17.5,2358,23.7,1259,1.9,434,6.4,345,5.83,11.8,6.9,110,1627,4.5,110,1646,1.8,1569,110,17.1,69,1301,86.4,19.5,1011.7,1023.6,2247,1013.8,0503,1018.1,11.3,0.3,1200,1.6,6.16,,,,,,8.4,7.1,20.8,14.9,,,,,,,,,,1.4,2.0,,{비}0240-{비}{강도0}0300-{비}{강도0}0600-0740. {박무}0340-0515. {박무}0640-0720. {비}1440-1455. {비}1525-1550. {비}1705-1715.,
143,대구,2025-10-17,19.6,16.0,0519,23.4,1308,0.2,,0.3,2230,1.42,0.3,6.9,110,1554,4.6,90,1643,2.0,1701,110,15.3,59,1327,77.5,17.3,1014.6,1024.7,0819,1016.5,2351,1021.0,11.2,3.9,1300,1.86,10.77,,,,,,6.5,2.6,20.0,12.6,,,,,,,,,,2.0,2.8,,{비}2225-2350.,
143,대구,2025-10-18,18.5,16.8,2254,20.4,1455,0.8,928,1.3,843,5.53,2.7,7.5,140,1850,4.2,110,1852,1.9,1611,270,16.3,79,1427,87.1,18.5,1012.1,1023.4,2343,1014.2,0430,1018.5,11.2,0.0,1300,0.74,3.29,,,,,,9.9,7.4,19.5,16.4,,,,,,,,,,1.0,1.5,,{비}0040-0140. {박무}0810-{박무}{강도1}0900-0950. {비}0820-{비}{강도0}0900-0957. {비}1035-{비}{강도0}1200-1330.,
143,대구,2025-10-19,17.7,15.5,2336,20.4,1542,,,,,,,7.5,90,1029,4.7,90,1038,1.9,1674,110,13.3,62,1435,76.5,15.3,1016.1,1024.5,0829,1020.6,1339,1022.6,11.2,0.9,1300,1.4,8.29,,,,,,8.5,3.1,19.0,11.9,,,,,,,,,,1.8,2.5,,,
143,대구,2025-10-20,14.7,12.1,0700,19.1,1451,,,,,,,9.7,90,1604,6.4,110,1615,2.5,2156,140,8.7,52,1132,68.3,11.3,1018.8,1027.5,2201,1022.6,0001,1025.4,11.1,7.8,1100,2.3,14.48,,,,,,4.4,2.9,16.8,9.7,,,,,,,,,,2.3,3.3,,{해코로나}1120-1130.,
143,대구,2025-10-21,14.9,11.9,0028,18.1,1423,,,,,,,5.0,140,1903,3.2,110,1910,1.3,1113,140,10.7,60,1318,77.0,12.9,1020.5,1028.5,0828,1025.2,1421,1027.1,11.1,0.4,1000,1.6,7.86,,,,,,8.9,5.6,16.8,9.1,,,,,,,,,,1.4,2.0,,,
143,대구,2025-10-22,14.9,12.5,0643,17.8,1340,0.0,,0.0,,0.42,0.0,8.3,90,1202,5.2,90,1407,1.7,1490,90,11.6,68,1343,81.1,13.6,1020.8,1028.4,0952,1026.3,1358,1027.4,11.1,1.0,1300,1.27,7.44,,,,,,7.0,7.0,16.7,8.9,,,,,,,,,,1.4,1.9,,{비}0940-1005.,
143,대구,2025-10-23,15.5,12.2,0424,20.8,1422,,,,,,,6.9,70,1448,4.4,90,1639,1.5,1325,140,11.6,54,1426,79.5,13.7,1020.1,1028.1,0749,1024.4,1444,1026.6,11.0,5.8,1100,2.42,13.15,,,,,,4.8,3.6,17.0,8.8,,,,,,,,,,2.0,2.9,,,
143,대구,2025-10-24,15.2,11.2,0305,19.3,1435,,,,,,,8.3,90,1514,5.5,110,1428,1.9,1627,110,11.6,60,1439,80.3,13.6,1018.8,1027.9,0909,1023.4,1507,1025.3,11.0,3.7,1100,2.15,11.3,,,,,,6.4,4.8,16.5,7.1,,,,,,,,,,1.9,2.8,,{박무}0325-0520. {박무}0550-{박무}{강도0}0600-0750.,
143,대구,2025-10-25,16.7,13.0,0552,22.2,1416,,,,,,,4.4,320,1658,2.8,320,1652,1.1,936,290,11.7,45,1429,73.9,13.7,1013.8,1024.0,0001,1017.8,1603,1020.3,11.0,6.5,1200,2.37,13.33,,,,,,5.9,3.8,18.1,10.4,,,,,,,,,,2.5,3.6,,,
143,대구,2025-10-26,15.7,12.0,2359,19.5,1449,0.0,,0.0,,1.33,0.0,8.4,270,1512,5.5,270,1527,2.8,2446,270,6.3,29,1524,55.3,9.6,1010.5,1018.9,0007,1014.8,1510,1017.0,10.9,5.6,1200,2.38,11.72,,,,,,4.4,2.5,16.5,7.7,,,,,,,,,,3.0,4.3,,{비}0445-0505. {비}0540-{비}{강도0}0600-0640.,
143,대구,2025-10-27,11.2,8.0,2347,13.8,1350,,,,,,,11.9,320,1012,7.9,290,1013,3.4,2929,290,-2.3,15,1152,43.0,5.6,1013.7,1023.8,2340,1016.6,0355,1020.3,10.9,9.9,1200,2.57,16.47,,,,,,1.1,1.0,12.4,4.3,,,,,,,,,,4.0,5.8,,,
143,대구,2025-10-28,8.8,3.4,0647,14.8,1533,,,,,,,8.0,290,1151,4.6,270,1149,1.8,1546,290,-2.9,16,1410,50.4,5.1,1020.5,1029.9,2338,1023.8,0001,1027.2,10.8,10.3,1200,2.56,16.68,,,,,,0.0,0.0,11.5,-1.3,,,,,,,,,,3.2,4.5,,,
143,대구,2025-10-29,9.1,1.9,0654,17.1,1524,,,,,,,4.2,140,1452,3.0,90,1337,1.3,1095,90,1.5,26,1510,64.1,6.9,1022.7,1032.0,0818,1027.1,1552,1029.4,10.8,10.1,1200,2.41,15.64,,,,,,0.0,0.0,11.7,-1.1,,,,,,,,,,2.5,3.5,,,
143,대구,2025-10-30,10.4,4.1,0641,17.5,1436,,,,,,,3.7,290,1459,2.3,320,1559,1.0,829,110,5.2,34,1515,73.6,8.9,1019.0,1028.9,0808,1023.2,1411,1025.6,10.8,7.1,1000,2.08,12.01,,,,,,6.3,0.0,12.3,-0.5,,,,,,,,,,1.7,2.4,,{박무}0513-{박무}{강도0}0600-0602. {박무}0625-0650. {햇무리}1058-1537.,
143,대구,2025-10-31,11.7,6.4,0551,19.6,1536,,,,,,,6.1,110,1420,4.3,110,1420,1.1,953,110,7.1,44,1615,76.5,10.1,1010.1,1023.3,0001,1012.0,2358,1016.7,10.7,7.5,1200,2.35,13.09,,,,,,3.9,1.1,13.5,3.0,,,,,,,,,,2.1,3.0,,{박무}0410-0420. {박무}0550-{박무}{강도0}0600-0605. {박무}0635-0750.,
143,대구,2026-03-20,10.1,4.1,0729,17.5,1422,,,,,,,10.3,320,1428,6.5,270,1504,2.5,2119,290,-9.2,10,1423,26.9,3.2,1012.9,1022.9,2331,1017.0,1412,1019.5,12.1,10.1,1200,3.23,21.9,,,,,,2.5,0.0,10.9,-0.1,,,,,,,,,,5.1,7.3,,,
143,대구,2026-03-21,10.5,2.0,0645,19.3,1635,,,,,,,6.7,320,1330,3.8,270,1338,1.3,1145,320,-3.1,10,1452,45.3,5.0,1015.8,1025.2,0852,1019.6,1628,1022.4,12.2,11.3,1200,3.04,21.91,,,,,,0.8,0.0,11.8,-3.2,,,,,,,,,,4.2,6.0,,,
143,대구,2026-03-22,11.2,6.1,0553,19.4,1644,,,,,,,4.8,290,1414,2.9,250,1402,1.1,989,20,-1.4,8,1643,46.5,5.7,1011.9,1022.0,0302,1015.4,1702,1018.5,12.2,6.3,1300,2.86,14.95,,,,,,5.3,3.8,11.8,0.7,,,,,,,,,,2.9,4.2,,,
143,대구,2026-03-23,11.1,3.7,0626,19.5,1426,,,,,,,11.2,110,1632,7.8,110,1849,3.0,2558,110,-0.7,14,1111,47.9,5.9,1012.6,1022.2,2307,1016.9,1431,1019.2,12.2,11.4,1200,3.06,22.44,,,,,,1.0,0.0,12.9,-1.8,,,,,,,,,,4.6,6.5,,{연무}1915-{연무}{강도0}2100-{연무}{강도0}2400-,
143,대구,2026-03-24,11.4,3.9,0650,19.0,1516,,,,,,,7.1,140,2319,4.4,140,2323,2.2,1923,140,2.3,30,1427,57.0,7.2,1011.5,1022.3,0128,1014.4,1725,1018.1,12.3,7.7,1100,2.79,17.7,,,,,,6.8,4.0,13.4,-0.3,,,,,,,,,,3.2,4.6,,-{연무}-{연무}{강도0}0300-0355. {박무}0350-{박무}{강도1}0600-{박무}{강도1}0900-0910. {연무}0905-{연무}{강도0}1200-1310. {연무}1710-{연무}{강도0}1800-1835. {연무}1935-{연무}{강도0}2100-{연무}{강도0}2400-,
143,대구,2026-03-25,12.6,9.5,2359,18.4,1640,,,,,0.42,0.0,6.9,140,0112,4.1,140,0135,1.8,1557,110,3.9,36,1641,57.0,8.1,1007.0,1015.8,0003,1011.0,1612,1013.5,12.3,2.6,1500,1.52,9.25,,,,,,6.3,5.0,13.1,4.9,,,,,,,,,,1.8,2.6,,-{연무}-{연무}{강도0}0300-{연무}{강도0}0600-{연무}{강도0}0900-{연무}{강도0}1200-{연무}{강도0}1500-{연무}{강도0}1800-{연무}{강도0}2100-{연무}{강도0}2400- {비}0520-0545.,
143,대구,2026-03-26,14.0,5.0,0639,23.8,1542,,,,,,,7.8,290,1248,4.8,270,1247,1.8,1562,270,1.6,17,1703,51.1,7.0,1007.1,1016.4,0801,1010.3,1516,1013.6,12.4,10.5,1200,3.08,21.36,,,,,,1.1,0.0,15.1,0.3,,,,,,,,,,4.5,6.5,,{박무}0050-{박무}{강도0}0300-{박무}{강도1}0600-0855. -{연무}-0055. {연무}0850-{연무}{강도0}0900-1040.,
143,대구,2026-03-27,16.0,6.4,0602,24.8,1545,,,,,,,8.6,320,1745,4.7,290,2057,1.9,1649,270,1.3,19,1703,42.0,6.7,1005.7,1015.4,0757,1008.0,1636,1012.1,12.4,10.3,1200,2.8,19.48,,,,,,0.9,0.0,16.2,1.3,,,,,,,,,,5.2,7.4,,{연무}0030-{연무}{강도0}0300-{연무}{강도0}0600-0610. {박무}0605-0745. {연무}0740-{연무}{강도0}0900-{연무}{강도0}1200-1210. {연무}2115-{연무}{강도0}2400-,
143,대구,2026-03-28,15.5,10.5,2354,23.5,1451,,,,,,,9.3,110,1819,5.6,110,1820,2.9,2489,290,2.2,13,1500,46.0,7.4,1007.8,1017.1,2206,1011.5,1607,1014.3,12.4,11.0,1200,3.12,22.47,,,,,,2.3,0.9,18.0,8.9,,,,,,,,,,4.8,6.8,,-{연무}-{연무}{강도0}0300-{연무}{강도0}0600-{연무}{강도0}0900-0910. {연무}2050-{연무}{강도0}2100-{연무}{강도0}2400-,
143,대구,2026-03-29,14.5,7.2,0636,22.8,1558,,,,,,,6.7,180,1817,4.0,160,1823,1.7,1444,110,4.4,22,1704,55.5,8.4,1009.3,1018.0,0730,1012.7,1547,1015.8,12.5,8.7,1300,2.79,19.77,,,,,,4.3,1.1,17.6,5.4,,,,,,,,,,3.4,4.8,,{박무}0120-{박무}{강도0}0300-{박무}{강도0}0600-{박무}{강도0}0900-0930. -{연무}-0125. {연무}0925-{연무}{강도0}1200-1410.,
143,대구,2026-03-30,13.0,9.3,0331,19.3,1255,,,,,9.33,9.4,6.8,110,2230,4.4,110,2146,1.4,1239,110,6.9,35,1229,69.1,10.1,1006.5,1017.1,0832,1005.9,2351,1013.0,12.5,0.3,1100,1.71,7.66,,,,,,8.6,4.5,12.9,3.9,,,,,,,,,,1.5,2.2,,{연무}0855-{연무}{강도0}0900-1010. {비}1440-{비}{강도0}1500-{비}{강도0}1800-{비}{강도0}2100-{비}{강도0}2400- {연무}1450-{연무}{강도0}1500-1510. {박무}1710-{박무}{강도0}1800-{박무}{강도1}2100-{박무}{강도0}2400-,
143,대구,2026-03-31,12.9,10.4,0015,15.8,1326,,,,,8.5,17.3,7.9,90,1922,5.1,90,1925,2.6,2260,110,8.1,56,1151,74.1,10.8,1002.9,1014.7,2033,1002.4,0356,1009.4,12.5,0.4,0900,1.29,5.95,,,,,,9.4,7.4,13.3,10.1,,,,,,,,,,1.7,2.4,,-{비}-{비}{강도0}0300-{비}{강도0}0600-0830. -{박무}-{박무}{강도0}0300-{박무}{강도0}0600-0615.,
143,대구,2026-04-01,13.1,10.1,0410,17.0,1303,0.2,,0.2,,2.08,0.2,6.4,160,1014,3.9,140,1039,2.1,1776,140,8.1,52,1306,72.9,10.8,1006.2,1014.7,0648,1010.0,1633,1012.7,12.6,1.9,1200,2.14,10.9,,,,,,9.8,6.1,13.5,9.5,,,,,,,,,,2.2,3.1,,{비}2010-{비}{강도0}2100-2215.,
143,대구,2026-04-02,14.4,8.2,0554,20.7,1631,,,,,,,11.3,290,1451,6.6,270,1301,2.8,2391,290,-1.0,17,1451,38.3,5.8,1007.5,1016.6,2338,1011.4,1650,1014.0,12.6,11.7,1200,3.3,24.16,,,,,,0.0,0.0,14.6,4.5,,,,,,,,,,5.3,7.6,,{박무}0030-0125.,
143,대구,2026-04-03,15.0,6.7,0621,23.5,1512,0.3,2341,0.4,2257,1.25,0.4,8.1,200,1730,4.8,180,1731,1.7,1504,70,2.2,20,1512,46.6,7.3,1007.0,1017.3,0707,1010.2,2334,1013.5,12.6,6.5,1200,2.83,18.91,,,,,,7.1,3.5,15.6,2.6,,,,,,,,,,3.9,5.6,,{비}2245-{비}{강도0}2400- {박무}2320-{박무}{강도0}2400-,
143,대구,2026-04-04,14.0,10.7,0402,19.0,1538,2.0,905,7.3,856,12.08,36.3,10.4,270,1719,6.7,270,1721,2.5,2195,270,10.5,55,1739,81.6,12.7,994.1,1010.4,0001,995.5,0845,1000.5,12.7,2.4,1300,2.9,10.61,,,,,,6.9,5.1,14.5,8.6,,,,,,,,,,2.2,3.2,,-{비}-{비}{강도0}0300-{비}{강도1}0600-{비}{강도0}0900-{비}{강도0}1200-1205. -{박무}-{박무}{강도2}0300-{박무}{강도1}0600-{박무}{강도1}0900-1150.,
143,대구,2026-04-05,14.2,8.4,0634,20.9,1443,,,,,,,6.6,270,0215,4.5,270,0440,2.0,1730,270,2.6,19,1457,49.9,7.5,1001.3,1009.8,2352,1005.6,0001,1007.7,12.7,11.5,1300,3.02,22.75,,,,,,2.1,0.0,15.2,5.8,,,,,,,,,,3.9,5.5,,,
143,대구,2026-04-06,11.5,9.5,0425,14.1,1506,5.1,1358,5.9,1325,5.18,11.5,8.6,250,1140,5.1,290,2346,2.1,1798,270,6.8,36,2400,75.0,10.2,1003.2,1012.6,0851,1006.1,1501,1009.7,12.8,0.2,1000,0.97,4.75,,,,,,7.5,4.0,11.4,6.2,,,,,,,,,,2.1,3.0,,{비}0750-{비}{강도0}0900-0930. {박무}0840- {박무}{강도1}0900-{박무}{강도0}1200-{박무}{강도0}1500-1620. {비}1143-{비}{강도0}1200-1215. {비}1233-1255. {비}1325-{우박}(d 1.0)1352-{비}1354- ]{우박}[(d 1.0)(E 7)/대구시 신서동 일대/프레시안1355-1359.1420. {비}1435-1610. {비}1803-1810.,
143,대구,2026-04-07,10.4,6.2,0615,15.4,1622,,,,,,,10.4,290,0037,6.9,290,0044,3.4,2923,290,-8.5,15,1208,26.6,3.2,1008.5,1018.7,2356,1011.3,0001,1015.1,12.8,12.2,1200,3.5,26.29,,,,,,0.1,0.0,11.5,2.3,,,,,,,,,,5.5,7.8,,,
143,대구,2026-04-08,12.0,2.1,0609,20.9,1624,,,,,,,8.1,290,1322,4.3,270,1325,1.7,1502,290,-3.1,13,1513,39.8,4.9,1011.2,1021.4,0829,1014.4,1803,1017.7,12.8,12.2,1200,3.42,26.04,,,,,,1.6,0.0,13.4,-2.9,,,,,,,,,,5.1,7.3,,,
143,대구,2026-04-09,12.6,9.3,0314,15.4,1755,0.8,1321,1.6,1526,10.47,6.3,8.7,110,1535,4.2,110,1414,1.6,1406,110,8.3,51,0016,76.8,11.6,1000.4,1016.5,0056,998.5,2303,1006.9,12.9,0.0,1100,0.41,2.29,,,,,,9.8,7.1,11.3,5.4,,,,,,,,,,0.8,1.1,,{비}0630-0655. {비}1040-{비}{강도0}1200-1250. {박무}1110-{박무}{강도0}1200-1255. {비}1302-{비}{강도0}1500-{비}{강도0}1800-1935. {박무}1315-1340. {비}2040-{비}{강도0}2100-2135. {비}2335-{비}{강도0}2400-,
143,대구,2026-04-10,16.4,12.6,2352,20.9,1327,0.0,,0.0,,0.25,0.0,10.6,270,1643,6.0,270,0934,3.0,2551,290,10.4,47,1456,69.6,12.9,994.5,1007.4,2351,996.6,0541,1000.8,12.9,6.7,1300,3.28,17.33,,,,,,6.8,5.0,17.4,11.9,,,,,,,,,,3.9,5.6,,-{비}-0015. {박무}0035-{박무}{강도2}0300-{박무}{강도1}0600-0710.,
143,대구,2026-04-11,16.8,9.5,0619,24.9,1458,,,,,,,11.4,320,1809,6.2,270,1743,3.0,2588,290,4.3,25,1549,46.9,8.3,1004.1,1013.8,2358,1007.4,0002,1010.6,13.0,11.4,1200,3.3,24.26,,,,,,2.9,0.0,17.5,5.8,,,,,,,,,,5.6,8.0,,,
143,대구,2026-04-12,16.9,8.9,0615,23.3,1725,,,,,,,5.0,110,1010,3.0,90,1010,1.4,1195,50,1.8,16,1359,40.1,7.1,1008.2,1016.7,0916,1012.1,1725,1014.7,13.0,8.6,1000,2.85,19.86,,,,,,5.9,0.4,17.7,4.0,,,,,,,,,,4.1,5.8,,,
143,대구,2026-04-13,17.6,10.9,0652,24.3,1256,,,,,,,11.5,90,1618,7.3,110,1627,3.1,2671,110,4.4,21,1425,45.4,8.5,1008.6,1016.8,2138,1013.1,1437,1015.0,13.0,11.3,1200,3.38,25.57,,,,,,3.9,1.4,19.8,6.9,,,,,,,,,,6.5,9.3,,,
143,대구,2026-04-14,14.7,12.7,0600,17.5,1443,0.0,,0.0,,0.5,0.0,9.5,90,2007,6.1,140,1135,3.5,3013,110,7.7,46,1557,63.5,10.5,1007.2,1016.0,0005,1011.8,1857,1013.7,13.1,0.0,1000,1.56,9.39,,,,,,9.1,8.4,16.5,12.2,,,,,,,,,,2.5,3.5,,{비}1110-1120. {비}1305-1325.,
143,대구,2026-04-15,16.5,9.3,0626,27.3,1538,,,,,,,12.5,110,1805,8.0,110,1846,2.3,1982,110,6.2,19,1608,56.1,9.5,1005.9,1017.6,2346,1007.8,1549,1012.4,13.1,10.5,1200,3.32,24.09,,,,,,2.4,1.4,20.8,5.3,,,,,,,,,,5.3,7.5,,,
143,대구,2026-04-16,14.4,9.1,0548,20.2,1356,,,,,,,9.5,90,1425,6.4,140,1626,3.7,3208,110,4.3,26,1633,54.9,8.4,1012.7,1021.2,0931,1017.5,0007,1019.2,13.1,12.4,1200,3.48,27.05,,,,,,2.5,0.3,19.4,6.5,,,,,,,,,,5.1,7.3,,,
143,대구,2026-04-17,12.5,10.7,0206,14.4,1111,0.8,2250,2.4,2229,12.1,7.8,6.9,110,0012,5.1,110,0004,1.5,1319,160,9.2,62,1407,81.3,11.7,1009.8,1018.4,0119,1014.1,1557,1016.3,13.2,0.0,1000,0.95,5.67,,,,,,9.6,5.3,14.1,9.5,,,,,,,,,,1.0,1.5,,{비}0947-1035. {비}1052-{비}{강도0}1200-1220. {비}1410-{비}{강도0}1500-{비}{강도0}1800-{비}{강도0}2100-{비}{강도0}2400- {박무}1700-{박무}{강도0}1800-{박무}{강도1}2100-{박무}{강도1}2400-,
143,대구,2026-04-18,17.3,12.8,0001,23.5,1523,0.7,18,2.1,1,4.33,5.8,4.7,290,1220,2.9,290,1221,1.1,919,290,13.3,51,1720,79.8,15.3,1008.2,1016.8,0817,1012.5,1718,1014.6,13.2,5.3,1200,3.53,19.46,,,,,,8.1,3.4,19.0,12.6,,,,,,,,,,3.2,4.6,,-{비}-{비}{강도0}0300-0420. -{박무}-{박무}{강도1}0300-{박무}{강도0}0600-{박무}{강도0}0900-1125. {햇무리}1455-1730.,
143,대구,2026-04-19,19.4,13.6,0548,26.3,1404,,,,,,,6.7,110,1808,4.1,90,1810,1.6,1405,110,12.7,40,1424,68.4,14.7,1006.3,1014.9,0114,1010.1,1644,1012.6,13.2,6.2,1000,2.82,18.36,,,,,,7.0,2.0,20.3,11.8,,,,,,,,,,3.5,4.9,,{박무}0305-0345.,
143,대구,2026-04-20,17.2,10.3,2400,25.4,1241,0.0,,0.0,,1.0,0.0,12.4,320,1933,8.1,270,2338,2.8,2415,290,10.2,41,1237,65.4,12.7,1004.1,1016.1,2354,1007.0,1628,1010.5,13.3,5.7,1100,3.11,15.79,,,,,,4.1,2.9,19.0,9.1,,,,,,,,,,4.0,5.8,,{비}1350-1450.,
143,대구,2026-04-21,16.1,7.5,0600,24.3,1727,,,,,,,8.5,290,0013,5.9,290,0006,2.2,1929,270,-4.0,12,1522,27.8,4.7,1010.6,1020.6,0726,1013.6,1619,1017.0,13.3,11.4,1200,3.47,27.24,,,,,,4.8,0.0,18.8,4.0,,,,,,,,,,5.8,8.3,,{황사}0305-{황사}{강도0}0600-{황사}{강도0}0900-{황사}{강도0}1200-{황사}{강도0}1500-{황사}{강도0}1800-1950.,
143,대구,2026-04-22,15.5,12.4,2358,20.3,1429,0.0,,0.0,,1.5,0.0,6.9,290,1409,4.4,270,1409,1.6,1381,320,2.6,22,1419,43.9,7.4,1006.9,1016.9,0009,1010.8,1813,1013.3,13.3,0.7,1200,1.88,9.77,,,,,,9.3,5.3,16.5,10.0,,,,,,,,,,2.7,3.9,,{비}1540-1710.,
143,대구,2026-04-23,14.6,10.2,0541,20.9,1149,,,,,,,11.8,90,1613,6.7,90,1226,3.0,2634,140,4.5,31,1153,52.8,8.5,1004.0,1014.9,2348,1008.1,1049,1010.5,13.4,8.2,1000,2.71,21.24,,,,,,7.8,2.8,18.2,8.0,,,,,,,,,,4.6,6.6,,,
143,대구,2026-04-24,14.1,6.6,0534,21.4,1519,,,,,,,9.3,140,1423,6.2,110,1459,2.8,2421,110,1.0,16,1458,45.8,6.7,1010.1,1019.5,2400,1014.5,0231,1016.6,13.4,11.3,1200,3.56,26.79,,,,,,2.4,0.0,18.8,1.7,,,,,,,,,,5.9,8.4,,,
143,대구,2026-04-25,16.4,5.9,0529,26.2,1639,,,,,,,5.3,140,1434,3.8,140,0001,1.8,1516,110,0.7,13,1326,43.3,6.6,1011.5,1021.1,0719,1014.5,1725,1017.9,13.5,12.4,1200,3.51,27.56,,,,,,0.0,0.0,20.7,0.9,,,,,,,,,,6.4,9.1,,,
143,대구,2026-04-26,18.6,8.6,0546,27.2,1621,,,,,,,7.9,290,1657,4.3,270,1253,1.7,1443,110,4.5,22,1407,42.5,8.5,1005.2,1016.1,0001,1007.4,1733,1011.6,13.5,12.0,1300,3.37,25.78,,,,,,0.8,0.3,22.4,3.9,,,,,,,,,,6.0,8.5,,,
143,대구,2026-04-27,19.8,12.2,0605,27.9,1514,,,,,,,7.4,140,2004,4.8,140,2106,2.1,1802,140,3.8,13,1252,40.4,8.4,1003.9,1011.6,0658,1007.7,1558,1010.2,13.5,10.5,1200,3.44,24.93,,,,,,3.1,0.6,24.2,5.9,,,,,,,,,,5.8,8.3,,,
143,대구,2026-04-28,17.4,12.7,0415,23.1,1338,,,,,,,10.4,290,1327,5.9,290,1334,2.7,2343,290,4.8,17,1416,47.8,8.9,1005.2,1016.4,2354,1009.1,0339,1011.6,13.5,4.7,1300,2.86,18.07,,,,,,8.6,0.0,21.3,9.8,,,,,,,,,,5.0,7.2,,{햇무리}1055-1130. {햇무리}1350-1530.,
143,대구,2026-04-29,15.3,11.3,0605,19.2,1312,,,,,,,5.6,320,0813,3.7,290,0810,2.1,1818,140,4.5,33,1524,50.1,8.5,1011.0,1018.8,0855,1016.0,1549,1017.5,13.6,3.3,1200,2.23,16.77,,,,,,8.8,1.0,20.0,8.6,,,,,,,,,,2.9,4.2,,,
143,대구,2026-04-30,15.3,11.9,0538,20.2,1259,0.0,,0.0,,1.0,0.0,7.8,90,1817,4.8,90,1825,2.4,2083,110,7.7,37,1252,62.3,10.5,1007.2,1018.5,0001,1009.7,2348,1013.6,13.6,1.1,1200,2.38,14.93,,,,,,9.6,8.1,19.5,11.4,,,,,,,,,,3.1,4.4,,{비}1945-2015. {비}2150-2220.,
143,대구,2026-05-01,16.4,9.8,0411,24.6,1634,0.7,239,2.5,201,8.5,5.1,12.4,250,1427,6.6,290,1440,3.3,2825,270,4.4,21,1621,50.4,8.5,1001.7,1011.4,2241,1004.7,1553,1008.1,13.6,7.7,1200,3.28,20.36,,,,,,5.4,2.8,17.1,8.8,,,,,,,,,,5.6,8.1,,{비}0020-{비}{강도0}0300-{비}{강도0}0600-0850.,
143,대구,2026-05-02,19.9,11.8,0513,27.5,1548,0.0,,0.0,,0.08,0.0,5.1,200,1909,2.9,180,1813,1.3,1164,290,6.2,23,1459,44.0,9.5,1003.6,1012.2,0644,1007.2,1725,1009.9,13.7,6.2,1200,2.79,19.82,,,,,,8.3,4.6,20.9,7.6,,,,,,,,,,4.2,6.0,,{비}2355-2400.,
143,대구,2026-05-03,14.6,12.1,0943,19.2,0001,0.5,852,2.0,806,11.92,7.6,7.3,290,2214,5.5,290,2215,2.2,1902,140,10.7,40,0220,79.1,13.0,996.1,1008.2,0006,998.6,1506,1002.5,13.7,0.0,1600,0.75,4.4,,,,,,8.6,7.9,16.0,12.1,,,,,,,,,,1.9,2.7,,{비}0120-{비}{강도0}0300-{비}{강도0}0600-{비}{강도0}0900-{비}{강도0}1200-1225. {박무}0625-{박무}{강도1}0900-{박무}{강도0}1200-1215. {비}1950-2040.,
143,대구,2026-05-04,15.7,10.9,2354,21.1,1614,,,,,,,13.5,290,1250,8.9,290,0849,4.4,3818,290,0.3,16,1649,38.6,6.4,1004.9,1018.1,2357,1003.0,0009,1011.3,13.8,12.1,1200,3.64,27.5,,,,,,0.9,0.6,18.1,5.7,,,,,,,,,,6.2,8.8,,,
143,대구,2026-05-05,16.2,6.4,0528,25.1,1558,,,,,,,7.2,290,1312,4.2,290,1315,1.6,1386,110,2.7,20,1635,45.4,7.5,1010.4,1019.6,0737,1013.3,1724,1016.8,13.8,13.1,1200,3.61,29.09,,,,,,0.0,0.0,20.3,1.7,,,,,,,,,,6.1,8.7,,,
143,대구,2026-05-06,18.7,9.0,0453,27.4,1655,,,,,,,6.0,290,1213,3.7,290,1213,1.4,1238,270,5.7,20,1316,47.4,9.3,1008.8,1018.4,0707,1011.6,1836,1015.1,13.8,13.0,1200,3.59,28.76,,,,,,0.6,0.0,22.8,3.7,,,,,,,,,,6.0,8.5,,,
143,대구,2026-05-07,20.4,12.6,0536,27.8,1551,,,,,,,8.5,320,2351,4.8,290,2354,2.1,1823,290,8.0,19,1409,48.5,10.8,1004.0,1014.2,0050,1006.1,1616,1010.3,13.8,9.1,1300,3.48,24.27,,,,,,7.0,3.0,24.4,8.1,,,,,,,,,,6.0,8.6,,,
143,대구,2026-05-08,17.4,13.0,2307,22.3,1527,0.3,135,0.5,48,1.7,0.5,16.4,270,1029,9.8,270,1459,4.7,4076,290,0.1,13,1615,35.3,6.6,1006.2,1017.9,2400,1009.1,0039,1012.6,13.9,12.4,1200,3.64,29.31,,,,,,1.8,0.3,22.0,6.0,,,,,,,,,,7.6,10.8,,{비}0037-0219.,
143,대구,2026-05-09,17.1,7.9,0522,25.1,1714,,,,,,,7.3,270,1307,3.7,290,1308,1.5,1336,270,1.7,18,1510,39.9,7.0,1011.5,1020.2,0740,1014.7,1633,1017.9,13.9,13.1,1200,3.65,29.48,,,,,,0.0,0.0,23.3,2.3,,,,,,,,,,6.2,8.9,,,
143,대구,2026-05-10,18.8,10.0,0523,27.2,1425,,,,,,,6.5,160,1803,4.2,160,1744,1.8,1559,160,3.2,12,1232,40.6,7.8,1010.5,1019.7,0711,1013.9,1646,1016.9,13.9,13.0,1200,3.58,28.68,,,,,,0.0,0.0,25.0,5.2,,,,,,,,,,6.7,9.6,,,
143,대구,2026-05-11,20.1,11.1,0519,27.3,1532,,,,,,,8.3,290,1114,5.2,290,1204,1.8,1544,270,8.4,28,1504,49.1,11.1,1007.4,1017.0,0804,1010.4,1737,1013.7,13.9,10.5,1200,3.58,26.95,,,,,,4.5,2.5,26.4,5.0,,,,,,,,,,5.5,7.8,,,
143,대구,2026-05-12,18.9,15.2,2350,24.4,1148,0.5,251,0.6,201,,0.6,7.2,180,1437,4.0,180,1439,1.2,1052,140,13.3,41,1407,71.9,15.3,1002.7,1012.5,0103,1006.5,1818,1009.0,14.0,2.6,1100,2.83,14.48,,,,,,6.3,2.4,21.9,11.4,,,,,,,,,,2.6,3.8,,{비}0200-{비}{강도0}0300-0310. {비}1005-1040. {비}1455-{비}{강도0}1500-1550.,
143,대구,2026-05-13,20.9,13.0,0510,28.5,1825,,,,,,,3.9,110,1350,2.5,110,1357,1.1,923,70,12.3,30,1851,62.8,14.4,1001.9,1010.1,2341,1005.8,1603,1008.2,14.0,9.3,1200,3.52,25.21,,,,,,0.3,0.3,27.4,8.4,,,,,,,,,,4.7,6.7,,{박무}0330-{박무}{강도0}0600-0830.,
143,대구,2026-05-14,19.9,15.2,0533,25.2,1336,,,,,,,9.9,110,1743,6.5,90,1518,3.4,2925,90,12.5,42,1338,64.5,14.5,1009.3,1020.7,2301,1010.1,0001,1015.6,14.0,11.6,1200,3.52,28.14,,,,,,1.0,0.9,26.7,11.1,,,,,,,,,,5.7,8.1,,,
143,대구,2026-05-15,21.8,14.0,0540,29.4,1513,,,,,,,5.9,90,1822,4.4,90,1821,2.1,1800,90,10.0,23,1659,51.0,12.4,1014.2,1022.5,0804,1017.9,1637,1020.5,14.1,13.0,1200,3.59,29.15,,,,,,0.5,0.5,29.5,11.1,,,,,,,,,,6.4,9.1,,,
143,대구,2026-05-16,24.1,13.7,0541,33.2,1549,,,,,,,3.6,270,1109,2.2,250,1055,1.1,956,270,8.5,14,1545,43.4,11.3,1013.3,1022.2,0644,1016.1,1734,1019.5,14.1,13.0,1200,3.54,28.57,,,,,,0.0,0.0,30.2,9.0,,,,,,,,,,6.4,9.2,,,
143,대구,2026-05-17,25.7,15.9,0546,34.1,1505,,,,,,,4.3,290,1134,2.4,320,0940,1.1,948,270,9.4,17,1457,40.5,11.9,1011.0,1019.6,0551,1014.0,1720,1017.2,14.1,13.1,1200,3.59,29.11,,,,,,0.0,0.0,32.0,10.2,,,,,,,,,,6.9,9.9,,,
143,대구,2026-05-18,25.3,16.1,0532,34.7,1503,,,,,,,5.0,230,2003,2.9,270,1304,1.4,1237,50,7.1,9,1455,37.9,10.5,1008.8,1017.1,0012,1011.8,1612,1015.1,14.1,12.4,1200,3.59,29.46,,,,,,1.1,0.0,32.1,10.4,,,,,,,,,,7.0,10.0,,,
143,대구,2026-05-19,23.9,16.5,0456,30.9,1512,,,,,,,6.9,140,2305,4.4,110,2317,1.7,1435,110,9.1,24,1155,41.6,11.6,1006.8,1015.5,0001,1010.3,1738,1013.1,14.2,8.8,1300,3.3,24.53,,,,,,7.4,2.6,30.8,10.8,,,,,,,,,,5.3,7.5,,,
143,대구,2026-05-20,15.6,14.9,0524,21.9,0001,3.2,739,6.1,726,23.1,57.0,10.5,90,1254,6.1,140,1944,3.5,3038,110,14.4,43,0001,92.6,16.4,1003.8,1013.9,0313,1005.5,2347,1010.3,14.2,0.0,1300,0.53,3.15,,,,,,10.0,8.6,17.6,14.7,,,,,,,,,,0.8,1.1,,{비}0039-{비}{강도0}0300-{비}{강도1}0600-{비}{강도0}0900-{비}{강도0}1200-{비}{강도1}1500-{비}{강도1}1800-{비}{강도0}2100-2345. {박무}0250-{박무}{강도0}0300-{박무}{강도0}0600-0645. {박무}0720-{박무}{강도0}0900-0925. {박무}1015-1025. {박무}1045-{박무}{강도0}1200-1255. {박무}1405-{박무}{강도0}1500-1540. {박무}1610-1625. {박무}1710-{박무}{강도0}1800-1815. {박무}1853-1905. {박무}2115-2159.,
143,대구,2026-05-21,17.5,15.7,0049,19.7,1422,0.6,337,1.3,321,9.13,2.9,6.9,110,1949,4.4,110,2008,2.3,1993,140,15.8,81,1228,90.5,18.0,999.6,1010.1,2307,1003.8,0501,1005.9,14.2,0.0,1100,1.45,6.72,,,,,,8.6,6.8,19.2,15.5,,,,,,,,,,1.6,2.3,,{비}0025-{비}{강도0}0300-0458. {박무}0120-{박무}{강도0}0300-0455. {박무}0735-0800. {박무}1640-1705. {비}1645-1710. {박무}1815-1920. {비}1840-{비}{강도0}2100-2250.,
143,대구,2026-05-22,18.4,16.0,0320,22.1,1419,,,,,,,9.2,90,1532,6.5,90,1609,3.3,2866,110,12.0,47,1606,68.3,14.1,1006.2,1014.1,1043,1010.1,0001,1012.6,14.2,9.7,1300,3.17,24.29,,,,,,6.9,5.5,21.3,15.6,,,,,,,,,,4.4,6.2,,,
143,대구,2026-05-23,17.5,15.5,2355,20.1,1612,0.1,,0.1,,1.75,0.1,7.6,110,2035,4.9,140,2305,3.0,2556,110,12.7,66,1556,73.9,14.7,1006.2,1014.0,2130,1010.8,1601,1012.5,14.3,1.6,1300,1.88,11.85,,,,,,8.4,7.5,19.2,14.4,,,,,,,,,,2.4,3.5,,{비}1145-{비}{강도0}1200-1330.,
143,대구,2026-05-24,20.4,12.9,0535,27.1,1600,,,,,,,5.5,110,2332,3.7,140,2349,1.6,1379,90,13.6,44,1352,68.0,15.7,1007.2,1015.8,0719,1010.9,1712,1013.5,14.3,11.8,1200,3.51,27.62,,,,,,4.6,0.1,24.1,10.4,,,,,,,,,,5.1,7.3,,,
143,대구,2026-05-25,24.2,16.9,0451,31.8,1616,,,,,,,5.6,180,1846,3.2,140,0014,1.6,1394,110,16.8,41,1620,65.4,19.2,1004.2,1013.5,0100,1007.5,1713,1010.4,14.3,10.3,1100,3.4,24.93,,,,,,3.5,0.5,27.0,15.3,,,,,,,,,,4.5,6.4,,,
143,대구,2026-05-26,23.9,19.9,0535,30.1,1322,0.3,2154,0.8,2253,4.2,1.5,7.4,110,2043,4.3,110,2043,2.1,1836,110,18.3,50,1243,72.9,21.0,1000.8,1009.3,0734,1004.8,1546,1007.0,14.3,4.2,1100,3.42,17.74,,,,,,8.9,6.1,25.9,18.7,,,,,,,,,,3.4,4.8,,{비}1603-1705. {비}2050-{비}{강도0}2100-{비}{강도0}2400- {박무}2300-{박무}{강도0}2400-,
143,대구,2026-05-27,20.4,19.3,0527,21.9,1255,1.0,207,2.4,147,6.33,6.4,9.8,110,1052,5.9,110,1056,3.3,2884,110,17.5,76,1422,84.1,20.0,998.6,1006.9,0001,1003.2,1607,1004.9,14.3,0.0,1100,1.05,7.17,,,,,,9.9,7.1,21.5,18.9,,,,,,,,,,1.8,2.5,,-{박무}-0020. {박무}0140-0215. -{비}-{비}{강도0}0300-{비}{강도0}0600-0620. {박무}0340-0530.,
143,대구,2026-05-28,23.3,18.9,0252,28.1,1646,,,,,,,8.0,290,1309,5.0,290,1324,2.1,1838,270,17.0,51,1718,69.1,19.4,996.7,1005.0,2344,1000.9,1547,1002.9,14.4,5.1,1500,2.64,17.34,,,,,,6.3,3.8,24.4,18.8,,,,,,,,,,3.9,5.6,,,
143,대구,2026-05-29,23.2,19.2,0557,28.3,1530,,,,,,,7.7,270,1742,4.6,290,1659,2.4,2093,290,12.5,32,1457,53.4,14.6,1000.9,1008.6,2332,1004.7,0134,1007.1,14.4,9.9,1200,3.21,25.48,,,,,,2.0,1.4,25.9,14.1,,,,,,,,,,5.8,8.3,,,
143,대구,2026-05-30,24.3,15.3,0532,31.7,1525,,,,,,,7.5,290,1327,3.7,290,1759,1.7,1508,340,9.1,20,1242,42.6,11.6,1003.2,1011.5,2355,1007.5,1616,1009.4,14.4,13.6,1200,3.63,30.7,,,,,,1.0,0.0,28.3,11.3,,,,,,,,,,7.5,10.7,,,
143,대구,2026-05-31,25.4,15.8,0523,33.7,1605,,,,,,,3.9,290,1230,2.1,270,1149,1.0,822,270,10.2,15,1559,43.6,12.6,1006.0,1014.1,2342,1010.0,1727,1012.2,14.4,13.4,1200,3.61,30.17,,,,,,0.3,0.0,30.4,10.7,,,,,,,,,,6.7,9.6,,,
143,대구,2026-06-01,24.8,16.9,0508,32.2,1636,,,,,,,6.7,250,1215,3.5,180,2056,1.4,1178,180,14.2,38,1615,53.3,16.4,1006.8,1015.9,0806,1010.2,1752,1013.0,14.4,7.0,1100,3.25,22.43,,,,,,7.4,4.1,29.5,12.2,,,,,,,,,,4.4,6.3,,,
143,대구,2026-06-02,21.2,19.5,2356,23.9,0001,0.6,1433,2.2,1237,7.67,7.6,4.6,140,0911,3.0,110,0946,1.5,1335,140,18.3,62,0001,84.3,21.0,1000.8,1012.4,0001,1003.5,2357,1007.0,14.5,0.5,1600,1.15,6.14,,,,,,7.8,2.6,23.0,17.2,,,,,,,,,,1.5,2.2,,{비}0345-0405. {비}0835-{비}{강도0}0900-{비}{강도0}1200-{비}{강도0}1500-1555. {박무}0845-{박무}{강도0}0900-{박무}{강도0}1200-{박무}{강도0}1500-1540.,
143,대구,2026-06-03,23.6,17.3,0449,29.8,1523,,,,,,,6.5,110,1744,4.1,110,1751,1.9,1610,140,17.9,43,1516,72.5,20.5,997.4,1004.7,2341,1002.2,1521,1003.6,14.5,8.4,1100,3.35,25.5,,,,,,6.5,2.3,28.2,14.6,,,,,,,,,,4.9,7.0,,{박무}0500-0555. {박무}0605-0645.,
143,대구,2026-06-04,24.1,20.2,0552,28.9,1628,,,,,,,5.5,110,1215,3.7,110,0853,2.0,1761,110,17.2,44,1607,67.1,19.6,996.0,1005.0,0316,999.3,1734,1002.2,14.5,7.4,1300,2.52,20.4,,,,,,5.3,2.8,28.4,19.7,,,,,,,,,,4.1,5.9,,,
143,대구,2026-06-05,23.4,18.8,2359,27.3,1653,,,,,,,9.7,290,1344,6.2,290,1346,2.8,2387,290,9.9,20,1836,47.6,13.0,999.6,1010.9,2348,1001.5,0040,1005.7,14.5,13.2,1200,3.73,27.76,,,,,,4.1,0.1,28.2,13.9,,,,,,,,,,7.2,10.4,,,
143,대구,2026-06-06,22.1,14.7,0522,28.3,1426,,,,,,,10.2,90,1913,6.1,90,1811,2.7,2328,110,10.3,29,1452,49.5,12.5,1006.3,1014.1,0910,1010.9,0001,1012.6,14.5,13.1,1200,3.62,30.1,,,,,,4.6,1.5,28.8,10.7,,,,,,,,,,6.6,9.5,,,
143,대구,2026-06-07,20.8,18.5,0413,22.9,1051,0.0,,0.0,,1.75,0.0,6.9,110,0028,4.4,110,0046,2.6,2234,140,15.7,60,0001,73.0,17.9,1002.8,1013.0,0001,1007.3,1722,1009.1,14.5,0.1,0800,0.87,6.33,,,,,,8.8,7.1,23.5,17.4,,,,,,,,,,1.5,2.1,,{비}1250-1415. {비}1515-1535.,
143,대구,2026-06-08,20.4,18.0,0311,24.5,1510,0.5,306,1.8,213,6.42,3.5,5.8,270,1713,3.6,290,1634,1.4,1251,320,15.4,46,1749,75.0,17.6,1000.3,1008.1,0001,1004.6,1615,1006.5,14.5,0.7,1500,1.64,10.43,,,,,,9.5,2.9,22.4,16.6,,,,,,,,,,2.4,3.5,,{비}0100-{비}{강도0}0300-0330. {박무}0210-0255. {박무}0305-0315. {비}0400-0430. {비}0510-{비}{강도0}0600-0815. {박무}0540-0555. {박무}0755-0810. {비}1030-1050.,
143,대구,2026-06-09,21.6,15.6,0441,27.6,1704,,,,,,,4.6,140,0850,3.1,140,0849,1.4,1211,110,13.8,34,1645,64.4,15.8,1001.0,1009.1,0800,1004.9,1709,1007.3,14.5,9.0,1200,3.64,24.24,,,,,,6.3,1.0,26.1,13.7,,,,,,,,,,4.4,6.4,,,
143,대구,2026-06-10,23.4,16.6,0526,29.2,1626,,,,,,,8.8,270,1215,5.1,270,1221,2.1,1806,270,10.5,26,1518,48.9,12.9,1001.7,1009.3,2347,1006.0,1525,1007.9,14.5,10.8,1100,3.42,24.95,,,,,,2.9,1.3,26.9,13.2,,,,,,,,,,6.1,8.7,,,
143,대구,2026-06-11,23.1,15.9,0519,28.7,1537,,,,,,,7.5,270,1351,5.1,290,1509,2.4,2051,270,9.7,25,1529,45.0,12.1,1003.6,1012.1,2313,1007.7,1554,1009.9,14.6,12.4,1200,3.5,28.55,,,,,,1.1,0.9,27.7,11.9,,,,,,,,,,7.0,10.0,,,
143,대구,2026-06-12,24.2,17.6,0509,30.8,1602,,,,,,,7.0,320,1031,4.0,270,0903,2.2,1892,290,9.9,20,1652,43.0,12.2,1005.6,1013.7,0622,1009.4,1749,1011.9,14.6,13.3,1200,3.63,30.45,,,,,,1.1,0.1,30.2,14.2,,,,,,,,,,6.7,9.5,,,
143,대구,2026-06-13,25.3,17.0,0521,32.7,1617,,,,,,,6.0,200,1914,2.9,270,1705,1.3,1130,290,10.0,16,1331,43.6,12.6,1004.6,1013.1,0724,1007.9,1612,1010.8,14.6,13.5,1200,3.64,30.68,,,,,,0.5,0.0,31.8,12.5,,,,,,,,,,7.0,10.1,,,
143,대구,2026-06-14,24.4,18.8,0539,31.7,1427,,,,,,,6.6,160,1719,4.0,140,1722,1.5,1254,110,12.8,20,1313,50.9,14.9,1004.1,1011.8,2248,1007.7,1554,1010.3,14.6,7.7,1200,3.73,24.54,,,,,,5.1,4.6,30.2,16.7,,,,,,,,,,5.7,8.1,,,
143,대구,2026-06-15,24.4,18.1,0529,30.4,1409,,,,,,,7.8,70,1434,4.5,110,1516,2.2,1890,110,14.5,33,1216,57.4,16.6,1006.8,1015.5,2253,1011.3,1441,1013.0,14.6,10.7,1200,3.79,27.11,,,,,,3.6,0.4,30.8,17.0,,,,,,,,,,5.7,8.2,,,
143,대구,2026-06-16,24.3,17.9,0519,30.8,1351,,,,,,,7.3,90,1849,4.6,90,1954,2.5,2193,110,15.3,34,1628,59.6,17.4,1007.4,1015.4,0701,1011.1,1627,1013.6,14.6,10.9,1200,3.63,25.95,,,,,,3.8,0.8,30.6,16.6,,,,,,,,,,5.9,8.5,,,
143,대구,2026-06-17,26.1,19.6,0529,32.9,1531,,,,,,,5.6,230,1927,3.4,250,1947,1.9,1599,110,17.1,36,1621,59.4,19.5,1004.3,1013.8,0001,1007.3,1725,1010.5,14.6,9.8,1300,3.28,24.37,,,,,,5.0,3.1,32.2,18.5,,,,,,,,,,4.9,7.1,,,
143,대구,2026-06-18,27.1,22.3,0438,33.1,1701,0.1,,0.1,,1.0,0.1,4.3,180,1852,2.4,230,1819,1.3,1135,110,19.1,39,1700,63.6,22.1,1001.5,1009.4,0116,1005.3,1655,1007.7,14.6,4.4,1300,3.14,19.51,,,,,,6.8,3.9,33.0,21.3,,,,,,,,,,4.0,5.8,,{비}0140-0220. {비}0255-{비}{강도0}0300-0315.,
143,대구,2026-06-19,25.7,22.7,2346,30.3,1221,0.7,2310,2.9,2247,8.75,4.9,6.5,90,1848,4.4,110,1848,2.0,1705,110,20.7,53,1304,75.3,24.5,1000.9,1008.6,0644,1004.8,2400,1007.1,14.6,1.5,1000,2.06,13.02,,,,,,9.4,2.6,29.3,21.5,,,,,,,,,,2.5,3.6,,{비}1410-1450. {비}1525-1555. {비}1610-1755. {비}1810-{비}{강도0}2100-{비}{강도0}2400- {박무}2030-{박무}{강도0}2100-2210. {박무}2245-2350.,
143,대구,2026-06-20,25.9,22.2,0512,31.3,1623,2.1,512,4.8,457,8.25,17.0,10.8,230,1720,6.8,270,1441,3.0,2575,110,20.3,50,1624,73.0,23.9,992.4,1004.8,0001,995.4,1340,998.5,14.6,3.8,1500,2.71,14.71,,,,,,7.8,7.3,26.8,21.8,,,,,,,,,,4.4,6.3,,{박무}0050-0102. {박무}0115-0130. {박무}0230-0255. -{비}-{비}{강도0}0300-{비}{강도1}0600-0755. {박무}0355-0430. {박무}0455-{박무}{강도0}0600-0601. {비}1245-1305.,
143,대구,2026-06-21,24.5,20.7,2400,29.1,1421,,,,,,,8.5,290,0313,4.7,290,0316,2.3,2020,290,16.7,45,1413,62.8,19.0,1001.1,1010.3,2209,1002.6,0001,1007.3,14.6,4.8,1100,3.07,18.11,,,,,,9.4,6.3,27.0,20.6,,,,,,,,,,3.5,5.0,,,
143,대구,2026-06-22,20.7,18.9,2358,23.1,1211,,,,,,,8.5,110,1534,5.2,110,1536,3.1,2714,110,15.5,58,1215,72.6,17.6,1003.7,1011.7,2155,1008.9,0544,1009.9,14.6,0.0,1100,1.58,8.97,,,,,,9.4,5.3,22.8,18.3,,,,,,,,,,2.5,3.6,,,
143,대구,2026-06-23,19.8,17.8,0352,22.7,1441,,,,,,,10.6,110,1609,6.7,90,1520,3.9,3394,110,15.1,62,1440,75.0,17.2,1004.9,1012.0,1008,1010.2,0254,1011.2,14.6,0.9,1400,2.08,14.62,,,,,,9.9,7.0,23.3,17.1,,,,,,,,,,3.2,4.5,,,
143,대구,2026-06-24,20.8,19.0,0001,23.0,1135,,,,,,,9.6,90,1204,6.2,110,1210,3.6,3117,90,14.9,58,1132,69.4,17.0,1002.4,1011.4,0001,1006.8,1736,1008.7,14.6,0.0,1100,1.42,10.56,,,,,,9.0,7.8,23.3,18.4,,,,,,,,,,2.6,3.7,,,
143,대구,2026-06-25,21.6,19.5,0038,24.8,1319,,,,,,,4.8,110,1803,3.5,110,1759,1.5,1290,110,17.5,64,1320,77.8,20.0,998.4,1007.4,0020,1003.0,1554,1004.6,14.6,0.0,1200,1.57,8.28,,,,,,8.6,6.5,24.4,19.4,,,,,,,,,,2.0,2.9,,,
143,대구,2026-06-26,23.1,19.0,2345,30.3,1511,0.0,,0.0,,0.25,0.0,9.4,90,2001,5.7,110,1922,2.0,1751,110,15.7,33,1513,66.8,17.9,998.5,1006.7,2156,1002.7,1509,1004.7,14.6,9.3,1100,3.53,24.69,,,,,,4.0,1.4,28.9,17.5,,,,,,,,,,4.9,7.0,,{비}0340-0355.,
143,대구,2026-06-27,22.2,16.4,0527,28.8,1545,,,,,,,6.1,90,2025,4.3,90,2020,2.3,1962,110,13.6,34,1510,61.5,15.7,999.1,1007.7,2310,1003.7,1545,1005.3,14.6,10.1,1400,2.94,23.2,,,,,,3.5,0.1,27.9,14.9,,,,,,,,,,5.0,7.2,,,
143,대구,2026-06-28,23.6,15.4,0432,31.8,1605,,,,,,,7.4,140,1842,5.1,110,1845,1.8,1556,110,13.6,28,1445,56.9,15.6,1002.6,1011.6,2359,1006.6,1532,1008.8,14.6,13.5,1200,3.61,30.1,,,,,,1.1,0.0,30.9,12.2,,,,,,,,,,6.1,8.7,,,
143,대구,2026-06-29,24.5,18.4,0518,31.2,1551,,,,,,,7.6,90,1910,4.8,70,1905,2.4,2068,110,16.1,30,1328,63.3,18.4,1005.3,1013.1,2202,1009.5,1655,1011.5,14.6,13.2,1200,3.48,29.18,,,,,,2.4,0.0,32.1,17.2,,,,,,,,,,6.2,8.9,,,
143,대구,2026-06-30,25.3,20.1,0457,31.8,1448,,,,,,,6.8,110,1814,4.0,110,0138,2.4,2041,110,16.6,29,1434,61.6,18.9,1004.9,1013.5,0205,1008.3,1651,1011.0,14.6,11.4,1200,3.59,28.41,,,,,,5.3,1.6,33.9,20.0,,,,,,,,,,5.6,8.0,,,
143,대구,2026-07-01,21.3,20.0,2352,22.6,1418,0.6,740,2.3,659,8.92,7.0,8.9,140,1327,4.6,90,1256,2.0,1765,110,18.4,68,1056,84.3,21.2,1001.5,1010.7,0001,1005.6,1448,1007.8,14.6,0.0,1300,1.38,6.56,,,,,,9.4,5.9,23.8,19.6,,,,,,,,,,1.8,2.6,,{비}0340-{비}{강도0}0600-{비}{강도0}0900-0955. {박무}0510-{박무}{강도0}0600-{박무}{강도0}0900-0958. {비}1115-{비}{강도0}1200-1355.,
143,대구,2026-07-02,24.6,19.8,0557,29.2,1621,0.0,,0.0,,0.42,0.0,4.6,110,1643,2.9,110,1545,1.1,993,90,17.6,46,1352,67.3,20.1,1003.7,1012.0,2201,1008.0,0039,1009.9,14.6,6.4,1100,3.53,22.49,,,,,,8.0,3.6,27.8,19.0,,,,,,,,,,4.3,6.1,,{소나기}2020-2045.,
143,대구,2026-07-03,26.0,22.1,0311,30.1,1529,0.2,,0.2,,1.5,0.2,5.2,290,1301,3.0,270,1330,1.2,997,270,19.2,49,1403,68.0,22.3,1004.3,1012.5,0600,1008.6,1745,1010.4,14.6,4.4,1000,2.89,18.24,,,,,,8.4,5.8,29.2,21.5,,,,,,,,,,3.4,4.8,,{소나기}0150-{소나기}{강도0}0300-0320.,
143,대구,2026-07-04,26.6,23.2,0622,31.7,1721,,,,,,,4.9,270,1937,3.2,250,1915,1.5,1292,270,19.4,43,1640,66.3,22.5,1000.4,1009.4,0001,1004.5,1820,1006.5,14.5,4.3,1300,2.68,17.77,,,,,,9.3,4.3,29.7,23.0,,,,,,,,,,3.8,5.4,,,
143,대구,2026-07-05,26.0,23.0,0559,30.6,1616,0.6,648,0.6,558,4.7,1.5,5.1,180,1857,3.1,160,1803,1.3,1092,70,21.3,56,1613,76.1,25.3,998.8,1006.4,0055,1002.8,1706,1004.9,14.5,2.0,0900,1.65,11.72,,,,,,9.0,5.9,28.4,22.2,,,,,,,,,,2.3,3.3,,{비}0045-0116. {비}0405-{비}{강도0}0600-0620. {비}0640-0708. {박무}0640-0653. {비}1127-{비}{강도0}1200-1255.,
143,대구,2026-07-06,28.1,23.9,0442,33.4,1503,0.0,,0.0,,1.83,0.0,5.4,270,1652,3.7,290,1611,1.5,1309,270,21.7,48,1504,70.3,26.0,999.1,1006.6,0957,1003.7,1745,1005.3,14.5,5.0,1100,2.79,18.17,,,,,,5.4,3.1,31.0,22.9,,,,,,,,,,3.7,5.2,,{비}0155-0215. {비}0840-1010.,
143,대구,2026-07-07,28.0,24.7,0811,33.4,1502,0.5,824,1.0,742,3.0,1.4,5.0,290,0747,2.9,290,0750,1.3,1116,160,22.6,53,1500,73.8,27.4,1000.8,1008.7,0806,1005.1,1723,1006.9,14.5,3.6,1400,3.02,14.61,,,,,,7.5,3.3,33.0,23.1,,,,,,,,,,3.4,4.9,,{비}0710-{비}{강도0}0900-0920. {박무}0740-0800. {박무}0825-0901. {비}0940-1030.,
143,대구,2026-07-08,28.6,25.1,0303,32.5,1303,0.0,,0.0,,0.08,0.0,6.8,270,0948,4.2,200,1502,2.1,1784,140,21.0,49,1304,64.8,25.0,1000.8,1008.0,2350,1005.4,1326,1006.9,14.5,1.0,1100,2.27,12.66,,,,,,8.3,5.8,31.3,23.3,,,,,,,,,,3.1,4.4,,{비}1550-1555.,
143,대구,2026-07-09,27.7,25.3,0518,31.0,1207,0.8,447,0.8,430,1.5,1.1,6.6,270,1054,4.0,290,1411,1.6,1378,160,21.9,53,1203,71.4,26.3,1003.1,1011.4,2345,1007.7,0255,1009.3,14.5,1.2,1500,1.91,10.55,,,,,,8.8,6.0,30.6,23.5,,,,,,,,,,2.9,4.2,,{비}0255-{비}{강도0}0300-0330. {비}0430-0520. {비}1420-1425.,
143,대구,2026-07-10,29.3,24.2,0516,35.0,1309,0.0,,0.0,,0.17,0.0,5.6,250,1252,3.1,180,1659,1.4,1237,50,21.2,42,1523,63.0,25.1,1004.5,1012.0,2245,1009.2,1549,1010.6,14.5,5.5,1100,2.76,18.17,,,,,,6.9,3.3,32.9,21.4,,,,,,,,,,4.2,6.0,,{비}0855-{비}{강도0}0900-0905.,
143,대구,2026-07-11,30.7,23.7,0524,37.3,1433,,,,,,,4.6,270,1316,2.6,270,1129,1.1,939,200,20.5,36,1436,57.3,24.2,1004.7,1012.1,0001,1008.9,1700,1010.7,14.4,11.1,1300,3.03,24.54,,,,,,1.4,0.5,37.9,20.5,,,,,,,,,,5.3,7.6,,,
143,대구,2026-07-12,30.4,25.3,0438,35.8,1330,,,,,,,5.6,200,1108,3.2,250,1031,1.5,1275,230,21.4,43,1325,59.8,25.5,1004.7,1011.8,0642,1009.3,1733,1010.8,14.4,7.4,1300,3.18,20.83,,,,,,3.8,2.6,37.5,22.1,,,,,,,,,,4.8,6.9,,,
143,대구,2026-07-13,30.9,27.1,0538,35.1,1356,,,,,,,5.9,160,2013,3.3,290,1157,1.5,1332,50,21.6,42,1403,58.9,25.8,1003.1,1011.3,0001,1007.2,1611,1009.1,14.4,8.2,1000,2.46,18.98,,,,,,2.0,1.6,40.2,25.4,,,,,,,,,,4.1,5.9,,,
143,대구,2026-07-14,30.1,27.0,0413,34.3,1224,,,,,,,6.7,160,2122,3.6,200,2148,1.8,1516,180,22.1,49,1157,63.3,26.6,999.1,1008.9,0001,1001.4,2357,1005.2,14.4,3.3,1100,2.33,15.9,,,,,,6.3,5.3,34.9,26.0,,,,,,,,,,4.5,6.4,,,
143,대구,2026-07-15,31.4,27.7,0112,36.4,1546,0.1,,0.2,,1.08,0.2,9.0,270,0709,5.1,290,1735,3.1,2661,290,19.3,25,1554,51.4,22.9,993.6,1002.3,2355,997.6,1332,999.6,14.4,8.9,1400,3.0,23.08,,,,,,5.3,1.9,40.6,25.3,,,,,,,,,,6.7,9.6,,{비}0015-0120.,
143,대구,2026-07-16,29.4,26.0,0541,34.1,1558,,,,,,,6.8,270,0813,4.2,270,0037,2.4,2061,290,19.4,39,1317,55.8,22.7,995.7,1003.3,0817,1000.3,1623,1001.8,14.4,4.3,1200,2.3,18.34,,,,,,7.9,5.1,34.1,24.4,,,,,,,,,,4.4,6.3,,,
143,대구,2026-07-17,27.6,21.9,2317,35.6,1409,13.8,1558,45.2,2140,7.07,116.6,8.3,110,2203,5.8,110,2207,1.8,1521,70,21.8,46,1334,73.3,26.1,995.0,1002.9,2252,998.7,1500,1001.0,14.3,3.3,1300,3.03,15.27,,,,,,9.6,5.3,34.2,21.9,,,,,,,,,,3.0,4.3,,{비}1511-1635. {박무}1550-1635. {비}1655-{비}{강도0}1800-1815. {박무}1715-{박무}{강도0}1800-1805. {비}1840-1905. {비}2005-{비}{강도1}2100-{비}{강도2}2400- {박무}2010-{박무}{강도1}2100-{박무}{강도0}2400-,
143,대구,2026-07-18,27.2,21.9,0001,31.7,1256,0.2,,0.2,,0.5,0.3,6.0,110,0413,3.9,140,0359,1.9,1624,140,23.0,62,1258,79.0,28.2,994.0,1002.3,0001,998.6,1512,1000.1,14.3,0.8,1100,2.27,11.41,,,,,,8.9,6.3,29.1,22.0,,,,,,,,,,2.4,3.5,,-{비}-0015. -{박무}-{박무}{강도0}0300-{박무}{강도0}0600-{박무}{강도0}0900-0910. {비}1401-1416.,
143,대구,2026-07-19,25.6,22.5,0546,29.2,1713,2.0,542,2.4,533,7.17,3.7,7.4,110,0200,5.0,140,0135,2.1,1855,140,23.3,78,1443,87.8,28.8,997.5,1005.9,2400,1001.9,0006,1003.6,14.3,0.1,1400,1.25,7.0,,,,,,8.6,6.4,28.0,22.4,,,,,,,,,,1.7,2.4,,{비}0120-0220. {비}0335-0405. {비}0435-0505. {비}0525-{비}{강도0}0600-0605. {박무}0530-{박무}{강도0}0600-0855. {비}0620-0635. {비}1555-1605. {비}1810-{비}{강도0}2100-2215. {박무}1825-1850. {박무}1910-1950.,
