gameId,gameDate,homeTeam,awayTeam,homeScore,awayScore
20210309KBOPG1,20210309,,,0,0
20210306KBOPG1,20210306,,,0,0
20210301KBO01,20210301,,,0,0
20210301KBO02,20210301,,,0,0
20210302KBOPG1,20210302,,,0,0
20210307KBOPG2,20210307,,,0,0
20210311KBOPG2,20210311,,,0,0
20210311KBOPG1,20210311,,,0,0
20210303KBOPG1,20210303,,,0,0
20210313KBOPG1,20210313,,,0,0
20210305KBOPG1,20210305,,,0,0
20210310KBOPG1,20210310,,,0,0
20210307KBOPG1,20210307,,,0,0
20210305KBOPG2,20210305,,,0,0
20210306KBOPG2,20210306,,,0,0
20210313KBOPG2,20210313,,,0,0
20210314KBOPG1,20210314,,,0,0
20210313HB1,20210313,,,0,0
20210313KBOPG3,20210313,,,0,0
20210314HB1,20210314,,,0,0
20210316KBOPG2,20210316,,,0,0
20210314KBOPG2,20210314,,,0,0
20210316KBOPG1,20210316,,,0,0
20210314KBOPG3,20210314,,,0,0
20210317KBOPG1,20210317,,,0,0
20210317KBOPG2,20210317,,,0,0
20210321HTSS02021,20210321,SS,HT,10,7
20210318KBOPG1,20210318,,,0,0
20210317KBOPG3,20210317,,,0,0
20210321KTOB02021,20210321,OB,KT,2,4
20210321LGHH02021,20210321,HH,LG,3,2
20210321SKNC02021,20210321,NC,SK,11,3
20210321WOLT02021,20210321,LT,WO,6,1
20210322HTNC02021,20210322,NC,HT,0,7
20210322HHOB02021,20210322,OB,HH,5,12
20210323WOSS02021,20210323,SS,WO,3,3
20210323HHOB02021,20210323,OB,HH,3,4
20210322SKLT02021,20210322,LT,SK,10,3
20210322LGKT02021,20210322,KT,LG,9,3
20210323HTNC02021,20210323,NC,HT,1,11
20210322WOSS02021,20210322,SS,WO,5,5
20210323SKLT02021,20210323,LT,SK,3,2
20210323LGKT02021,20210323,KT,LG,4,4
20210325HHKT02021,20210325,KT,HH,12,5
20210325LGOB02021,20210325,OB,LG,3,6
20210325LTHT02021,20210325,HT,LT,1,3
20210325SSSK02021,20210325,SK,SS,3,6
20210325WONC02021,20210325,NC,WO,4,9
20210326HHKT02021,20210326,KT,HH,5,6
20210326OBLG02021,20210326,LG,OB,3,7
20210326LTHT02021,20210326,HT,LT,9,4
20210328LTHH02021,20210328,HH,LT,2,0
20210326SSSK02021,20210326,SK,SS,10,10
20210326WONC02021,20210326,NC,WO,7,7
20210328WOHT02021,20210328,HT,WO,1,3
20210328SSLG02021,20210328,LG,SS,6,5
20210330SKLG02021,20210330,LG,SK,2,3
20210328NCKT02021,20210328,KT,NC,14,3
20210329SKLG02021,20210329,LG,SK,2,1
20210330KTHT02021,20210330,HT,KT,3,6
20210330OBSS02021,20210330,SS,OB,5,6
20210330WOHH02021,20210330,HH,WO,9,2
20210330NCLT02021,20210330,LT,NC,3,3
20210403SSWO02021,20210403,WO,SS,6,1
20210402KBO03,20210402,,,0,0
20210404LGNC02021,20210404,NC,LG,1,2
20210330SSG01,20210330,,,0,0
20210404HHKT02021,20210404,KT,HH,3,2
20210404KBORDS1,20210404,,,0,0
20210404HTOB02021,20210404,OB,HT,4,1
20210406SSGLG1,20210406,,,0,0
20210404SSWO02021,20210404,WO,SS,7,4
20210406KBORDS1,20210406,,,0,0
20210404LTSK02021,20210404,SK,LT,5,3
20210406HHSK02021,20210406,SK,HH,2,1
20210406HTWO02021,20210406,WO,HT,4,5
20210406LGKT02021,20210406,KT,LG,2,3
20210407KBORDS1,20210407,,,0,0
20210406SSOB02021,20210406,OB,SS,6,3
20210407SSGLG1,20210407,,,0,0
20210406LTNC02021,20210406,NC,LT,5,10
20210407LGKT02021,20210407,KT,LG,7,3
20210407HTWO02021,20210407,WO,HT,7,8
20210407HHSK02021,20210407,SK,HH,0,17
20210408KBORDS1,20210408,,,0,0
20210407LTNC02021,20210407,NC,LT,10,6
20210408SSGLG1,20210408,,,0,0
20210408HHSK02021,20210408,SK,HH,6,4
20210407SSOB02021,20210407,OB,SS,1,0
20210408HTWO02021,20210408,WO,HT,3,5
20210408LGKT02021,20210408,KT,LG,3,7
20210408LTNC02021,20210408,NC,LT,4,8
20210409KTSS02021,20210409,SS,KT,7,5
20210409NCHT02021,20210409,HT,NC,6,10
20210408SSOB02021,20210408,OB,SS,1,6
20210409OBHH02021,20210409,HH,OB,7,0
20210409SKLG02021,20210409,LG,SK,9,5
20210410KTSS02021,20210410,SS,KT,7,6
20210410SKLG02021,20210410,LG,SK,3,4
20210409WOLT02021,20210409,LT,WO,2,7
20210410OBHH02021,20210410,HH,OB,1,18
20210410NCHT02021,20210410,HT,NC,2,9
20210410WOLT02021,20210410,LT,WO,13,0
20210411KTSS02021,20210411,SS,KT,4,2
20210411NCHT02021,20210411,HT,NC,3,7
20210411OBHH02021,20210411,HH,OB,3,2
20210411WOLT02021,20210411,LT,WO,2,3
20210411SKLG02021,20210411,LG,SK,1,0
20210413GYKT1,20210413,,,0,0
20210413KBORDS1,20210413,,,0,0
20210413HHSS02021,20210413,SS,HH,4,3
20210413LGWO02021,20210413,WO,LG,8,2
20210414GYKT1,20210414,,,0,0
20210413LTHT02021,20210413,HT,LT,0,8
20210413KTOB02021,20210413,OB,KT,7,8
20210413NCSK02021,20210413,SK,NC,2,4
20210414KBORDS1,20210414,,,0,0
20210414HHSS02021,20210414,SS,HH,2,6
20210414KTOB02021,20210414,OB,KT,3,1
20210414LGWO02021,20210414,WO,LG,2,13
20210414LTHT02021,20210414,HT,LT,3,2
20210415GYKT1,20210415,,,0,0
20210414NCSK02021,20210414,SK,NC,0,3
20210415KBORDS1,20210415,,,0,0
20210415HHSS02021,20210415,SS,HH,4,0
20210415KTOB02021,20210415,OB,KT,3,8
20210415LGWO02021,20210415,WO,LG,4,6
20210416KUSFBB1,20210416,,,0,0
20210415LTHT02021,20210415,HT,LT,10,5
20210416KUSFBB2,20210416,,,0,0
20210415NCSK02021,20210415,SK,NC,9,3
20210416HTSK02021,20210416,SK,HT,6,11
20210416OBLG02021,20210416,LG,OB,1,0
20210416KBORDS1,20210416,,,0,0
20210416SSLT02021,20210416,LT,SS,9,3
20210416WOKT02021,20210416,KT,WO,8,4
20210416HHNC02021,20210416,NC,HH,9,1
20210417KBORDS1,20210417,,,0,0
20210417HTSK02021,20210417,SK,HT,4,3
20210417OBLG02021,20210417,LG,OB,1,3
20210417HHNC02021,20210417,NC,HH,14,4
20210417WOKT02021,20210417,KT,WO,8,5
20210417SSLT02021,20210417,LT,SS,0,12
20210418HTSK02021,20210418,SK,HT,4,2
20210418KBORDS1,20210418,,,0,0
20210418HHNC02021,20210418,NC,HH,3,11
20210418SSLT02021,20210418,LT,SS,0,7
20210418WOKT02021,20210418,KT,WO,10,2
20210418OBLG02021,20210418,LG,OB,1,9
20210420FUTURE1,20210420,,,0,0
20210420HTLG02021,20210420,LG,HT,3,6
20210420KTNC02021,20210420,NC,KT,2,5
20210420OBLT02021,20210420,LT,OB,10,5
20210420SKSS02021,20210420,SS,SK,7,10
20210421KTNC02021,20210421,NC,KT,4,3
20210420WOHH02021,20210420,HH,WO,7,3
20210421SKSS02021,20210421,SS,SK,14,4
20210421HTLG02021,20210421,LG,HT,7,3
20210421OBLT02021,20210421,LT,OB,10,9
20210421WOHH02021,20210421,HH,WO,4,3
20210422UBASEBALL1,20210422,,,0,0
20210421FUTURE1,20210421,,,0,0
20210422KTNC02021,20210422,NC,KT,5,11
20210422HTLG02021,20210422,LG,HT,2,3
20210422OBLT02021,20210422,LT,OB,1,13
20210422SKSS02021,20210422,SS,SK,6,11
20210422WOHH02021,20210422,HH,WO,3,8
20210423LGHH02021,20210423,HH,LG,1,2
20210423LTKT02021,20210423,KT,LT,5,10
20210423NCOB02021,20210423,OB,NC,5,1
20210423SKWO02021,20210423,WO,SK,5,9
20210423SSHT02021,20210423,HT,SS,4,1
20210424SKWO02021,20210424,WO,SK,4,5
20210424LGHH02021,20210424,HH,LG,19,5
20210425LGHH02021,20210425,HH,LG,0,8
20210424NCOB02021,20210424,OB,NC,9,6
20210424LTKT02021,20210424,KT,LT,2,4
20210425LTKT02021,20210425,KT,LT,6,5
20210424SSHT02021,20210424,HT,SS,4,8
20210425NCOB02021,20210425,OB,NC,0,10
20210425SKWO02021,20210425,WO,SK,4,3
20210425SSHT02021,20210425,HT,SS,2,3
20210426SBO1,20210426,,,0,0
20210426SBO2,20210426,,,0,0
20210427HHKIA1,20210427,,,0,0
20210427RDS1,20210427,,,0,0
20210427HHHT02021,20210427,HT,HH,4,3
20210427KTSK02021,20210427,SK,KT,5,14
20210427NCSS02021,20210427,SS,NC,9,0
20210427LTLG02021,20210427,LG,LT,4,0
20210427OBWO02021,20210427,WO,OB,5,4
20210428HHHT02021,20210428,HT,HH,4,0
20210428HHKIA1,20210428,,,0,0
20210428RDS1,20210428,,,0,0
20210428KTSK02021,20210428,SK,KT,4,2
20210428LTLG02021,20210428,LG,LT,0,3
20210428NCSS02021,20210428,SS,NC,4,3
20210428OBWO02021,20210428,WO,OB,5,4
20210429HHKIA1,20210429,,,0,0
20210429UBASEBALL1,20210429,,,0,0
20210429HHHT02021,20210429,HT,HH,3,2
20210429RDS1,20210429,,,0,0
20210429KTSK02021,20210429,SK,KT,1,6
20210429LTLG02021,20210429,LG,LT,3,2
20210430UBASEBALL2,20210430,,,0,0
20210429OBWO02021,20210429,WO,OB,4,15
20210429NCSS02021,20210429,SS,NC,0,9
20210430HHLT02021,20210430,LT,HH,7,11
20210430UBASEBALL1,20210430,,,0,0
20210430HTKT02021,20210430,KT,HT,15,3
20210430LGSS02021,20210430,SS,LG,4,0
20210430SKOB02021,20210430,OB,SK,9,4
20210501HHLT02021,20210501,LT,HH,3,11
20210430WONC02021,20210430,NC,WO,3,4
20210501SKOB02021,20210501,OB,SK,2,5
20210501LGSS02021,20210501,SS,LG,8,2
20210501HTKT02021,20210501,KT,HT,3,0
20210501WONC02021,20210501,NC,WO,9,13
20210502LGSS02021,20210502,SS,LG,6,4
20210502HHLT02021,20210502,LT,HH,4,5
20210502SKOB02021,20210502,OB,SK,8,5
20210502HTKT02021,20210502,KT,HT,9,2
20210502WONC02021,20210502,NC,WO,5,0
20210503KBASEETC2,20210503,,,0,0
20210503KBASEETC1,20210503,,,0,0
20210505HTLT02021,20210505,LT,HT,5,8
20210505KTWO02021,20210505,WO,KT,14,0
20210505LGOB02021,20210505,OB,LG,4,7
20210505SKNC02021,20210505,NC,SK,12,13
20210505SSHH02021,20210505,HH,SS,1,4
20210506KTWO02021,20210506,WO,KT,6,4
20210506HTLT02021,20210506,LT,HT,17,9
20210506SKNC02021,20210506,NC,SK,7,1
20210507LTSS02021,20210507,SS,LT,4,1
20210508RDS1,20210508,,,0,0
20210506SSHH02021,20210506,HH,SS,6,5
20210508LTSS02021,20210508,SS,LT,8,9
20210506LGOB02021,20210506,OB,LG,2,7
20210508HHLG02021,20210508,LG,HH,11,2
20210507SMGY1,20210507,,,0,0
20210508NCKT02021,20210508,KT,NC,4,5
20210508OBHT02021,20210508,HT,OB,5,11
20210508WOSK02021,20210508,SK,WO,2,9
20210509SMGY1,20210509,,,0,0
20210509RDS1,20210509,,,0,0
20210509HHLG12021,20210509,LG,HH,11,1
20210509NCKT12021,20210509,KT,NC,11,16
20210509LTSS02021,20210509,SS,LT,8,6
20210509OBHT12021,20210509,HT,OB,3,5
20210509WOSK12021,20210509,SK,WO,4,1
20210509HHLG22021,20210509,LG,HH,4,5
20210509WOSK22021,20210509,SK,WO,4,3
20210509NCKT22021,20210509,KT,NC,9,5
20210510BASEETC1,20210510,,,0,0
20210509OBHT22021,20210509,HT,OB,0,9
20210510BASEETC2,20210510,,,0,0
20210511NCHH02021,20210511,HH,NC,2,7
20210511NCSSG1,20210511,,,0,0
20210511LGHT02021,20210511,HT,LG,7,1
20210511SSKT02021,20210511,KT,SS,9,6
20210511SKLT02021,20210511,LT,SK,6,7
20210511WOOB02021,20210511,OB,WO,3,2
20210512NCSSG1,20210512,,,0,0
20210512LGHT02021,20210512,HT,LG,5,3
20210512WOOB02021,20210512,OB,WO,0,3
20210512NCHH02021,20210512,HH,NC,3,6
20210512SSKT02021,20210512,KT,SS,5,7
20210512SKLT02021,20210512,LT,SK,2,9
20210513LGHT02021,20210513,HT,LG,3,8
20210513NCSSG1,20210513,,,0,0
20210513NCHH02021,20210513,HH,NC,2,4
20210513SSKT02021,20210513,KT,SS,0,4
20210513SKLT02021,20210513,LT,SK,5,4
20210513WOOB02021,20210513,OB,WO,13,14
20210514RDS1,20210514,,,0,0
20210514HHWO02021,20210514,WO,HH,1,6
20210514KTLT02021,20210514,LT,KT,1,9
20210514OBSK02021,20210514,SK,OB,3,6
20210514SSLG02021,20210514,LG,SS,4,3
20210514HTNC02021,20210514,NC,HT,5,2
20210515RDS1,20210515,,,0,0
20210515HTNC02021,20210515,NC,HT,7,3
20210515HHWO02021,20210515,WO,HH,15,1
20210515KTLT02021,20210515,LT,KT,4,5
20210515SSLG02021,20210515,LG,SS,14,4
20210516HHWO02021,20210516,WO,HH,5,1
20210517OBSK02021,20210517,SK,OB,3,8
20210517SBO1,20210517,,,0,0
20210516RDS1,20210517,,,0,0
20210517SSLG02021,20210517,LG,SS,1,3
20210517SBO2,20210517,,,0,0
20210518KIALG1,20210518,,,0,0
20210518LTHH02021,20210518,HH,LT,3,4
20210518NCLG02021,20210518,LG,NC,1,0
20210518OBKT02021,20210518,KT,OB,1,0
20210518SKHT02021,20210518,HT,SK,5,7
20210518WOSS02021,20210518,SS,WO,3,15
20210519KIALG1,20210519,,,0,0
20210519LTHH02021,20210519,HH,LT,12,2
20210519NCLG02021,20210519,LG,NC,6,5
20210519OBKT02021,20210519,KT,OB,6,5
20210519WOSS02021,20210519,SS,WO,2,9
20210520NCLG02021,20210520,LG,NC,1,11
20210520CADK,20210520,,,0,0
20210521HTSS02021,20210521,SS,HT,5,3
20210521RDS1,20210521,,,0,0
20210519SKHT02021,20210519,HT,SK,5,11
20210521KTHH02021,20210521,HH,KT,4,0
20210521LGSK02021,20210521,SK,LG,6,5
20210521LTOB02021,20210521,OB,LT,1,9
20210521NCWO02021,20210521,WO,NC,2,0
20210522SSG1,20210522,,,0,0
20210522HTSS02021,20210522,SS,HT,4,9
20210522KTHH02021,20210522,HH,KT,5,0
20210522LGSK02021,20210522,SK,LG,8,3
20210522LTOB02021,20210522,OB,LT,4,3
20210523RDS1,20210523,,,0,0
20210522NCWO02021,20210522,WO,NC,13,6
20210523HTSS02021,20210523,SS,HT,7,5
20210523LGSK02021,20210523,SK,LG,8,0
20210523KTHH02021,20210523,HH,KT,1,8
20210524SBO1,20210524,,,0,0
20210523LTOB02021,20210523,OB,LT,4,0
20210523NCWO02021,20210523,WO,NC,7,4
20210524SBO2,20210524,,,0,0
20210526HHOB02021,20210526,OB,HH,9,3
20210526LGLT02021,20210526,LT,LG,3,5
20210526SKKT02021,20210526,KT,SK,5,9
20210526WOHT02021,20210526,HT,WO,3,2
20210526SSNC02021,20210526,NC,SS,1,7
20210527SKKH,20210527,,,0,0
20210422KUSF1,20210527,,,0,0
20210527HHOB02021,20210527,OB,HH,0,3
20210527SKKT02021,20210527,KT,SK,6,5
20210527LGLT02021,20210527,LT,LG,1,8
20210527SSNC02021,20210527,NC,SS,6,3
20210528KTHT02021,20210528,HT,KT,7,6
20210527WOHT02021,20210527,HT,WO,5,4
20210528OBSS02021,20210528,SS,OB,4,9
20210528SKHH02021,20210528,HH,SK,3,12
20210529SMGY1,20210529,,,0,0
20210528WOLG02021,20210528,LG,WO,3,1
20210529KTHT02021,20210529,HT,KT,5,7
20210529OBSS02021,20210529,SS,OB,16,4
20210529NCLT12021,20210529,LT,NC,10,10
20210529SKHH02021,20210529,HH,SK,2,6
20210529NCLT22021,20210529,LT,NC,2,6
20210529WOLG02021,20210529,LG,WO,2,7
20210530SMGY1,20210530,,,0,0
20210530NCLT02021,20210530,LT,NC,4,5
20210530KTHT02021,20210530,HT,KT,3,4
20210530WOLG02021,20210530,LG,WO,8,2
20210530SKHH02021,20210530,HH,SK,1,5
20210530OBSS02021,20210530,SS,OB,2,4
20210601HTHH02021,20210601,HH,HT,9,1
20210601RDS1,20210601,,,0,0
20210601LTWO02021,20210601,WO,LT,0,3
20210601KTLG02021,20210601,LG,KT,1,8
20210601OBNC02021,20210601,NC,OB,3,4
20210601SSSK02021,20210601,SK,SS,1,0
20210602KBASEETC1,20210602,,,0,0
20210602RDS1,20210602,,,0,0
20210602KTLG02021,20210602,LG,KT,6,5
20210602HTHH02021,20210602,HH,HT,3,5
20210602OBNC02021,20210602,NC,OB,9,5
20210602LTWO02021,20210602,WO,LT,2,4
20210602SSSK02021,20210602,SK,SS,7,8
20210603KBASEETC1,20210603,,,0,0
20210603LTWO02021,20210603,WO,LT,9,4
20210604LGHT02021,20210604,HT,LG,4,3
20210604LTKT02021,20210604,KT,LT,0,15
20210604SKOB02021,20210604,OB,SK,3,2
20210605HHNC02021,20210605,NC,HH,6,1
20210604HHNC02021,20210604,NC,HH,6,3
20210604SSWO02021,20210604,WO,SS,3,6
20210605LGHT02021,20210605,HT,LG,2,8
20210605LTKT02021,20210605,KT,LT,8,1
20210605SKOB02021,20210605,OB,SK,8,5
20210605SSWO02021,20210605,WO,SS,6,2
20210606HHNC02021,20210606,NC,HH,10,13
20210606LGHT02021,20210606,HT,LG,0,10
20210606SKOB02021,20210606,OB,SK,1,4
20210606LTKT02021,20210606,KT,LT,7,8
20210606SSWO02021,20210606,WO,SS,1,3
20210608RDS1,20210608,,,0,0
20210608HTSS02021,20210608,SS,HT,7,0
20210608KTSK02021,20210608,SK,KT,2,4
20210608NCLG02021,20210608,LG,NC,2,1
20210608WOHH02021,20210608,HH,WO,4,2
20210608OBLT02021,20210608,LT,OB,18,9
20210609RDS1,20210609,,,0,0
20210609HTSS02021,20210609,SS,HT,5,7
20210609NCLG02021,20210609,LG,NC,6,3
20210609KTSK02021,20210609,SK,KT,3,7
20210609WOHH02021,20210609,HH,WO,2,6
20210609OBLT02021,20210609,LT,OB,8,14
20210610RDS1,20210610,,,0,0
20210610HTSS02021,20210610,SS,HT,4,2
20210610OBLT02021,20210610,LT,OB,5,4
20210610NCLG02021,20210610,LG,NC,0,6
20210610WOHH02021,20210610,HH,WO,1,0
20210611OBLG02021,20210611,LG,OB,3,1
20210611NCSS02021,20210611,SS,NC,4,5
20210611HHKT02021,20210611,KT,HH,6,5
20210611RDS1,20210611,,,0,0
20210611WOSK02021,20210611,SK,WO,8,6
20210612RDS1,20210612,,,0,0
20210612HHKT02021,20210612,KT,HH,7,2
20210612NCSS02021,20210612,SS,NC,4,1
20210612OBLG02021,20210612,LG,OB,3,8
20210612WOSK02021,20210612,SK,WO,5,4
20210613HTLT12021,20210613,LT,HT,8,6
20210613NCSS02021,20210613,SS,NC,5,3
20210613RDS2,20210613,,,0,0
20210613HHKT02021,20210613,KT,HH,6,3
20210613OBLG02021,20210613,LG,OB,2,0
20210613WOSK02021,20210613,SK,WO,3,7
20210613HTLT22021,20210613,LT,HT,3,6
20210614SBO1,20210614,,,0,0
20210614SBO2,20210614,,,0,0
20210615LGWO02021,20210615,WO,LG,2,4
20210615LTHH02021,20210615,HH,LT,3,2
20210615SSOB02021,20210615,OB,SS,6,8
20210616LTHH12021,20210616,HH,LT,9,4
20210616SKHT12021,20210616,HT,SK,1,10
20210616KTNC02021,20210616,NC,KT,3,7
20210616LGWO02021,20210616,WO,LG,6,3
20210616SKHT22021,20210616,HT,SK,2,0
20210616LTHH22021,20210616,HH,LT,4,3
20210616SSOB02021,20210616,OB,SS,3,5
20210617UBASEBALL1,20210617,,,0,0
20210617UBASEBALL2,20210617,,,0,0
20210617UBASEBALL3,20210617,,,0,0
20210617KTNC02021,20210617,NC,KT,9,1
20210617LGWO02021,20210617,WO,LG,5,6
20210617LTHH02021,20210617,HH,LT,2,9
20210617SSOB02021,20210617,OB,SS,6,2
20210618UBASEBALL2,20210618,,,0,0
20210617SKHT02021,20210617,HT,SK,3,6
20210618UBASEBALL1,20210618,,,0,0
20210617UBASEBALL4,20210618,,,0,0
20210618FU1,20210618,,,0,0
20210618UBASEBALL4,20210618,,,0,0
20210618UBASEBALL6,20210618,,,0,0
20210618UBASEBALL3,20210618,,,0,0
20210618HTLG02021,20210618,LG,HT,5,0
20210618OBKT02021,20210618,KT,OB,3,11
20210618SSLT02021,20210618,LT,SS,7,4
20210618SKHH02021,20210618,HH,SK,4,3
20210618WONC02021,20210618,NC,WO,5,0
20210618UBASEBALL5,20210618,,,0,0
20210618UBASEBALL7,20210618,,,0,0
20210619SKHH02021,20210619,HH,SK,5,7
20210619FU1,20210619,,,0,0
20210619OBKT12021,20210619,KT,OB,3,9
20210619HTLG02021,20210619,LG,HT,7,2
20210619SSLT02021,20210619,LT,SS,1,9
20210619OBKT22021,20210619,KT,OB,4,3
20210619WONC02021,20210619,NC,WO,7,12
20210619UBASEBALL1,20210619,,,0,0
20210620HTLG02021,20210620,LG,HT,6,0
20210620OBKT02021,20210620,KT,OB,4,1
20210620SSLT02021,20210620,LT,SS,8,7
20210620SKHH02021,20210620,HH,SK,3,4
20210620WONC02021,20210620,NC,WO,4,8
20210620UBASEBALL1,20210620,,,0,0
20210621UBASEBALL1,20210621,,,0,0
20210621SBO1,20210621,,,0,0
20210621UBASEBALL2,20210621,,,0,0
20210621SBO2,20210621,,,0,0
20210621UBASEBALL3,20210621,,,0,0
20210622UBASEBALL3,20210622,,,0,0
20210621UBASEBALL4,20210621,,,0,0
20210622UBASEBALL1,20210622,,,0,0
20210622UBASEBALL4,20210622,,,0,0
20210622HTKT02021,20210622,KT,HT,6,3
20210622RDS1,20210622,,,0,0
20210622HHSS02021,20210622,SS,HH,9,0
20210622LGSK02021,20210622,SK,LG,1,14
20210622NCLT02021,20210622,LT,NC,2,5
20210622WOOB02021,20210622,OB,WO,10,3
20210623UBASEBALL1,20210623,,,0,0
20210623FU1,20210623,,,0,0
20210622UBASEBALL2,20210623,,,0,0
20210623HHSS02021,20210623,SS,HH,3,0
20210623RDS1,20210623,,,0,0
20210623LGSK02021,20210623,SK,LG,7,4
20210623HTKT02021,20210623,KT,HT,1,2
20210623NCLT02021,20210623,LT,NC,13,7
20210624UBASEBALL1,20210624,,,0,0
20210623WOOB02021,20210623,OB,WO,3,4
20210624FU1,20210624,,,0,0
20210624UBASEBALL2,20210624,,,0,0
20210624RDS1,20210624,,,0,0
20210624HHSS02021,20210624,SS,HH,3,2
20210624HTKT02021,20210624,KT,HT,6,3
20210622UBASEBALL5,20210623,,,0,0
20210624LGSK02021,20210624,SK,LG,8,5
20210624NCLT02021,20210624,LT,NC,4,6
20210624WOOB02021,20210624,OB,WO,1,2
20210625UBASEBALL1,20210625,,,0,0
20210625KTHH02021,20210625,HH,KT,0,2
20210625HTWO02021,20210625,WO,HT,14,5
20210625LTOB02021,20210625,OB,LT,1,9
20210626HTWO02021,20210626,WO,HT,6,1
20210626LGSS12021,20210626,SS,LG,5,10
20210625SKNC02021,20210625,NC,SK,11,10
20210626KTHH02021,20210626,HH,KT,2,11
20210626LTOB02021,20210626,OB,LT,3,4
20210626SKNC02021,20210626,NC,SK,10,10
20210626LGSS22021,20210626,SS,LG,10,7
20210627HTWO02021,20210627,WO,HT,5,4
20210627LGSS02021,20210627,SS,LG,5,9
20210627KTHH02021,20210627,HH,KT,1,11
20210627SKNC02021,20210627,NC,SK,4,3
20210629RDS1,20210629,,,0,0
20210629NCHT02021,20210629,HT,NC,3,7
20210629LTWO02021,20210629,WO,LT,5,13
20210629SSSK02021,20210629,SK,SS,10,3
20210630SSSK12021,20210630,SK,SS,3,3
20210630KTLG02021,20210630,LG,KT,3,4
20210630RDS1,20210630,,,0,0
20210630LTWO02021,20210630,WO,LT,6,5
20210630OBHH02021,20210630,HH,OB,6,8
20210630SSSK22021,20210630,SK,SS,8,4
20210701KTLG02021,20210701,LG,KT,1,6
20210701RDS1,20210701,,,0,0
20210701LTWO02021,20210701,WO,LT,13,1
20210701NCHT02021,20210701,HT,NC,6,3
20210702RDS1,20210702,,,0,0
20210701SSSK02021,20210701,SK,SS,7,8
20210701OBHH02021,20210701,HH,OB,3,10
20210702HHLG02021,20210702,LG,HH,3,5
20210702LTSK02021,20210702,SK,LT,5,6
20210702OBHT02021,20210702,HT,OB,8,3
20210702SSNC02021,20210702,NC,SS,2,5
20210702WOKT02021,20210702,KT,WO,4,1
20210704RDS1,20210704,,,0,0
20210704HHLG02021,20210704,LG,HH,5,0
20210704LTSK02021,20210704,SK,LT,4,6
20210704OBHT02021,20210704,HT,OB,7,3
20210704SSNC02021,20210704,NC,SS,0,5
20210704WOKT02021,20210704,KT,WO,12,3
20210705SBOBB1,20210705,,,0,0
20210705RDS1,20210705,,,0,0
20210705WOKT02021,20210705,KT,WO,5,15
20210705LTSK02021,20210705,SK,LT,10,4
20210705HHLG02021,20210705,LG,HH,7,6
20210705SBOBB2,20210705,,,0,0
20210706NCLG1,20210706,,,0,0
20210707HTHH02021,20210707,HH,HT,1,4
20210706NCOB02021,20210706,OB,NC,3,7
20210706SKWO02021,20210706,WO,SK,4,0
20210707NCOB02021,20210707,OB,NC,4,2
20210707SKWO02021,20210707,WO,SK,8,2
20210708NCLG1,20210708,,,0,0
20210708KTSS02021,20210708,SS,KT,2,3
20210708SKWO02021,20210708,WO,SK,3,9
20210709RDS1,20210709,,,0,0
20210709HHSK02021,20210709,SK,HH,3,9
20210710HHSK02021,20210710,SK,HH,1,3
20210710SSG1,20210710,,,0,0
20210709LTSS02021,20210709,SS,LT,5,9
20210709KTHT02021,20210709,HT,KT,10,4
20210710LTSS02021,20210710,SS,LT,3,2
20210711SSG1,20210711,,,0,0
20210711HHSK02021,20210711,SK,HH,8,2
20210711KTHT02021,20210711,HT,KT,2,0
20210711LTSS02021,20210711,SS,LT,11,0
20210712DOCU1,20210712,,,0,0
20210719fgro2,20210719,,,0,0
20210723KBOPG1,20210723,,,0,0
20210724KBOPG1,20210724,,,0,0
20210725KBO1,20210725,,,0,0
20210726BB1,20210726,,,0,0
KBOFUTURESSGDS1,20210804,,,0,0
20210802OBS1,20210802,,,0,0
20210803FUTURESSGDS1,20210803,,,0,0
20210805KBOFUTURESSGDS1,20210805,,,0,0
20210809OBS1,20210809,,,0,0
20210810HHHT02021,20210810,HT,HH,4,1
20210810KTWO02021,20210810,WO,KT,3,1
20210810LTNC02021,20210810,NC,LT,2,5
20210810SKLG02021,20210810,LG,SK,4,0
20210811FU1,20210811,,,0,0
20210811HHHT02021,20210811,HT,HH,7,7
20210811KTWO02021,20210811,WO,KT,4,1
20210811LTNC02021,20210811,NC,LT,4,5
20210811OBSS02021,20210811,SS,OB,6,8
20210812HHBB802,20210812,,,0,0
20210811SKLG02021,20210811,LG,SK,12,5
20210812HHBB8,20210812,,,0,0
20210812KTWO02021,20210812,WO,KT,6,4
20210812FU1,20210812,,,0,0
20210812LTNC02021,20210812,NC,LT,5,4
20210812OBSS02021,20210812,SS,OB,9,2
20210813HHBB1,20210813,,,0,0
20210813HHBB2,20210813,,,0,0
20210813HTSK02021,20210813,SK,HT,1,8
20210813SSG1,20210813,,,0,0
20210813LTLG02021,20210813,LG,LT,0,2
20210813NCHH02021,20210813,HH,NC,1,5
20210813OBWO02021,20210813,WO,OB,9,16
20210813SSKT02021,20210813,KT,SS,7,6
20210814SSG1,20210814,,,0,0
20210814NCHH02021,20210814,HH,NC,9,9
20210814HTSK02021,20210814,SK,HT,2,2
20210814OBWO02021,20210814,WO,OB,5,1
20210814LTLG02021,20210814,LG,LT,3,4
20210814SSKT02021,20210814,KT,SS,8,4
20210815HHBB1,20210815,,,0,0
20210815HTSK02021,20210815,SK,HT,10,5
20210815SSG1,20210815,,,0,0
20210815LTLG02021,20210815,LG,LT,7,1
20210815NCHH02021,20210815,HH,NC,3,3
20210815OBWO02021,20210815,WO,OB,8,1
20210815SSKT02021,20210815,KT,SS,6,4
20210816OBS1,20210816,,,0,0
20210817LGKT02021,20210817,KT,LG,5,5
20210817SSHH02021,20210817,HH,SS,4,2
20210817SSG1,20210817,,,0,0
20210817WOLT02021,20210817,LT,WO,1,0
20210818HSBB1,20210818,,,0,0
20210818SSG1,20210818,,,0,0
20210818HSBB2,20210818,,,0,0
20210818HTOB02021,20210818,OB,HT,3,7
20210818LGKT02021,20210818,KT,LG,8,1
20210818FU1,20210818,,,0,0
20210818NCSK02021,20210818,SK,NC,6,1
20210818SSHH02021,20210818,HH,SS,2,6
20210818WOLT02021,20210818,LT,WO,3,0
20210819HSBB1,20210819,,,0,0
20210819HSBB2,20210819,,,0,0
20210819SSG1,20210819,,,0,0
20210819FU1,20210819,,,0,0
20210819LGKT02021,20210819,KT,LG,0,1
20210819HTOB02021,20210819,OB,HT,5,5
20210819NCSK02021,20210819,SK,NC,5,8
20210819SSHH02021,20210819,HH,SS,3,11
20210820HSBB2,20210820,,,0,0
20210820HSBB1,20210820,,,0,0
20210820KTLT02021,20210820,LT,KT,4,5
20210820HHOB02021,20210820,OB,HH,9,1
20210820SKSS02021,20210820,SS,SK,3,2
20210820WOHT02021,20210820,HT,WO,3,2
20210820LGNC02021,20210820,NC,LG,8,3
20210821HHOB02021,20210821,OB,HH,1,3
20210822HSBB1,20210822,,,0,0
20210822KTLT02021,20210822,LT,KT,1,3
20210822HHOB02021,20210822,OB,HH,3,11
20210822LGNC02021,20210822,NC,LG,4,3
20210822WOHT02021,20210822,HT,WO,1,6
20210823FBS1,20210823,,,0,0
20210822SKSS02021,20210822,SS,SK,4,4
20210823KTLT02021,20210823,LT,KT,6,2
20210824HHOB02021,20210824,OB,HH,11,8
20210824WOHT02021,20210824,HT,WO,2,8
20210824SKSS02021,20210824,SS,SK,9,8
20210825HHWO02021,20210825,WO,HH,2,7
20210825LTHT02021,20210825,HT,LT,11,6
20210825SKKT02021,20210825,KT,SK,7,1
20210825SSLG02021,20210825,LG,SS,3,3
20210826FLKBO1,20210826,,,0,0
20210826OBNC12021,20210826,NC,OB,0,7
20210826HHWO02021,20210826,WO,HH,4,4
20210826LTHT02021,20210826,HT,LT,3,3
20210826SKKT02021,20210826,KT,SK,10,5
20210826OBNC22021,20210826,NC,OB,3,5
20210827FUKBO1,20210827,,,0,0
20210826SSLG02021,20210826,LG,SS,4,3
20210827SSLG02021,20210827,LG,SS,3,1
20210827HHWO02021,20210827,WO,HH,4,3
20210827SKKT02021,20210827,KT,SK,6,4
20210827OBNC02021,20210827,NC,OB,4,2
20210828SSG1,20210828,,,0,0
20210828HTSK02021,20210828,SK,HT,12,4
20210828NCHH02021,20210828,HH,NC,9,1
20210828OBLT02021,20210828,LT,OB,10,10
20210828WOLG02021,20210828,LG,WO,3,2
20210828SSKT02021,20210828,KT,SS,5,6
20210829SSG1,20210829,,,0,0
20210829HTSK02021,20210829,SK,HT,9,0
20210829NCHH02021,20210829,HH,NC,3,2
20210829SSKT02021,20210829,KT,SS,8,3
20210829OBLT02021,20210829,LT,OB,4,2
20210829WOLG02021,20210829,LG,WO,11,2
20210830DBG1,20210830,,,0,0
20210831KTHH02021,20210831,HH,KT,5,2
20210831LGLT02021,20210831,LT,LG,4,9
20210831WOSS02021,20210831,SS,WO,3,2
20210901HIGHBB1,20210901,,,0,0
20210901SSG1,20210901,,,0,0
20210901HTOB12021,20210901,OB,HT,5,0
20210901NCSK12021,20210901,SK,NC,2,9
20210901WOSS12021,20210901,SS,WO,7,1
20210901HTOB22021,20210901,OB,HT,2,3
20210901HIGHBB2,20210901,,,0,0
20210901NCSK22021,20210901,SK,NC,9,4
20210902HIGHBB1,20210902,,,0,0
20210901KTHH02021,20210901,HH,KT,3,8
20210902SSG1,20210902,,,0,0
20210902HIGHBB2,20210902,,,0,0
20210902KTWO02021,20210902,WO,KT,1,0
20210902NCLG02021,20210902,LG,NC,5,0
20210902OBSK02021,20210902,SK,OB,10,1
20210902SSHT02021,20210902,HT,SS,1,5
20210903HIGHBB1,20210903,,,0,0
20210903FULGLTSSG1,20210903,,,0,0
20210903HIGHBB2,20210903,,,0,0
20210903HHLT12021,20210903,LT,HH,6,3
20210903KTWO02021,20210903,WO,KT,1,11
20210903SSG1,20210903,,,0,0
20210903HHLT22021,20210903,LT,HH,2,0
20210903NCLG02021,20210903,LG,NC,2,5
20210903SSHT02021,20210903,HT,SS,3,9
20210903OBSK02021,20210903,SK,OB,3,1
20210904HTHH02021,20210904,HH,HT,6,2
20210904KTLG02021,20210904,LG,KT,1,11
20210904LTNC02021,20210904,NC,LT,2,8
20210904OBSS02021,20210904,SS,OB,11,4
20210904SKWO02021,20210904,WO,SK,9,2
20210905HSBB2,20210905,,,0,0
20210905FU1,20210905,,,0,0
20210905HTHH02021,20210905,HH,HT,5,5
20210905KTLG02021,20210905,LG,KT,0,11
20210905OBSS02021,20210905,SS,OB,5,6
20210905LTNC02021,20210905,NC,LT,9,3
20210905SKWO02021,20210905,WO,SK,10,8
20210906OBS1,20210906,,,0,0
20210907HHNC02021,20210907,NC,HH,16,4
20210907LTSS02021,20210907,SS,LT,2,4
20210908SSG1,20210908,,,0,0
20210908HHNC02021,20210908,NC,HH,1,3
20210908LGSK02021,20210908,SK,LG,5,3
20210908HTKT02021,20210908,KT,HT,5,5
20210908LTSS02021,20210908,SS,LT,4,5
20210908WOOB02021,20210908,OB,WO,7,1
20210909HHLG02021,20210909,LG,HH,8,1
20210909HTWO02021,20210909,WO,HT,5,3
20210909SKLT02021,20210909,LT,SK,2,9
20210909KTSS02021,20210909,SS,KT,8,7
20210909OBNC02021,20210909,NC,OB,2,6
20210910FUTURE1,20210910,,,0,0
20210910HHLG02021,20210910,LG,HH,2,0
20210910HTWO02021,20210910,WO,HT,4,3
20210910KTSS02021,20210910,SS,KT,2,2
20210910SKLT02021,20210910,LT,SK,4,3
20210910OBNC02021,20210910,NC,OB,1,8
20210911LGOB02021,20210911,OB,LG,5,5
20210911FUTURE1,20210911,,,0,0
20210911NCHT02021,20210911,HT,NC,5,3
20210911SKKT02021,20210911,KT,SK,2,2
20210911SSHH02021,20210911,HH,SS,4,5
20210911WOLT02021,20210911,LT,WO,7,13
20210912LGOB12021,20210912,OB,LG,8,5
20210912SKKT12021,20210912,KT,SK,10,0
20210912NCHT12021,20210912,HT,NC,2,8
20210912SSHH12021,20210912,HH,SS,3,3
20210912WOLT12021,20210912,LT,WO,3,8
20210912SSHH22021,20210912,HH,SS,6,6
20210912SKKT22021,20210912,KT,SK,3,2
20210912NCHT22021,20210912,HT,NC,0,3
20210912WOLT22021,20210912,LT,WO,3,2
20210912LGOB22021,20210912,OB,LG,8,5
20210913KBO1,20210913,,,0,0
20210913OBS1,20210913,,,0,0
20210914SSG1,20210914,,,0,0
20210914HHSK02021,20210914,SK,HH,5,11
20210914KTOB02021,20210914,OB,KT,3,4
20210914LGSS02021,20210914,SS,LG,3,3
20210914WONC02021,20210914,NC,WO,10,8
20210914LTHT02021,20210914,HT,LT,7,8
20210915FUTURE1,20210915,,,0,0
20210915SSG1,20210915,,,0,0
20210915LTHT12021,20210915,HT,LT,3,6
20210915HHSK02021,20210915,SK,HH,9,6
20210915KTOB02021,20210915,OB,KT,6,2
20210915LGSS02021,20210915,SS,LG,2,5
20210915WONC02021,20210915,NC,WO,13,2
20210915LTHT22021,20210915,HT,LT,5,3
20210916HHWO02021,20210916,WO,HH,8,8
20210916FUTURE1,20210916,,,0,0
20210916LGNC02021,20210916,NC,LG,2,0
20210916HTSS02021,20210916,SS,HT,5,6
20210916LTKT02021,20210916,KT,LT,7,4
20210916SKOB02021,20210916,OB,SK,3,3
20210917HHWO02021,20210917,WO,HH,5,15
20210917HTSS02021,20210917,SS,HT,6,3
20210917LTKT02021,20210917,KT,LT,0,2
20210917LGNC02021,20210917,NC,LG,6,4
20210917SKOB02021,20210917,OB,SK,7,2
20210918SSG1,20210918,,,0,0
20210918HTLG02021,20210918,LG,HT,6,9
20210918LTHH02021,20210918,HH,LT,13,2
20210918KTNC02021,20210918,NC,KT,1,8
20210918OBWO02021,20210918,WO,OB,3,3
20210918SSSK02021,20210918,SK,SS,4,9
20210919SSG1,20210919,,,0,0
20210919HTLG02021,20210919,LG,HT,4,3
20210919KTNC02021,20210919,NC,KT,2,8
20210919LTHH02021,20210919,HH,LT,1,3
20210919OBWO02021,20210919,WO,OB,0,6
20210919SSSK02021,20210919,SK,SS,4,4
20210920OBS1,20210920,,,0,0
20210921SSG1,20210921,,,0,0
20210921KTHT02021,20210921,HT,KT,5,11
20210921LGHH02021,20210921,HH,LG,15,6
20210921NCOB02021,20210921,OB,NC,12,2
20210921WOSK02021,20210921,SK,WO,13,10
20210921SSLT02021,20210921,LT,SS,9,11
20210922KTHT02021,20210922,HT,KT,7,2
20210922SSG1,20210922,,,0,0
20210922LGHH02021,20210922,HH,LG,3,12
20210922NCOB02021,20210922,OB,NC,8,0
20210922SSLT02021,20210922,LT,SS,17,8
20210923SSG1,20210923,,,0,0
20210923HHKT02021,20210923,KT,HH,3,1
20210923NCWO02021,20210923,WO,NC,4,1
20210923LTSK02021,20210923,SK,LT,9,8
20210923OBHT02021,20210923,HT,OB,1,3
20210922WOSK02021,20210922,SK,WO,7,7
20210923SSLG02021,20210923,LG,SS,4,7
20210924SSG1,20210924,,,0,0
20210924LTSK12021,20210924,SK,LT,9,4
20210924HHKT02021,20210924,KT,HH,1,4
20210924NCWO02021,20210924,WO,NC,3,2
20210924OBHT02021,20210924,HT,OB,2,8
20210924SSLG02021,20210924,LG,SS,11,3
20210924LTSK22021,20210924,SK,LT,6,6
20210925HHOB02021,20210925,OB,HH,1,5
20210925LTWO02021,20210925,WO,LT,6,12
20210925LGKT02021,20210925,KT,LG,0,0
20210925NCSS02021,20210925,SS,NC,1,0
20210925SKHT02021,20210925,HT,SK,7,1
20210926HHOB02021,20210926,OB,HH,5,3
20210926LGKT02021,20210926,KT,LG,0,4
20210926LTWO02021,20210926,WO,LT,11,2
20210926NCSS02021,20210926,SS,NC,1,0
20210926SKHT02021,20210926,HT,SK,6,5
20210926OBS1,20210927,,,0,0
20210928KIAKT1,20210928,,,0,0
20210928HTNC02021,20210928,NC,HT,10,9
20210928LTLG02021,20210928,LG,LT,5,2
20210928OBKT02021,20210928,KT,OB,5,1
20210928SKSS02021,20210928,SS,SK,2,7
20210928WOHH02021,20210928,HH,WO,1,1
20210929OBKT02021,20210929,KT,OB,3,8
20210929HTNC12021,20210929,NC,HT,4,1
20210930HHSS02021,20210930,SS,HH,6,2
20210930KTLT02021,20210930,LT,KT,8,4
20210930OBLG02021,20210930,LG,OB,12,4
20210930SKNC02021,20210930,NC,SK,6,2
20210930WOHT02021,20210930,HT,WO,0,2
20211001KTLT12021,20211001,LT,KT,4,3
20211001HHSS02021,20211001,SS,HH,2,8
20211001KTLT22021,20211001,LT,KT,3,2
20211001WOHT02021,20211001,HT,WO,6,0
20211001SKNC02021,20211001,NC,SK,3,3
20211001OBLG02021,20211001,LG,OB,0,2
20211002RDS1,20211002,,,0,0
20211002HHHT02021,20211002,HT,HH,4,4
20211002KTSK02021,20211002,SK,KT,2,2
20211002LGWO02021,20211002,WO,LG,3,10
20211002NCLT02021,20211002,LT,NC,4,4
20211002SSOB02021,20211002,OB,SS,6,0
20211003HHHT02021,20211003,HT,HH,9,6
20211003RDS1,20211003,,,0,0
20211003KTSK02021,20211003,SK,KT,6,8
20211003LGWO02021,20211003,WO,LG,3,3
20211003NCLT02021,20211003,LT,NC,11,7
20211003SSOB02021,20211003,OB,SS,9,13
20211005NCKT02021,20211005,KT,NC,4,4
20211005OBHH02021,20211005,HH,OB,4,3
20211005SKLG02021,20211005,LG,SK,0,8
20211005SSWO02021,20211005,WO,SS,8,2
20211006FU1,20211006,,,0,0
20211006SKLG12021,20211006,LG,SK,4,1
20211006HTLT02021,20211006,LT,HT,2,4
20211005HTLT02021,20211005,LT,HT,13,3
20211006NCKT02021,20211006,KT,NC,2,4
20211006OBHH02021,20211006,HH,OB,3,4
20211006SSWO02021,20211006,WO,SS,3,9
2021007FU1,20211007,,,0,0
20211006SKLG22021,20211006,LG,SK,3,11
20210627LTOB02021,20211007,OB,LT,6,7
20211007LGHT02021,20211007,HT,LG,1,8
20211007LTOB02021,20211007,OB,LT,2,7
20211007SSNC02021,20211007,NC,SS,4,5
20211007SKHH02021,20211007,HH,SK,4,3
20211007WOKT02021,20211007,KT,WO,9,2
20211008LTOB02021,20211008,OB,LT,14,5
20211008SSNC02021,20211008,NC,SS,6,0
20211109RDS1,20211009,,,0,0
20211008LGHT02021,20211008,HT,LG,2,2
20211008SKHH02021,20211008,HH,SK,3,7
20211009LTSK02021,20211009,SK,LT,2,0
20211010HTHH12021,20211010,HH,HT,1,3
20211009HTHH02021,20211009,HH,HT,4,6
20211009KTLG02021,20211009,LG,KT,6,1
20211010OBNC02021,20211010,NC,OB,5,1
20211010HTHH22021,20211010,HH,HT,0,5
20211011KTLG02021,20211011,LG,KT,2,4
20211011KUSFBB1,20211011,,,0,0
20211011OBS1,20211011,,,0,0
20211012KTOB02021,20211012,OB,KT,4,1
20211012LGSK02021,20211012,SK,LG,4,4
20211012SSHT02021,20211012,HT,SS,1,2
20211012SSG1,20211012,,,0,0
20211013KTOB02021,20211013,OB,KT,5,3
20211012NCWO02021,20211012,WO,NC,13,2
20211013SSHT02021,20211013,HT,SS,3,5
20211013LGLT02021,20211013,LT,LG,4,4
20211013NCWO02021,20211013,WO,NC,8,2
20211014KTOB02021,20211014,OB,KT,2,6
20211014LGLT02021,20211014,LT,LG,3,13
20211014NCWO02021,20211014,WO,NC,4,8
20211015SLLL1,20211015,,,0,0
20211014SSHT02021,20211014,HT,SS,5,2
20211015HTKT02021,20211015,KT,HT,7,7
20211015LGLT02021,20211015,LT,LG,4,2
20211015NCOB02021,20211015,OB,NC,0,5
20211015WOSS02021,20211015,SS,WO,0,2
20211016WOSS12021,20211016,SS,WO,7,5
20211016HHKT02021,20211016,KT,HH,11,2
20211016HTOB02021,20211016,OB,HT,4,6
20211017HHKT02021,20211017,KT,HH,1,2
20211016SKLT02021,20211016,LT,SK,4,8
20211016LGNC02021,20211016,NC,LG,2,1
20211016WOSS22021,20211016,SS,WO,5,4
20211017HTOB12021,20211017,OB,HT,3,3
20211017LGNC12021,20211017,NC,LG,1,11
20211017SKLT12021,20211017,LT,SK,4,14
20211017LGNC22021,20211017,NC,LG,0,1
20211017WOSS02021,20211017,SS,WO,6,3
20211017SKLT22021,20211017,LT,SK,3,0
20211017HTOB22021,20211017,OB,HT,5,2
20211018OBS1,20211018,,,0,0
20211019SKHT02021,20211019,HT,SK,5,4
20211019KTNC02021,20211019,NC,KT,4,2
20211019OBSS02021,20211019,SS,OB,0,5
20211019WOLG02021,20211019,LG,WO,4,5
20211020NCSK02021,20211020,SK,NC,7,7
20211020SSG1,20211020,,,0,0
20211020WOLG02021,20211020,LG,WO,5,6
20211020KTHT02021,20211020,HT,KT,3,0
20211021SSG1,20211021,,,0,0
20211021HHHT02021,20211021,HT,HH,2,13
20211021OBSK02021,20211021,SK,OB,7,1
20211021WOLG02021,20211021,LG,WO,5,5
20211022SSG1,20211022,,,0,0
20211022HHLT02021,20211022,LT,HH,1,0
20211022HTNC02021,20211022,NC,HT,3,5
20211023HTNC12021,20211023,NC,HT,4,7
20211022OBSK02021,20211022,SK,OB,12,6
20211022KTSS02021,20211022,SS,KT,4,2
20211023HHLT02021,20211023,LT,HH,15,15
20211023LGOB02021,20211023,OB,LG,3,3
20211023KTSS02021,20211023,SS,KT,4,0
20211023HTNC22021,20211023,NC,HT,5,2
20211024HHLT02021,20211024,LT,HH,3,2
20211024HTNC02021,20211024,NC,HT,4,1
20211024WOKT02021,20211024,KT,WO,7,1
20211024LGOB12021,20211024,OB,LG,5,4
20211024SKSS02021,20211024,SS,SK,3,3
20211024LGOB22021,20211024,OB,LG,3,3
20211025WOHH02021,20211025,HH,WO,4,9
20211025LTLG02021,20211025,LG,LT,4,4
20211026LGHH02021,20211026,HH,LG,0,4
20211025OBS1,20211025,,,0,0
20211026SKNC02021,20211026,NC,SK,5,7
20211026WOOB02021,20211026,OB,WO,7,2
20211027SSG1,20211027,,,0,0
20211027LGHH02021,20211027,HH,LG,1,9
20211027HTLT02021,20211027,LT,HT,2,3
20211027NCKT02021,20211027,KT,NC,6,9
20211027OBSK02021,20211027,SK,OB,5,8
20211027SSWO02021,20211027,WO,SS,8,3
20211028NCKT12021,20211028,KT,NC,1,1
20211028SSG1,20211028,,,0,0
20211028HTLT02021,20211028,LT,HT,3,5
20211028LGHH02021,20211028,HH,LG,1,1
20211028OBSK02021,20211028,SK,OB,4,3
20211028NCKT22021,20211028,KT,NC,5,2
20211029KTWO02021,20211029,WO,KT,4,2
20211029OBHT02021,20211029,HT,OB,5,11
20211029SSNC02021,20211029,NC,SS,3,1
20211030SSG1,20211030,,,0,0
20211029LGLT02021,20211029,LT,LG,1,4
20211030LGLT02021,20211030,LT,LG,4,2
20211030KTSK02021,20211030,SK,KT,3,8
20211030OBHH02021,20211030,HH,OB,3,5
20211030SSNC02021,20211030,NC,SS,5,11
20211030WOHT02021,20211030,HT,WO,1,6
44441101WOOB02021,20211101,OB,WO,4,7
66661031KTSS02021,20211031,SS,KT,0,1
20211101OBS1,20211101,,,0,0
44441102WOOB02021,20211102,OB,WO,16,8
33331104OBLG02021,20211104,LG,OB,1,5
33331105LGOB02021,20211105,OB,LG,3,9
33331107OBLG02021,20211107,LG,OB,3,10
55551109OBSS02021,20211109,SS,OB,4,6
20211110KUSF1,20211110,,,0,0
20211108OBS1,20211108,,,0,0
55551110SSOB02021,20211110,OB,SS,11,3
20211112HSBB1,20211112,,,0,0
20211112HSBB2,20211112,,,0,0
20211113HHBB1,20211113,,,0,0
20211113KBO1,20211113,,,0,0
20211113HSBB2,20211113,,,0,0
20211114HSBB1,20211114,,,0,0
20211114HSBB2,20211114,,,0,0
77771114OBKT02021,20211114,KT,OB,4,2
77771115OBKT02021,20211115,KT,OB,6,1
20211115FG1,20211115,,,0,0
20211116HSBB1,20211116,,,0,0
77771118KTOB02021,20211118,OB,KT,4,8
77771117KTOB02021,20211117,OB,KT,1,3
20211128SAM01,20211128,,,0,0
20211122OBS1,20211122,,,0,0
20211127SAM01,20211127,,,0,0
20211129SOLKBO1,20211129,,,0,0
20220303KBODHKT01,20220303,,,0,0
20220303HTSS1,20220303,,,0,0
20220304KBOLN01,20220304,,,0,0
20220305KIAKT01,20220305,,,0,0
20220304WOHH1,20220304,,,0,0
20220305WOHH1,20220305,,,0,0
20220306SKSS1,20220306,,,0,0
20220309KBO01,20220309,,,0,0
20220312HHSS02022,20220312,SS,HH,7,9
20220308KBO01,20220308,,,0,0
20220312HTNC02022,20220312,NC,HT,0,7
20220312OBWO02022,20220312,WO,OB,5,2
20220312LGKT02022,20220312,KT,LG,0,5
20220312SKLT02022,20220312,LT,SK,5,8
20220313OBWO02022,20220313,WO,OB,5,1
20220314HHLT02022,20220314,LT,HH,13,2
20220314HTSS02022,20220314,SS,HT,1,1
20220315HSB1,20220315,,,0,0
20220314SKNC02022,20220314,NC,SK,6,7
20220314LGWO02022,20220314,WO,LG,0,3
20220315HTSS02022,20220315,SS,HT,4,7
20220315HHLT02022,20220315,LT,HH,13,12
20220315LGWO02022,20220315,WO,LG,3,3
20220315SKNC02022,20220315,NC,SK,3,2
20220315OBKT02022,20220315,KT,OB,7,3
20220317SKWO02022,20220317,WO,SK,4,1
20220317OBLT02022,20220317,LT,OB,3,2
20220318HHNC02022,20220318,NC,HH,1,3
20220317HTKT02022,20220317,KT,HT,2,4
20220317HHNC02022,20220317,NC,HH,7,6
20220318HTKT02022,20220318,KT,HT,2,1
20220318LGSS02022,20220318,SS,LG,3,16
20220319HHWO02022,20220319,WO,HH,1,8
20220318SKWO02022,20220318,WO,SK,3,4
20220320HHWO02022,20220320,WO,HH,2,6
20220320LGNC02022,20220320,NC,LG,2,5
20220320OBSS02022,20220320,SS,OB,6,3
20220320HTLT02022,20220320,LT,HT,4,2
20220321HHKT02022,20220321,KT,HH,6,6
20220320SKKT02022,20220320,KT,SK,5,5
20220321OBHT02022,20220321,HT,OB,4,6
20220321NCLT02022,20220321,LT,NC,5,3
20220321WOSS02022,20220321,SS,WO,4,3
20220321LGSK02022,20220321,SK,LG,5,0
20220322HHKT02022,20220322,KT,HH,6,4
20220322LGSK02022,20220322,SK,LG,2,4
20220322OBHT02022,20220322,HT,OB,4,4
20220322WOSS02022,20220322,SS,WO,7,1
20220322NCLT02022,20220322,LT,NC,4,5
20220324HHSK02022,20220324,SK,HH,3,3
20220324KTLT02022,20220324,LT,KT,5,6
20220324LGOB02022,20220324,OB,LG,2,2
20220324SSNC02022,20220324,NC,SS,3,4
20220324WOHT02022,20220324,HT,WO,10,6
20220325HHSK02022,20220325,SK,HH,0,3
20220325KTLT02022,20220325,LT,KT,2,2
20220325OBLG02022,20220325,LG,OB,5,2
20220325SSNC02022,20220325,NC,SS,1,6
20220325WOHT02022,20220325,HT,WO,7,1
20220326LTLG02022,20220326,LG,LT,1,6
20220326NCWO02022,20220326,WO,NC,1,1
20220327HTHH02022,20220327,HH,HT,5,8
20220327LTLG02022,20220327,LG,LT,2,7
20220327NCWO02022,20220327,WO,NC,4,5
20220327OBSK02022,20220327,SK,OB,8,7
20220327SSKT02022,20220327,KT,SS,8,6
20220328KTWO02022,20220328,WO,KT,0,0
20220328LGHH02022,20220328,HH,LG,1,15
20220328NCOB02022,20220328,OB,NC,4,4
20220328LTSS02022,20220328,SS,LT,2,2
20220328SKHT02022,20220328,HT,SK,4,3
20220329KTWO02022,20220329,WO,KT,6,5
20220329LGHH02022,20220329,HH,LG,3,7
20220329NCOB02022,20220329,OB,NC,3,5
20220329SKHT02022,20220329,HT,SK,4,3
20220329LTSS02022,20220329,SS,LT,1,6
20220331SOLKBO1,20220331,,,0,0
20220402LTWO02022,20220402,WO,LT,2,7
20220402HHOB02022,20220402,OB,HH,6,4
20220402SSKT02022,20220402,KT,SS,4,1
20220402LGHT02022,20220402,HT,LG,0,9
20220402SKNC02022,20220402,NC,SK,0,4
20220403HHOB02022,20220403,OB,HH,1,0
20220403LGHT02022,20220403,HT,LG,2,3
20220403LTWO02022,20220403,WO,LT,4,3
20220403SKNC02022,20220403,NC,SK,1,4
20220403SSKT02022,20220403,KT,SS,5,6
20220405HHHT02022,20220405,HT,HH,4,3
20220405LGWO02022,20220405,WO,LG,4,8
20220405SSOB02022,20220405,OB,SS,5,6
20220405LTNC02022,20220405,NC,LT,1,5
20220407HHHT02022,20220407,HT,HH,6,2
20220407HSBSS2,20220407,,,0,0
20220405SKKT02022,20220405,KT,SK,5,8
20220407HSBSS1,20220407,,,0,0
20220406LTNC02022,20220406,NC,LT,5,0
20220406HHHT02022,20220406,HT,HH,7,4
20220406LGWO02022,20220406,WO,LG,1,2
20220407LGWO02022,20220407,WO,LG,0,6
20220407LTNC02022,20220407,NC,LT,1,2
20220406SSOB02022,20220406,OB,SS,1,7
20220407SSOB02022,20220407,OB,SS,6,5
20220407SKKT02022,20220407,KT,SK,3,4
20220406SKKT02022,20220406,KT,SK,0,3
20220408HSBSS2,20220408,,,0,0
20220408HSBSS1,20220408,,,0,0
20220408SSG1,20220408,,,0,0
20220408KTHH02022,20220408,HH,KT,2,4
20220408HTSK02022,20220408,SK,HT,3,0
20220408NCLG02022,20220408,LG,NC,1,4
20220408OBLT02022,20220408,LT,OB,1,6
20220408WOSS02022,20220408,SS,WO,0,1
20220409HSBSS2,20220409,,,0,0
20220409SSG1,20220409,,,0,0
20220409HTSK02022,20220409,SK,HT,9,5
20220409HSBSS1,20220409,,,0,0
20220409KTHH02022,20220409,HH,KT,7,1
20220409NCLG02022,20220409,LG,NC,7,6
20220409OBLT02022,20220409,LT,OB,5,4
20220409WOSS02022,20220409,SS,WO,0,3
20220410HTSK02022,20220410,SK,HT,11,2
20220410SSG1,20220410,,,0,0
20220410KTHH02022,20220410,HH,KT,6,4
20220410NCLG02022,20220410,LG,NC,5,3
20220410OBLT02022,20220410,LT,OB,3,4
20220410WOSS02022,20220410,SS,WO,5,6
20220411HSBSS1,20220411,,,0,0
20220412HHSS02022,20220412,SS,HH,2,0
20220412LTHT02022,20220412,HT,LT,6,5
20220412NCWO02022,20220412,WO,NC,10,0
20220412OBKT02022,20220412,KT,OB,1,3
20220412SKLG02022,20220412,LG,SK,1,4
20220413HHSS02022,20220413,SS,HH,12,1
20220413NCWO02022,20220413,WO,NC,5,4
20220413SKLG02022,20220413,LG,SK,2,4
20220414HHSS02022,20220414,SS,HH,8,3
20220414LTHT02022,20220414,HT,LT,2,3
20220414NCWO02022,20220414,WO,NC,1,0
20220414OBKT02022,20220414,KT,OB,4,5
20220414SKLG02022,20220414,LG,SK,5,1
20220415LGHH02022,20220415,HH,LG,7,3
20220415SSG1,20220415,,,0,0
20220415KTLT02022,20220415,LT,KT,9,7
20220415HTNC02022,20220415,NC,HT,5,0
20220415SSSK02022,20220415,SK,SS,5,0
20220415WOOB02022,20220415,OB,WO,2,4
20220416SSG1,20220416,,,0,0
20220416SSSK02022,20220416,SK,SS,6,2
20220416HTNC02022,20220416,NC,HT,0,14
20220416KTLT02022,20220416,LT,KT,0,8
20220416LGHH02022,20220416,HH,LG,2,6
20220417SSG1,20220417,,,0,0
20220416WOOB02022,20220416,OB,WO,4,1
20220417HTNC02022,20220417,NC,HT,3,4
20220417KTLT02022,20220417,LT,KT,3,0
20220417WOOB02022,20220417,OB,WO,2,6
20220417LGHH02022,20220417,HH,LG,7,8
20220419SSG1,20220419,,,0,0
20220417SSSK02022,20220417,SK,SS,7,5
20220419HHLT02022,20220419,LT,HH,2,6
20220419KTLG02022,20220419,LG,KT,0,5
20220419WOSK02022,20220419,SK,WO,5,8
20220419SSNC02022,20220419,NC,SS,11,8
20220419OBHT02022,20220419,HT,OB,6,3
20220420SSG1,20220420,,,0,0
20220420HHLT02022,20220420,LT,HH,7,0
20220420KTLG02022,20220420,LG,KT,3,5
20220420OBHT02022,20220420,HT,OB,3,4
20220420SSNC02022,20220420,NC,SS,3,0
20220420WOSK02022,20220420,SK,WO,6,1
20220421UBASEBALL1,20220421,,,0,0
20220421SSG1,20220421,,,0,0
20220421UBASEBALL2,20220421,,,0,0
20220421HHLT02022,20220421,LT,HH,6,7
20220421KTLG02022,20220421,LG,KT,2,6
20220421OBHT02022,20220421,HT,OB,1,2
20220421SSNC02022,20220421,NC,SS,3,10
20220422HTWO02022,20220422,WO,HT,4,5
20220421WOSK02022,20220421,SK,WO,4,2
20220422LGOB02022,20220422,OB,LG,1,5
20220422SKHH02022,20220422,HH,SK,2,0
20220422LTSS02022,20220422,SS,LT,2,8
20220422NCKT02022,20220422,KT,NC,4,3
20220423HTWO02022,20220423,WO,HT,3,1
20220423LGOB02022,20220423,OB,LG,4,2
20220423LTSS02022,20220423,SS,LT,2,4
20220423NCKT02022,20220423,KT,NC,4,3
20220424HTWO02022,20220424,WO,HT,2,14
20220424LGOB02022,20220424,OB,LG,0,5
20220423SKHH02022,20220423,HH,SK,9,2
20220424LTSS02022,20220424,SS,LT,4,7
20220424NCKT02022,20220424,KT,NC,1,2
20220426HTKT02022,20220426,KT,HT,5,10
20220424SKHH02022,20220424,HH,SK,1,3
20220426SKLT02022,20220426,LT,SK,1,8
20220426LGSS02022,20220426,SS,LG,7,4
20220426NCOB02022,20220426,OB,NC,8,4
20220426WOHH02022,20220426,HH,WO,5,2
20220427HTKT02022,20220427,KT,HT,3,1
20220427LGSS02022,20220427,SS,LG,0,7
20220427SKLT02022,20220427,LT,SK,1,1
20220427NCOB02022,20220427,OB,NC,6,5
20220427WOHH02022,20220427,HH,WO,0,7
20220428UBB2,20220428,,,0,0
20220428UBB1,20220428,,,0,0
20220428HTKT02022,20220428,KT,HT,5,3
20220428LGSS02022,20220428,SS,LG,4,6
20220428SKLT02022,20220428,LT,SK,4,1
20220428NCOB02022,20220428,OB,NC,5,9
20220428WOHH02022,20220428,HH,WO,1,3
20220429SSG1,20220429,,,0,0
20220429HHNC02022,20220429,NC,HH,9,4
20220429LTLG02022,20220429,LG,LT,4,9
20220429OBSK02022,20220429,SK,OB,8,7
20220430SSHT02022,20220430,HT,SS,4,5
20220429SSHT02022,20220429,HT,SS,3,4
20220430SSG1,20220430,,,0,0
20220430HHNC02022,20220430,NC,HH,0,2
20220430KTWO02022,20220430,WO,KT,4,1
20220430LTLG02022,20220430,LG,LT,1,3
20220501SSG1,20220501,,,0,0
20220430OBSK02022,20220430,SK,OB,2,1
20220501HHNC02022,20220501,NC,HH,1,2
20220429KTWO02022,20220429,WO,KT,4,6
20220501KTWO02022,20220501,WO,KT,9,3
20220501OBSK02022,20220501,SK,OB,0,9
20220501LTLG02022,20220501,LG,LT,0,4
20220501SSHT02022,20220501,HT,SS,3,6
20220503SSG1,20220503,,,0,0
20220503LTKT02022,20220503,KT,LT,10,5
20220503HHSK02022,20220503,SK,HH,4,2
20220503OBLG02022,20220503,LG,OB,4,3
20220503NCSS02022,20220503,SS,NC,6,10
20220503WOHT02022,20220503,HT,WO,1,7
20220504SSG1,20220504,,,0,0
20220504HHSK02022,20220504,SK,HH,5,8
20220504NCSS02022,20220504,SS,NC,11,5
20220504OBLG02022,20220504,LG,OB,2,5
20220504LTKT02022,20220504,KT,LT,0,5
20220505HHSK02022,20220505,SK,HH,14,4
20220505SSG1,20220505,,,0,0
20220504WOHT02022,20220504,HT,WO,4,3
20220505LTKT02022,20220505,KT,LT,8,2
20220505WOHT02022,20220505,HT,WO,10,1
20220505NCSS02022,20220505,SS,NC,5,2
20220505OBLG02022,20220505,LG,OB,4,9
20220506UBB1,20220506,,,0,0
20220506UBB2,20220506,,,0,0
20220506HTHH02022,20220506,HH,HT,2,13
20220506LGNC02022,20220506,NC,LG,8,15
20220506SKWO02022,20220506,WO,SK,9,2
20220506KTOB02022,20220506,OB,KT,0,6
20220506SSLT02022,20220506,LT,SS,0,5
20220507LGNC02022,20220507,NC,LG,3,6
20220507KTOB02022,20220507,OB,KT,11,8
20220507HTHH02022,20220507,HH,HT,4,5
20220507SSLT02022,20220507,LT,SS,1,4
20220507SKWO02022,20220507,WO,SK,0,3
20220508HTHH02022,20220508,HH,HT,6,7
20220508LGNC02022,20220508,NC,LG,2,3
20220508KTOB02022,20220508,OB,KT,0,5
20220508SKWO02022,20220508,WO,SK,2,6
20220510HHLG02022,20220510,LG,HH,9,1
20220508SSLT02022,20220508,LT,SS,2,4
20220510KTHT02022,20220510,HT,KT,1,0
20220510NCLT02022,20220510,LT,NC,7,0
20220510OBWO02022,20220510,WO,OB,0,9
20220510SKSS02022,20220510,SS,SK,1,3
20220511HHLG02022,20220511,LG,HH,5,2
20220511KTHT02022,20220511,HT,KT,5,10
20220511NCLT02022,20220511,LT,NC,6,5
20220511SKSS02022,20220511,SS,SK,6,5
20220511OBWO02022,20220511,WO,OB,1,5
20220512KTHT02022,20220512,HT,KT,5,4
20220512HHLG02022,20220512,LG,HH,11,7
20220512NCLT02022,20220512,LT,NC,2,4
20220512OBWO02022,20220512,WO,OB,2,3
20220512SKSS02022,20220512,SS,SK,4,2
20220513HTLG02022,20220513,LG,HT,1,10
20220513SSG1,20220513,,,0,0
20220513LTHH02022,20220513,HH,LT,1,8
20220513NCSK02022,20220513,SK,NC,2,6
20220513WOKT02022,20220513,KT,WO,5,7
20220514LTHH02022,20220514,HH,LT,5,8
20220514SSG1,20220514,,,0,0
20220514HTLG02022,20220514,LG,HT,5,3
20220514OBSS02022,20220514,SS,OB,4,0
20220514NCSK02022,20220514,SK,NC,2,1
20220514WOKT02022,20220514,KT,WO,0,3
20220515SSG1,20220515,,,0,0
20220515HTLG02022,20220515,LG,HT,6,3
20220515NCSK02022,20220515,SK,NC,7,8
20220515LTHH02022,20220515,HH,LT,8,4
20220515OBSS02022,20220515,SS,OB,4,3
20220515WOKT02022,20220515,KT,WO,1,5
20220517HTLT02022,20220517,LT,HT,3,4
20220517LGKT02022,20220517,KT,LG,3,2
20220517SKOB02022,20220517,OB,SK,9,9
20220518HTLT02022,20220518,LT,HT,7,15
20220517WONC02022,20220517,NC,WO,4,11
20220517SSHH02022,20220517,HH,SS,4,3
20220518SKOB02022,20220518,OB,SK,2,5
20220518LGKT02022,20220518,KT,LG,1,9
20220518WONC02022,20220518,NC,WO,15,3
20220518SSHH02022,20220518,HH,SS,3,5
20220519HTLT02022,20220519,LT,HT,2,4
20220519LGKT02022,20220519,KT,LG,3,7
20220519SKOB02022,20220519,OB,SK,3,9
20220519SSHH02022,20220519,HH,SS,1,2
20220519WONC02022,20220519,NC,WO,1,3
20220520UBB1,20220520,,,0,0
20220520UBB2,20220520,,,0,0
20220520SSG1,20220520,,,0,0
20220520LGSK02022,20220520,SK,LG,5,4
20220520HHWO02022,20220520,WO,HH,4,3
20220520KTSS02022,20220520,SS,KT,1,5
20220520NCHT02022,20220520,HT,NC,5,3
20220520LTOB02022,20220520,OB,LT,0,4
20220521HHWO02022,20220521,WO,HH,11,2
20220521SSG1,20220521,,,0,0
20220521LTOB02022,20220521,OB,LT,12,4
20220521LGSK02022,20220521,SK,LG,3,4
20220521KTSS02022,20220521,SS,KT,2,5
20220522SSG1,20220522,,,0,0
20220521NCHT02022,20220521,HT,NC,4,7
20220522HHWO02022,20220522,WO,HH,5,6
20220522KTSS02022,20220522,SS,KT,4,3
20220522LGSK02022,20220522,SK,LG,3,1
20220524SSG1,20220524,,,0,0
20220522LTOB02022,20220522,OB,LT,4,5
20220524HTSS02022,20220524,SS,HT,3,4
20220522NCHT02022,20220522,HT,NC,8,6
20220524KTNC02022,20220524,NC,KT,3,2
20220524LTSK02022,20220524,SK,LT,3,2
20220524OBHH02022,20220524,HH,OB,6,3
20220524WOLG02022,20220524,LG,WO,4,6
20220525KTNC02022,20220525,NC,KT,2,3
20220525SSG1,20220525,,,0,0
20220525LTSK02022,20220525,SK,LT,9,1
20220525HTSS02022,20220525,SS,HT,5,11
20220525OBHH02022,20220525,HH,OB,14,1
20220526SPOBB1,20220526,,,0,0
20220525WOLG02022,20220525,LG,WO,5,10
20220526SSG1,20220526,,,0,0
20220526SPOBB2,20220526,,,0,0
20220526HTSS02022,20220526,SS,HT,7,9
20220526KTNC02022,20220526,NC,KT,1,2
20220526LTSK02022,20220526,SK,LT,6,5
20220526OBHH02022,20220526,HH,OB,3,24
20220526WOLG02022,20220526,LG,WO,5,12
20220527SPOBB3,20220527,,,0,0
20220527SPOBB2,20220527,,,0,0
20220527HHKT02022,20220527,KT,HH,0,4
20220527SKHT02022,20220527,HT,SK,1,8
20220527OBNC02022,20220527,NC,OB,1,6
20220527SSLG02022,20220527,LG,SS,5,0
20220527WOLT02022,20220527,LT,WO,0,8
20220528SPOBB1,20220528,,,0,0
20220528SKHT02022,20220528,HT,SK,9,3
20220528WOLT02022,20220528,LT,WO,3,6
20220528SPOBB2,20220528,,,0,0
20220528HHKT02022,20220528,KT,HH,8,9
20220528OBNC02022,20220528,NC,OB,5,0
20220528SSLG02022,20220528,LG,SS,9,4
20220529HHKT02022,20220529,KT,HH,4,12
20220529OBNC02022,20220529,NC,OB,0,1
20220529SSLG02022,20220529,LG,SS,4,8
20220529SKHT02022,20220529,HT,SK,7,9
20220529WOLT02022,20220529,LT,WO,0,4
20220530SPOBB1,20220530,,,0,0
20220531SSG1,20220531,,,0,0
20220531KTSK02022,20220531,SK,KT,1,2
20220531HTOB02022,20220531,OB,HT,10,13
20220531LGLT02022,20220531,LT,LG,7,5
20220531NCHH02022,20220531,HH,NC,5,10
20220601SSG1,20220601,,,0,0
20220531SSWO02022,20220531,WO,SS,3,2
20220601HTOB02022,20220601,OB,HT,3,7
20220601KTSK02022,20220601,SK,KT,2,1
20220601LGLT02022,20220601,LT,LG,5,14
20220601NCHH02022,20220601,HH,NC,3,0
20220601SSWO02022,20220601,WO,SS,2,4
20220602SSG1,20220602,,,0,0
20220602HTOB02022,20220602,OB,HT,3,4
20220602KTSK02022,20220602,SK,KT,1,14
20220602LGLT02022,20220602,LT,LG,2,2
20220602SSWO02022,20220602,WO,SS,6,5
20220602NCHH02022,20220602,HH,NC,3,4
20220603LTNC02022,20220603,NC,LT,5,1
20220603HTKT02022,20220603,KT,HT,5,2
20220603OBSS02022,20220603,SS,OB,8,5
20220603SKLG02022,20220603,LG,SK,7,1
20220603WOHH02022,20220603,HH,WO,14,2
20220604HTKT02022,20220604,KT,HT,4,3
20220604SKLG02022,20220604,LG,SK,6,2
20220604LTNC02022,20220604,NC,LT,2,3
20220604OBSS02022,20220604,SS,OB,8,16
20220604WOHH02022,20220604,HH,WO,3,4
20220605HTKT02022,20220605,KT,HT,2,2
20220605SKLG02022,20220605,LG,SK,0,2
20220607HHOB02022,20220607,OB,HH,3,1
20220607KTWO02022,20220607,WO,KT,3,0
20220607SKNC02022,20220607,NC,SK,6,2
20220607SSLT02022,20220607,LT,SS,4,7
20220608HHOB02022,20220608,OB,HH,1,5
20220608KTWO02022,20220608,WO,KT,5,5
20220608LGHT02022,20220608,HT,LG,7,11
20220608SKNC02022,20220608,NC,SK,2,2
20220608SSLT02022,20220608,LT,SS,2,4
20220609KTWO02022,20220609,WO,KT,1,7
20220609HHOB02022,20220609,OB,HH,16,7
20220609LGHT02022,20220609,HT,LG,5,1
20220609SKNC02022,20220609,NC,SK,5,4
20220609SSLT02022,20220609,LT,SS,7,6
20220610SSG1,20220610,,,0,0
20220610HHSK02022,20220610,SK,HH,9,2
20220610NCSS02022,20220610,SS,NC,1,9
20220610KTLT02022,20220610,LT,KT,4,9
20220610OBLG02022,20220610,LG,OB,10,7
20220611SSG1,20220611,,,0,0
20220610WOHT02022,20220610,HT,WO,6,10
20220611HHSK02022,20220611,SK,HH,4,2
20220611KTLT02022,20220611,LT,KT,0,4
20220611NCSS02022,20220611,SS,NC,1,4
20220611OBLG02022,20220611,LG,OB,4,5
20220612SSG1,20220612,,,0,0
20220612HHSK02022,20220612,SK,HH,13,11
20220611WOHT02022,20220611,HT,WO,5,2
20220612KTLT02022,20220612,LT,KT,13,0
20220612NCSS02022,20220612,SS,NC,4,2
20220612OBLG02022,20220612,LG,OB,9,6
20220612WOHT02022,20220612,HT,WO,8,10
20220614OBWO02022,20220614,WO,OB,2,0
20220614SKKT02022,20220614,KT,SK,5,4
20220615HTNC02022,20220615,NC,HT,7,2
20220614SSLG02022,20220614,LG,SS,7,0
20220615LTHH02022,20220615,HH,LT,5,11
20220615SKKT02022,20220615,KT,SK,6,3
20220616HTNC02022,20220616,NC,HT,2,4
20220616LTHH02022,20220616,HH,LT,0,3
20220615SSLG02022,20220615,LG,SS,3,6
20220616OBWO02022,20220616,WO,OB,6,2
20220616SKKT02022,20220616,KT,SK,0,6
20220616SSLG02022,20220616,LG,SS,2,1
20220615OBWO02022,20220615,WO,OB,3,4
20220617HHNC02022,20220617,NC,HH,1,1
20220617KTOB02022,20220617,OB,KT,2,4
20220617LGWO02022,20220617,WO,LG,2,4
20220617SKLT02022,20220617,LT,SK,2,6
20220617SSHT02022,20220617,HT,SS,5,3
20220618KODBF1,20220618,,,0,0
20220618LGWO02022,20220618,WO,LG,2,0
20220618KTOB02022,20220618,OB,KT,5,0
20220618HHNC02022,20220618,NC,HH,3,2
20220618SKLT02022,20220618,LT,SK,5,10
20220619LGWO02022,20220619,WO,LG,2,4
20220619HHNC02022,20220619,NC,HH,6,3
20220618SSHT02022,20220618,HT,SS,2,6
20220619KTOB02022,20220619,OB,KT,1,7
20220619SSHT02022,20220619,HT,SS,3,7
20220619SKLT02022,20220619,LT,SK,7,4
20220621SSG1,20220621,,,0,0
20220621HHLG02022,20220621,LG,HH,10,4
20220621LTHT02022,20220621,HT,LT,6,5
20220621NCKT02022,20220621,KT,NC,8,1
20220621OBSK02022,20220621,SK,OB,2,16
20220621WOSS02022,20220621,SS,WO,3,4
20220622HHLG02022,20220622,LG,HH,6,5
20220622SSG1,20220622,,,0,0
20220622WOSS02022,20220622,SS,WO,0,6
20220622NCKT02022,20220622,KT,NC,0,11
20220622LTHT02022,20220622,HT,LT,5,7
20220622OBSK02022,20220622,SK,OB,6,5
20220623LTHT02022,20220623,HT,LT,7,4
20220623WOSS02022,20220623,SS,WO,1,6
20220624SSG1,20220624,,,0,0
20220624HTOB02022,20220624,OB,HT,3,4
20220624LGKT02022,20220624,KT,LG,9,6
20220624NCSK02022,20220624,SK,NC,14,2
20220624SSHH02022,20220624,HH,SS,3,0
20220624WOLT02022,20220624,LT,WO,5,1
20220625SSG1,20220625,,,0,0
20220625HTOB02022,20220625,OB,HT,6,8
20220625LGKT02022,20220625,KT,LG,2,7
20220625SSHH02022,20220625,HH,SS,2,5
20220625NCSK02022,20220625,SK,NC,8,1
20220626SSG1,20220626,,,0,0
20220625WOLT02022,20220625,LT,WO,5,13
20220626HTOB02022,20220626,OB,HT,8,4
20220626NCSK02022,20220626,SK,NC,7,3
20220626LGKT02022,20220626,KT,LG,1,3
20220626SSHH02022,20220626,HH,SS,2,6
20220626WOLT02022,20220626,LT,WO,4,9
20220628HTWO02022,20220628,WO,HT,5,2
20220628KTSS02022,20220628,SS,KT,4,14
20220628NCLG02022,20220628,LG,NC,5,0
20220628OBLT02022,20220628,LT,OB,3,3
20220628SKHH02022,20220628,HH,SK,6,3
20220629HTWO02022,20220629,WO,HT,1,0
20220629KTSS02022,20220629,SS,KT,8,2
20220629SKHH02022,20220629,HH,SK,3,8
20220630KTSS02022,20220630,SS,KT,2,13
20220630HTWO02022,20220630,WO,HT,5,4
20220701SSG1,20220701,,,0,0
20220630OBLT02022,20220630,LT,OB,5,1
20220701HHWO02022,20220701,WO,HH,7,5
20220701HTSK02022,20220701,SK,HT,7,6
20220701LTLG02022,20220701,LG,LT,2,1
20220701OBKT02022,20220701,KT,OB,11,7
20220702HHWO02022,20220702,WO,HH,3,0
20220702HTSK02022,20220702,SK,HT,2,1
20220702SSG1,20220702,,,0,0
20220702OBKT02022,20220702,KT,OB,8,3
20220702LTLG02022,20220702,LG,LT,1,8
20220702SSNC02022,20220702,NC,SS,17,1
20220703HHWO02022,20220703,WO,HH,2,1
20220703SSG1,20220703,,,0,0
20220703HTSK02022,20220703,SK,HT,3,2
20220703OBKT02022,20220703,KT,OB,6,0
20220703LTLG02022,20220703,LG,LT,4,1
20220703SSNC02022,20220703,NC,SS,11,6
20220705SSG1,20220705,,,0,0
20220705LGSS02022,20220705,SS,LG,1,4
20220705LTSK02022,20220705,SK,LT,4,3
20220705NCHH02022,20220705,HH,NC,0,1
20220705WOOB02022,20220705,OB,WO,3,4
20220706SSG1,20220706,,,0,0
20220706LGSS02022,20220706,SS,LG,9,10
20220706KTHT02022,20220706,HT,KT,1,8
20220706LTSK02022,20220706,SK,LT,5,12
20220706NCHH02022,20220706,HH,NC,3,4
20220706WOOB02022,20220706,OB,WO,5,2
20220707SSG1,20220707,,,0,0
20220707LGSS02022,20220707,SS,LG,9,11
20220707LTSK02022,20220707,SK,LT,8,1
20220707NCHH02022,20220707,HH,NC,12,11
20220707WOOB02022,20220707,OB,WO,4,2
20220708HHHT02022,20220708,HT,HH,5,3
20220708LGOB02022,20220708,OB,LG,4,11
20220708LTKT02022,20220708,KT,LT,6,3
20220708NCWO02022,20220708,WO,NC,3,2
20220708SKSS02022,20220708,SS,SK,8,9
20220709HHHT02022,20220709,HT,HH,6,5
20220709NCWO02022,20220709,WO,NC,10,1
20220709LGOB02022,20220709,OB,LG,6,8
20220709LTKT02022,20220709,KT,LT,3,1
20220710NCWO02022,20220710,WO,NC,2,0
20220710HHHT02022,20220710,HT,HH,6,3
20220709SKSS02022,20220709,SS,SK,10,13
20220710LGOB02022,20220710,OB,LG,0,9
20220710LTKT02022,20220710,KT,LT,1,9
20220710SKSS02022,20220710,SS,SK,2,7
20220712SSG1,20220712,,,0,0
20220712HHLT02022,20220712,LT,HH,3,2
20220712HTLG02022,20220712,LG,HT,1,7
20220712OBNC02022,20220712,NC,OB,7,11
20220712SSKT02022,20220712,KT,SS,4,3
20220713HHLT02022,20220713,LT,HH,2,0
20220712WOSK02022,20220712,SK,WO,7,3
20220713OBNC02022,20220713,NC,OB,4,1
20220714HHLT02022,20220714,LT,HH,10,7
20220714SSG1,20220714,,,0,0
20220714OBNC02022,20220714,NC,OB,3,11
20220714HTLG02022,20220714,LG,HT,6,2
20220714SSKT02022,20220714,KT,SS,1,0
20220714WOSK02022,20220714,SK,WO,4,1
20220715KBO1,20220715,,,0,0
99990716WEEA02022,20220716,EA,WE,3,6
20220721SPOBB1,20220721,,,0,0
20220721SPOBB2,20220721,,,0,0
20220722SPOBB1,20220722,,,0,0
20220722SPOBB2,20220722,,,0,0
20220722KTHH02022,20220722,HH,KT,8,0
20220722HTLT02022,20220722,LT,HT,2,5
20220722LGNC02022,20220722,NC,LG,5,4
20220722SKOB02022,20220722,OB,SK,0,1
20220723SPOBB1,20220723,,,0,0
20220723SPOBB2,20220723,,,0,0
20220722SSWO02022,20220722,WO,SS,3,2
20220723SSWO02022,20220723,WO,SS,6,0
20220723HTLT02022,20220723,LT,HT,3,9
20220723LGNC02022,20220723,NC,LG,5,11
20220723KTHH02022,20220723,HH,KT,3,5
20220724SSWO02022,20220724,WO,SS,0,8
20220724HTLT02022,20220724,LT,HT,0,23
20220724KTHH02022,20220724,HH,KT,1,3
20220724LGNC02022,20220724,NC,LG,6,1
20220724SKOB02022,20220724,OB,SK,4,5
20220725SPOBB1,20220725,,,0,0
20220725KUSF1,20220725,,,0,0
20220726HHSS02022,20220726,SS,HH,2,4
20220726SSG1,20220726,,,0,0
20220726LGSK02022,20220726,SK,LG,0,9
20220726NCHT02022,20220726,HT,NC,1,9
20220726LTOB02022,20220726,OB,LT,6,1
20220726WOKT02022,20220726,KT,WO,7,8
20220727KUSF1,20220727,,,0,0
20220727SSG1,20220727,,,0,0
20220727HHSS02022,20220727,SS,HH,11,10
20220727LGSK02022,20220727,SK,LG,6,3
20220727LTOB02022,20220727,OB,LT,6,5
20220727NCHT02022,20220727,HT,NC,9,5
20220727WOKT02022,20220727,KT,WO,5,4
20220728HHSS02022,20220728,SS,HH,3,3
20220728SSG1,20220728,,,0,0
20220728LGSK02022,20220728,SK,LG,5,4
20220728LTOB02022,20220728,OB,LT,8,5
20220728NCHT02022,20220728,HT,NC,2,6
20220729KTLG02022,20220729,LG,KT,4,5
20220728WOKT02022,20220728,KT,WO,8,2
20220729LTSS02022,20220729,SS,LT,8,7
20220729OBHH02022,20220729,HH,OB,3,7
20220729SKHT02022,20220729,HT,SK,11,2
20220729WONC02022,20220729,NC,WO,5,3
20220730KTLG02022,20220730,LG,KT,8,7
20220730LTSS02022,20220730,SS,LT,8,9
20220730OBHH02022,20220730,HH,OB,11,1
20220730SKHT02022,20220730,HT,SK,5,7
20220731LTSS02022,20220731,SS,LT,5,5
20220730WONC02022,20220730,NC,WO,3,3
20220731SKHT02022,20220731,HT,SK,2,3
20220802SKWO02022,20220802,WO,SK,5,7
20220802HTHH02022,20220802,HH,HT,5,4
20220802LGLT02022,20220802,LT,LG,4,3
20220803HTHH02022,20220803,HH,HT,3,6
20220803KTNC02022,20220803,NC,KT,2,15
20220803LGLT02022,20220803,LT,LG,1,4
20220803SKWO02022,20220803,WO,SK,3,2
20220803SSOB02022,20220803,OB,SS,3,1
20220804LGLT02022,20220804,LT,LG,2,12
20220804KTNC02022,20220804,NC,KT,4,3
20220804SKWO02022,20220804,WO,SK,5,6
20220804HTHH02022,20220804,HH,HT,4,1
20220804SSOB02022,20220804,OB,SS,2,9
20220805SSG1,20220805,,,0,0
20220805HHKT02022,20220805,KT,HH,5,1
20220805NCLT02022,20220805,LT,NC,7,2
20220805SSSK02022,20220805,SK,SS,1,3
20220805OBHT02022,20220805,HT,OB,3,5
20220805WOLG02022,20220805,LG,WO,7,8
20220806SSG1,20220806,,,0,0
20220806NCLT02022,20220806,LT,NC,1,10
20220806HHKT02022,20220806,KT,HH,4,2
20220806OBHT02022,20220806,HT,OB,4,7
20220806SSSK02022,20220806,SK,SS,7,6
20220806WOLG02022,20220806,LG,WO,12,3
20220807SSG1,20220807,,,0,0
20220807HHKT02022,20220807,KT,HH,5,6
20220807NCLT02022,20220807,LT,NC,0,14
20220807OBHT02022,20220807,HT,OB,5,4
20220807SSSK02022,20220807,SK,SS,7,6
20220807WOLG02022,20220807,LG,WO,5,0
20220810KTSK02022,20220810,SK,KT,4,2
20220810HTSS02022,20220810,SS,HT,3,2
20220810RDS1,20220810,,,0,0
20220810LTWO02022,20220810,WO,LT,3,4
20220810NCOB02022,20220810,OB,NC,0,11
20220811RDS1,20220811,,,0,0
20220811KTSK02022,20220811,SK,KT,4,2
20220811LTWO02022,20220811,WO,LT,0,3
20220811NCOB02022,20220811,OB,NC,2,3
20220812RDS1,20220812,,,0,0
20220812HTSS02022,20220812,SS,HT,7,6
20220812KTSK02022,20220812,SK,KT,5,9
20220812LGHH02022,20220812,HH,LG,5,6
20220812LTWO02022,20220812,WO,LT,1,4
20220812NCOB02022,20220812,OB,NC,7,1
20220813LTHT02022,20220813,HT,LT,9,0
20220813SSKT02022,20220813,KT,SS,8,1
20220813WOHH02022,20220813,HH,WO,6,8
20220813SKOB02022,20220813,OB,SK,2,8
20220814LGNC02022,20220814,NC,LG,6,2
20220814MSB1,20220814,,,0,0
20220814LTHT02022,20220814,HT,LT,1,5
20220814SKOB02022,20220814,OB,SK,4,5
20220814SSKT02022,20220814,KT,SS,3,2
20220815MSB1,20220815,,,0,0
20220814WOHH02022,20220814,HH,WO,8,12
20220816SSLG02022,20220816,LG,SS,6,3
20220816WOKT02022,20220816,KT,WO,5,4
20220817HHNC02022,20220817,NC,HH,6,4
20220817SKHT02022,20220817,HT,SK,4,3
20220817OBLT02022,20220817,LT,OB,8,6
20220817SSLG02022,20220817,LG,SS,11,7
20220817WOKT02022,20220817,KT,WO,3,2
20220818SSG1,20220818,,,0,0
20220818KTLT02022,20220818,LT,KT,1,0
20220818LGSK02022,20220818,SK,LG,4,8
20220818NCHT02022,20220818,HT,NC,8,14
20220818SSHH02022,20220818,HH,SS,4,7
20220818WOOB02022,20220818,OB,WO,10,2
20220819SSG1,20220819,,,0,0
20220819KTLT02022,20220819,LT,KT,3,4
20220819NCHT02022,20220819,HT,NC,12,9
20220819SSHH02022,20220819,HH,SS,5,9
20220820SKWO02022,20220820,WO,SK,7,14
20220820HHLT02022,20220820,LT,HH,3,5
20220820HTKT02022,20220820,KT,HT,2,5
20220820OBLG02022,20220820,LG,OB,6,1
20220821HHLT02022,20220821,LT,HH,8,1
20220821SKWO02022,20220821,WO,SK,1,6
20220821HTKT02022,20220821,KT,HT,11,3
20220821NCSS02022,20220821,SS,NC,2,6
20220821OBLG02022,20220821,LG,OB,2,4
20220823RDS1,20220823,,,0,0
20220823HTWO02022,20220823,WO,HT,3,12
20220823KTOB02022,20220823,OB,KT,1,2
20220823LGHH02022,20220823,HH,LG,6,4
20220823LTNC02022,20220823,NC,LT,3,9
20220823SSSK02022,20220823,SK,SS,7,3
20220824RDS1,20220824,,,0,0
20220824SSSK02022,20220824,SK,SS,4,2
20220824LGHH02022,20220824,HH,LG,2,9
20220824LTNC02022,20220824,NC,LT,1,2
20220824KTOB02022,20220824,OB,KT,1,5
20220825HTLG02022,20220825,LG,HT,0,1
20220825OBHH02022,20220825,HH,OB,4,0
20220824HTWO02022,20220824,WO,HT,11,10
20220825SKKT02022,20220825,KT,SK,5,4
20220825SSLT02022,20220825,LT,SS,5,9
20220825WONC02022,20220825,NC,WO,9,10
20220826HTLG02022,20220826,LG,HT,3,1
20220826OBHH02022,20220826,HH,OB,2,1
20220826SKKT02022,20220826,KT,SK,12,3
20220826WONC02022,20220826,NC,WO,3,6
20220826SSLT02022,20220826,LT,SS,8,3
20220827KTNC02022,20220827,NC,KT,9,2
20220827LTSK02022,20220827,SK,LT,10,0
20220827RDS1,20220827,,,0,0
20220827HHSS02022,20220827,SS,HH,7,4
20220827OBHT02022,20220827,HT,OB,1,2
20220828RDS1,20220828,,,0,0
20220827WOLG02022,20220827,LG,WO,1,0
20220828HHSS02022,20220828,SS,HH,5,4
20220828KTNC02022,20220828,NC,KT,5,0
20220828OBHT02022,20220828,HT,OB,11,6
20220828WOLG02022,20220828,LG,WO,7,0
20220828LTSK02022,20220828,SK,LT,2,4
20220830LTWO02022,20220830,WO,LT,6,5
20220831LTWO02022,20220831,WO,LT,5,4
20220831HTHH02022,20220831,HH,HT,3,4
20220831OBKT02022,20220831,KT,OB,5,2
20220831SKSS02022,20220831,SS,SK,2,1
20220831NCLG02022,20220831,LG,NC,5,3
20220901RDS1,20220901,,,0,0
20220901HHWO02022,20220901,WO,HH,7,1
20220901LGKT02022,20220901,KT,LG,1,3
20220901LTOB02022,20220901,OB,LT,2,1
20220901NCSK02022,20220901,SK,NC,2,3
20220901SSHT02022,20220901,HT,SS,1,4
20220902LGKT02022,20220902,KT,LG,1,2
20220902HHWO02022,20220902,WO,HH,4,0
20220902RDS1,20220902,,,0,0
20220902LTOB02022,20220902,OB,LT,4,16
20220902NCSK02022,20220902,SK,NC,5,3
20220902SSHT02022,20220902,HT,SS,8,3
20220903RDS1,20220903,,,0,0
20220903KTHT02022,20220903,HT,KT,1,5
20220903NCHH02022,20220903,HH,NC,7,3
20220903SSOB02022,20220903,OB,SS,1,4
20220903WOSK02022,20220903,SK,WO,1,2
20220904KTHT02022,20220904,HT,KT,2,6
20220904LGLT02022,20220904,LT,LG,1,14
20220904NCHH02022,20220904,HH,NC,10,1
20220906HTLT02022,20220906,LT,HT,6,3
20220906SKLG02022,20220906,LG,SK,6,8
20220906OBNC02022,20220906,NC,OB,4,3
20220906HHKT02022,20220906,KT,HH,8,5
20220906WOSS02022,20220906,SS,WO,11,4
20220907HHKT02022,20220907,KT,HH,4,2
20220907HTLT02022,20220907,LT,HT,6,12
20220907OBNC02022,20220907,NC,OB,16,5
20220907SKLG02022,20220907,LG,SK,2,2
20220907WOSS02022,20220907,SS,WO,2,1
20220908RDS1,20220908,,,0,0
20220908HHOB02022,20220908,OB,HH,4,5
20220908HTSK02022,20220908,SK,HT,4,9
20220908LGWO02022,20220908,WO,LG,3,2
20220908LTSS02022,20220908,SS,LT,1,2
20220909RDS1,20220909,,,0,0
20220908NCKT02022,20220908,KT,NC,3,8
20220909LGWO02022,20220909,WO,LG,3,6
20220909HHOB02022,20220909,OB,HH,11,0
20220909HTSK02022,20220909,SK,HT,9,16
20220909NCKT02022,20220909,KT,NC,1,17
20220909LTSS02022,20220909,SS,LT,4,0
20220910KTWO02022,20220910,WO,KT,1,2
20220910HTOB02022,20220910,OB,HT,0,3
20220910NCLT02022,20220910,LT,NC,3,6
20220910LGSS02022,20220910,SS,LG,1,10
20220910SKHH02022,20220910,HH,SK,5,0
20220911HTOB02022,20220911,OB,HT,6,3
20220911LGSS02022,20220911,SS,LG,3,1
20220911KTWO02022,20220911,WO,KT,5,0
20220911NCLT02022,20220911,LT,NC,6,11
20220911SKHH02022,20220911,HH,SK,1,12
20220913SKLT02022,20220913,LT,SK,9,8
20220913KTHH02022,20220913,HH,KT,2,5
20220913LGOB02022,20220913,OB,LG,0,5
20220913SSNC02022,20220913,NC,SS,1,3
20220914UBASEBALL1,20220914,,,0,0
20220913WOHT02022,20220913,HT,WO,1,4
20220914UBASEBALL2,20220914,,,0,0
20220914UBASEBALL3,20220914,,,0,0
20220914KTHH02022,20220914,HH,KT,4,1
20220914LGOB02022,20220914,OB,LG,5,0
20220914SKLT02022,20220914,LT,SK,1,3
20220914SSNC02022,20220914,NC,SS,7,2
20220914WOHT02022,20220914,HT,WO,0,2
20220915UBASEBALL2,20220915,,,0,0
20220915KBODRAFT1,20220915,,,0,0
20220915UBASEBALL1,20220915,,,0,0
20220915UBASEBALL3,20220915,,,0,0
20220915HHHT02022,20220915,HT,HH,1,2
20220915KTLG02022,20220915,LG,KT,2,0
20220915OBSS02022,20220915,SS,OB,13,3
20220915SKNC02022,20220915,NC,SK,6,0
20220915WOLT02022,20220915,LT,WO,4,2
20220916UBASEBALL1,20220916,,,0,0
20220916UBASEBALL3,20220916,,,0,0
20220916UBASEBALL2,20220916,,,0,0
20220916OBSS02022,20220916,SS,OB,11,13
20220916HHHT02022,20220916,HT,HH,6,7
20220916SKNC02022,20220916,NC,SK,0,10
20220916WOLT02022,20220916,LT,WO,10,12
20220917RDS1,20220917,,,0,0
20220917HHLG02022,20220917,LG,HH,4,1
20220917HTSS02022,20220917,SS,HT,10,1
20220917LTKT02022,20220917,KT,LT,0,2
20220917NCWO02022,20220917,WO,NC,10,3
20220917OBSK02022,20220917,SK,OB,1,4
20220918RDS1,20220918,,,0,0
20220918HHLG02022,20220918,LG,HH,1,5
20220918HTSS02022,20220918,SS,HT,9,6
20220918LTKT02022,20220918,KT,LT,6,3
20220918NCWO02022,20220918,WO,NC,1,5
20220918OBSK02022,20220918,SK,OB,14,13
20220919UBASEBALL2,20220919,,,0,0
20220919UBASEBALL1,20220919,,,0,0
20220920UBASEBALL1,20220920,,,0,0
20220919UBASEBALL3,20220919,,,0,0
20220920UBASEBALL2,20220920,,,0,0
20220920UBASEBALL3,20220920,,,0,0
20220920SSG1,20220920,,,0,0
20220920SSG2,20220920,,,0,0
20220920KTSK02022,20220920,SK,KT,4,2
20220920LGHT02022,20220920,HT,LG,1,11
20220920LTHH02022,20220920,HH,LT,6,8
20220920NCOB02022,20220920,OB,NC,8,2
20220920SSWO02022,20220920,WO,SS,2,10
20220921UBASEBALL1,20220921,,,0,0
20220921UBASEBALL2,20220921,,,0,0
20220921SSG1,20220921,,,0,0
20220921SSG2,20220921,,,0,0
20220921LGHT02022,20220921,HT,LG,2,11
20220921KTSK02022,20220921,SK,KT,3,4
20220921NCOB02022,20220921,OB,NC,1,5
20220921LTHH02022,20220921,HH,LT,0,9
20220921SSWO02022,20220921,WO,SS,5,4
20220922UBASEBALL1,20220922,,,0,0
20220922UBASEBALL2,20220922,,,0,0
20220922SSG1,20220922,,,0,0
20220922SSG2,20220922,,,0,0
20220922HHSK02022,20220922,SK,HH,10,1
20220922HTNC02022,20220922,NC,HT,1,3
20220922KTSS02022,20220922,SS,KT,7,9
20220922LTLG02022,20220922,LG,LT,1,7
20220922OBWO02022,20220922,WO,OB,2,5
20220923UBASEBALL1,20220923,,,0,0
20220923SSGS1,20220923,,,0,0
20220923SSGS2,20220923,,,0,0
20220923HHSK02022,20220923,SK,HH,5,4
20220923HTNC02022,20220923,NC,HT,5,2
20220923KTSS02022,20220923,SS,KT,5,3
20220923LTLG02022,20220923,LG,LT,1,0
20220923OBWO02022,20220923,WO,OB,5,1
20220924SSGS1,20220924,,,0,0
20220924HTNC02022,20220924,NC,HT,0,3
20220924HHLG02022,20220924,LG,HH,0,2
20220924OBSK02022,20220924,SK,OB,14,5
20220924LTWO02022,20220924,WO,LT,9,5
20220925SSGS1,20220925,,,0,0
20220925HHOB02022,20220925,OB,HH,5,3
20220925HTSS02022,20220925,SS,HT,3,4
20220925LGSK02022,20220925,SK,LG,2,6
20220925KTNC02022,20220925,NC,KT,1,9
20220927LGHH02022,20220927,HH,LG,0,1
20220927OBKT02022,20220927,KT,OB,5,4
20220928OBKT02022,20220928,KT,OB,8,0
20220928LGHH02022,20220928,HH,LG,1,4
20220927WONC02022,20220927,NC,WO,6,5
20220928SSNC02022,20220928,NC,SS,4,3
20220929KTLG02022,20220929,LG,KT,3,5
20220929SSG1,20220929,,,0,0
20220929NCSS02022,20220929,SS,NC,3,0
20220929LTHT02022,20220929,HT,LT,5,4
20220929OBHH02022,20220929,HH,OB,5,6
20220930SSG1,20220930,,,0,0
20220929WOSK02022,20220929,SK,WO,9,14
20220930LTHH02022,20220930,HH,LT,5,6
20220930NCLG02022,20220930,LG,NC,2,1
20220930OBSS02022,20220930,SS,OB,11,3
20220930WOSK02022,20220930,SK,WO,7,3
20221001SKHT02022,20221001,HT,SK,2,3
20221001NCLG02022,20221001,LG,NC,1,2
20221001OBSS02022,20221001,SS,OB,4,3
20221002HTHH02022,20221002,HH,HT,1,10
20221002OBLT02022,20221002,LT,OB,3,1
20221002NCLG02022,20221002,LG,NC,0,2
20221003SKHH02022,20221003,HH,SK,7,4
20221003OBLT02022,20221003,LT,OB,3,9
20221004HTLG02022,20221004,LG,HT,3,8
20221004SSKT02022,20221004,KT,SS,7,3
20221005LGHT02022,20221005,HT,LG,2,10
20221005SKOB02022,20221005,OB,SK,5,2
20221005LTNC02022,20221005,NC,LT,7,3
20221005SSKT02022,20221005,KT,SS,4,7
20221006WOHH02022,20221006,HH,WO,3,2
20221006LGHT02022,20221006,HT,LG,4,3
20221006SSOB02022,20221006,OB,SS,5,4
20221007KTHT02022,20221007,HT,KT,11,1
20221007LGNC02022,20221007,NC,LG,2,7
20221007SSOB02022,20221007,OB,SS,2,8
20221006SKNC02022,20221006,NC,SK,6,1
20221008KTHT02022,20221008,HT,KT,2,7
20221008HHNC02022,20221008,NC,HH,6,5
20221008LGLT02022,20221008,LT,LG,3,2
20221008SKSS02022,20221008,SS,SK,6,1
20221008WOOB02022,20221008,OB,WO,1,5
20221010NCKT02022,20221010,KT,NC,5,2
20221010BB1,20221010,,,0,0
20221011KTLG02022,20221011,LG,KT,6,5
44441013HTKT02022,20221013,KT,HT,6,2
33331017KTWO02022,20221017,WO,KT,0,2
33331016KTWO02022,20221016,WO,KT,8,4
33331019WOKT02022,20221019,KT,WO,2,9
33331020WOKT02022,20221020,KT,WO,9,6
55551024WOLG02022,20221024,LG,WO,6,3
55551025WOLG02022,20221025,LG,WO,6,7
33331022KTWO02022,20221022,WO,KT,4,3
20221028YK1,20221028,,,0,0
20221031KBO1,20221031,,,0,0
55551028LGWO02022,20221028,WO,LG,4,1
55551027LGWO02022,20221027,WO,LG,6,4
77771101WOSK02022,20221101,SK,WO,6,7
77771102WOSK02022,20221102,SK,WO,6,1
77771104SKWO02022,20221104,WO,SK,2,8
77771105SKWO02022,20221105,WO,SK,6,3
77771108WOSK02022,20221108,SK,WO,4,3
77771107WOSK02022,20221107,SK,WO,5,4
20221112UBB1,20221112,,,0,0
20221113UBB1,20221113,,,0,0
20221117KBO1,20221117,,,0,0
20230303BASE1,20230303,,,0,0
20221117KBO2,20221117,,,0,0
20230305BASE1,20230305,,,0,0
20230313HTHH02023,20230313,HH,HT,6,1
20230313KTWO02023,20230313,WO,KT,1,2
20230312HSBB1,20230312,,,0,0
20230313OBLT02023,20230313,LT,OB,3,5
20230313LGNC02023,20230313,NC,LG,2,4
20230313SKSS02023,20230313,SS,SK,3,1
20230314HTHH02023,20230314,HH,HT,3,8
20230314KTWO02023,20230314,WO,KT,1,11
20230314LGNC02023,20230314,NC,LG,2,5
20230314OBLT02023,20230314,LT,OB,8,4
20230315KTHH02023,20230315,HH,KT,10,4
20230315HTWO02023,20230315,WO,HT,2,6
20230315LGSS02023,20230315,SS,LG,14,8
20230314SKSS02023,20230314,SS,SK,1,2
20230315OBNC02023,20230315,NC,OB,3,7
20230315SKLT02023,20230315,LT,SK,2,4
20230316KTHH02023,20230316,HH,KT,5,3
20230316HTWO02023,20230316,WO,HT,3,2
20230316LGSS02023,20230316,SS,LG,2,5
20230316OBNC02023,20230316,NC,OB,3,0
20230316SKLT02023,20230316,LT,SK,3,3
20230318LGLT02023,20230318,LT,LG,2,7
20230318KTSS02023,20230318,SS,KT,5,4
20230318OBHT02023,20230318,HT,OB,3,3
20230318SKNC02023,20230318,NC,SK,7,6
20230318WOHH02023,20230318,HH,WO,10,2
20230319KTSS02023,20230319,SS,KT,4,1
20230319OBHT02023,20230319,HT,OB,8,1
20230319SKNC02023,20230319,NC,SK,4,3
20230319WOHH02023,20230319,HH,WO,4,12
20230319LGLT02023,20230319,LT,LG,2,5
20230320LTSS02023,20230320,SS,LT,5,2
20230320LGHT02023,20230320,HT,LG,3,1
20230320OBKT02023,20230320,KT,OB,8,2
20230320SKHH02023,20230320,HH,SK,10,1
20230320WONC02023,20230320,NC,WO,0,6
20230321LGHT02023,20230321,HT,LG,2,6
20230321LTSS02023,20230321,SS,LT,12,10
20230321OBKT02023,20230321,KT,OB,5,5
20230321SKHH02023,20230321,HH,SK,3,3
20230323LGKT02023,20230323,KT,LG,2,6
20230321WONC02023,20230321,NC,WO,5,5
20230323SSWO02023,20230323,WO,SS,5,6
20230324LTNC02023,20230324,NC,LT,5,6
20230324LGKT02023,20230324,KT,LG,7,1
20230324SKHT02023,20230324,HT,SK,2,3
20230324OBHH02023,20230324,HH,OB,3,10
20230324SSWO02023,20230324,WO,SS,3,4
20230325SKKT02023,20230325,KT,SK,5,5
20230325LGWO02023,20230325,WO,LG,1,8
20230325HHLT02023,20230325,LT,HH,1,5
20230325NCHT02023,20230325,HT,NC,4,4
20230326HHLT02023,20230326,LT,HH,1,4
20230326NCHT02023,20230326,HT,NC,4,3
20230326LGWO02023,20230326,WO,LG,4,2
20230326SKKT02023,20230326,KT,SK,4,1
20230325SSOB02023,20230325,OB,SS,3,5
20230326SSOB02023,20230326,OB,SS,1,2
20230327NCKT02023,20230327,KT,NC,2,0
20230327OBWO02023,20230327,WO,OB,3,5
20230327SKLG02023,20230327,LG,SK,1,5
20230327HHSS02023,20230327,SS,HH,2,8
20230327HTLT02023,20230327,LT,HT,6,2
20230328HTLT02023,20230328,LT,HT,7,6
20230328HHSS02023,20230328,SS,HH,3,14
20230328NCKT02023,20230328,KT,NC,2,3
20230328OBWO02023,20230328,WO,OB,1,2
20230328SKLG02023,20230328,LG,SK,0,1
20230401HHWO02023,20230401,WO,HH,3,2
20230330KBO1,20230330,,,0,0
20230401HTSK02023,20230401,SK,HT,4,1
20230401LGKT02023,20230401,KT,LG,11,6
20230401LTOB02023,20230401,OB,LT,12,10
20230401NCSS02023,20230401,SS,NC,0,8
20230402HHWO02023,20230402,WO,HH,7,6
20230402HTSK02023,20230402,SK,HT,5,9
20230402LTOB02023,20230402,OB,LT,0,2
20230402LGKT02023,20230402,KT,LG,9,10
20230402NCSS02023,20230402,SS,NC,8,6
20230404KIANC1,20230404,,,0,0
20230404HHSS02023,20230404,SS,HH,7,6
20230404LGWO02023,20230404,WO,LG,1,7
20230404LTSK02023,20230404,SK,LT,3,1
20230404NCOB02023,20230404,OB,NC,1,0
20230405NCOB02023,20230405,OB,NC,3,9
20230405LGWO02023,20230405,WO,LG,2,1
20230406KIANC1,20230406,,,0,0
20230406KIANC2,20230406,,,0,0
20230406LGWO02023,20230406,WO,LG,0,5
20230406HHSS02023,20230406,SS,HH,1,8
20230406NCOB02023,20230406,OB,NC,6,2
20230407DSHH1,20230407,,,0,0
20230407KTLT02023,20230407,LT,KT,1,7
20230407OBHT02023,20230407,HT,OB,1,4
20230407SKHH02023,20230407,HH,SK,3,7
20230407SSLG02023,20230407,LG,SS,7,2
20230407WONC02023,20230407,NC,WO,2,0
20230408DSHH1,20230408,,,0,0
20230408KTLT02023,20230408,LT,KT,3,7
20230408OBHT02023,20230408,HT,OB,7,6
20230408SSLG02023,20230408,LG,SS,2,1
20230408SKHH02023,20230408,HH,SK,5,7
20230408WONC02023,20230408,NC,WO,11,5
20230409DSHH1,20230409,,,0,0
20230409KTLT02023,20230409,LT,KT,5,3
20230409OBHT02023,20230409,HT,OB,2,3
20230409SKHH02023,20230409,HH,SK,0,3
20230409SSLG02023,20230409,LG,SS,3,2
20230409WONC02023,20230409,NC,WO,6,1
20230411FU1,20230411,,,0,0
20230411HHHT02023,20230411,HT,HH,4,5
20230411KTNC02023,20230411,NC,KT,1,0
20230411LGLT02023,20230411,LT,LG,6,5
20230411SKSS02023,20230411,SS,SK,4,5
20230412KTNC02023,20230412,NC,KT,5,1
20230412FU1,20230412,,,0,0
20230411WOOB02023,20230411,OB,WO,6,4
20230412HHHT02023,20230412,HT,HH,2,0
20230412LGLT02023,20230412,LT,LG,8,12
20230412SKSS02023,20230412,SS,SK,0,3
20230413HHHT02023,20230413,HT,HH,1,5
20230413KTNC02023,20230413,NC,KT,3,10
20230413LGLT02023,20230413,LT,LG,8,7
20230413SKSS02023,20230413,SS,SK,11,9
20230413WOOB02023,20230413,OB,WO,2,9
20230414FU1,20230414,,,0,0
20230414HHKT02023,20230414,KT,HH,7,7
20230414HTWO02023,20230414,WO,HT,9,2
20230414LTSS02023,20230414,SS,LT,9,7
20230414NCSK02023,20230414,SK,NC,2,1
20230415HTWO02023,20230415,WO,HT,6,1
20230414OBLG02023,20230414,LG,OB,13,4
20230415HHKT02023,20230415,KT,HH,2,7
20230415LTSS02023,20230415,SS,LT,5,9
20230415NCSK02023,20230415,SK,NC,0,1
20230415OBLG02023,20230415,LG,OB,3,1
20230416FU1,20230416,,,0,0
20230416HHKT02023,20230416,KT,HH,14,2
20230416FU2,20230416,,,0,0
20230416HTWO02023,20230416,WO,HT,2,0
20230416LTSS02023,20230416,SS,LT,9,1
20230416NCSK02023,20230416,SK,NC,5,10
20230416OBLG02023,20230416,LG,OB,5,10
20230418FU1,20230418,,,0,0
20230418OBHH02023,20230418,HH,OB,0,2
20230418HTLT02023,20230418,LT,HT,7,5
20230418NCLG02023,20230418,LG,NC,4,6
20230418SKKT02023,20230418,KT,SK,4,2
20230418SSWO02023,20230418,WO,SS,4,6
20230419FU1,20230419,,,0,0
20230419HTLT02023,20230419,LT,HT,0,6
20230419NCLG02023,20230419,LG,NC,7,5
20230419OBHH02023,20230419,HH,OB,7,6
20230419SKKT02023,20230419,KT,SK,5,2
20230419SSWO02023,20230419,WO,SS,5,9
20230420FU1,20230420,,,0,0
20230420UBB1,20230420,,,0,0
20230420UBB2,20230420,,,0,0
20230420HTLT02023,20230420,LT,HT,5,3
20230420NCLG02023,20230420,LG,NC,9,4
20230420SKKT02023,20230420,KT,SK,5,8
20230420OBHH02023,20230420,HH,OB,1,5
20230420SSWO02023,20230420,WO,SS,6,1
20230421UBB2,20230421,,,0,0
20230421UBB1,20230421,,,0,0
20230421KTOB02023,20230421,OB,KT,10,6
20230421LGHH02023,20230421,HH,LG,2,4
20230421LTNC02023,20230421,NC,LT,2,3
20230421SSHT02023,20230421,HT,SS,5,4
20230421WOSK02023,20230421,SK,WO,3,1
20230422KTOB02023,20230422,OB,KT,5,1
20230422LTNC02023,20230422,NC,LT,6,10
20230422LGHH02023,20230422,HH,LG,0,3
20230422WOSK02023,20230422,SK,WO,3,2
20230423LGHH02023,20230423,HH,LG,7,6
20230423KTOB02023,20230423,OB,KT,1,1
20230422SSHT02023,20230422,HT,SS,6,2
20230423LTNC02023,20230423,NC,LT,3,5
20230423SSHT02023,20230423,HT,SS,5,3
20230423WOSK02023,20230423,SK,WO,9,7
20230425KTWO02023,20230425,WO,KT,1,0
20230425NCHT02023,20230425,HT,NC,0,6
20230425SKLG02023,20230425,LG,SK,5,4
20230426HHLT02023,20230426,LT,HH,8,1
20230426KTWO02023,20230426,WO,KT,13,2
20230426OBSS02023,20230426,SS,OB,1,0
20230426NCHT02023,20230426,HT,NC,6,0
20230426SKLG02023,20230426,LG,SK,3,5
20230427KTWO02023,20230427,WO,KT,3,1
20230427HHLT02023,20230427,LT,HH,3,0
20230427NCHT02023,20230427,HT,NC,5,0
20230427OBSS02023,20230427,SS,OB,7,6
20230427SKLG02023,20230427,LG,SK,6,3
20230428HTLG02023,20230428,LG,HT,3,4
20230428FU1,20230428,,,0,0
20230428OBSK02023,20230428,SK,OB,4,1
20230428NCHH02023,20230428,HH,NC,4,6
20230428SSKT02023,20230428,KT,SS,9,10
20230428WOLT02023,20230428,LT,WO,5,2
20230429HTLG02023,20230429,LG,HT,3,6
20230429NCHH02023,20230429,HH,NC,2,3
20230429OBSK02023,20230429,SK,OB,10,4
20230429SSKT02023,20230429,KT,SS,2,3
20230430FU1,20230430,,,0,0
20230430HTLG02023,20230430,LG,HT,8,12
20230430OBSK02023,20230430,SK,OB,0,2
20230430NCHH02023,20230430,HH,NC,1,4
20230430SSKT02023,20230430,KT,SS,0,1
20230430WOLT02023,20230430,LT,WO,5,3
20230502FU1,20230502,,,0,0
20230502KTSK02023,20230502,SK,KT,4,11
20230502HHOB02023,20230502,OB,HH,3,0
20230502LGNC02023,20230502,NC,LG,3,5
20230502LTHT02023,20230502,HT,LT,4,7
20230502WOSS02023,20230502,SS,WO,0,4
20230503FU1,20230503,,,0,0
20230503HHOB02023,20230503,OB,HH,3,8
20230503KTSK02023,20230503,SK,KT,5,3
20230503LGNC02023,20230503,NC,LG,1,2
20230503WOSS02023,20230503,SS,WO,1,4
20230504HHOB02023,20230504,OB,HH,3,10
20230503LTHT02023,20230503,HT,LT,10,2
20230504KTSK02023,20230504,SK,KT,10,2
20230504WOSS02023,20230504,SS,WO,14,1
20230505SKWO02023,20230505,WO,SK,1,3
20230506SKWO02023,20230506,WO,SK,1,2
20230506FU1,20230507,,,0,0
20230507KTHH02023,20230507,HH,KT,6,2
20230507LGOB02023,20230507,OB,LG,1,11
20230507SKWO02023,20230507,WO,SK,6,7
20230509NCKT02023,20230509,KT,NC,4,16
20230509OBLT02023,20230509,LT,OB,2,5
20230509SKHT02023,20230509,HT,SK,3,0
20230510OBLT02023,20230510,LT,OB,3,0
20230510NCKT02023,20230510,KT,NC,7,8
20230509SSHH02023,20230509,HH,SS,1,9
20230509WOLG02023,20230509,LG,WO,5,4
20230510SSHH02023,20230510,HH,SS,5,1
20230510SKHT02023,20230510,HT,SK,3,5
20230510WOLG02023,20230510,LG,WO,1,11
20230511NCKT02023,20230511,KT,NC,1,4
20230511OBLT02023,20230511,LT,OB,7,6
20230511SKHT02023,20230511,HT,SK,3,5
20230511SSHH02023,20230511,HH,SS,4,0
20230511WOLG02023,20230511,LG,WO,1,0
20230512HHSK02023,20230512,SK,HH,2,5
20230512FU1,20230512,,,0,0
20230512HTOB02023,20230512,OB,HT,6,1
20230513FU1,20230513,,,0,0
20230513HTOB02023,20230513,OB,HT,5,1
20230513LGSS02023,20230513,SS,LG,4,7
20230512LGSS02023,20230512,SS,LG,4,0
20230513LTKT02023,20230513,KT,LT,0,5
20230512NCWO02023,20230512,WO,NC,7,4
20230512LTKT02023,20230512,KT,LT,2,1
20230513NCWO02023,20230513,WO,NC,9,2
20230514HHSK02023,20230514,SK,HH,3,3
20230513HHSK02023,20230513,SK,HH,8,5
20230514FU2,20230514,,,0,0
20230514HTOB02023,20230514,OB,HT,8,4
20230514LGSS02023,20230514,SS,LG,5,8
20230514LTKT02023,20230514,KT,LT,3,8
20230514NCWO02023,20230514,WO,NC,4,6
20230516NCKW1,20230516,,,0,0
20230516HTSS02023,20230516,SS,HT,2,8
20230516KTLG02023,20230516,LG,KT,7,12
20230517HTSS02023,20230517,SS,HT,6,7
20230516LTHH02023,20230516,HH,LT,1,3
20230516OBWO02023,20230516,WO,OB,1,4
20230517NCKW1,20230517,,,0,0
20230516SKNC02023,20230516,NC,SK,5,3
20230517KTLG02023,20230517,LG,KT,7,3
20230517LTHH02023,20230517,HH,LT,2,1
20230517OBWO02023,20230517,WO,OB,6,9
20230517SKNC02023,20230517,NC,SK,0,4
20230518NCKW1,20230518,,,0,0
20230518KTLG02023,20230518,LG,KT,9,5
20230518LTHH02023,20230518,HH,LT,3,7
20230518OBWO02023,20230518,WO,OB,7,3
20230519HHLG02023,20230519,LG,HH,3,1
20230519KTLG1,20230519,,,0,0
20230519OBKT02023,20230519,KT,OB,6,1
20230519SSNC02023,20230519,NC,SS,4,5
20230519SKLT02023,20230519,LT,SK,7,5
20230519WOHT02023,20230519,HT,WO,10,1
20230520HHLG02023,20230520,LG,HH,1,1
20230520OBKT02023,20230520,KT,OB,0,6
20230520SKLT02023,20230520,LT,SK,0,5
20230520KTLG1,20230520,,,0,0
20230520SSNC02023,20230520,NC,SS,14,3
20230520WOHT02023,20230520,HT,WO,3,2
20230521KTLG1,20230521,,,0,0
20230521HHLG02023,20230521,LG,HH,4,1
20230521OBKT02023,20230521,KT,OB,7,3
20230521SKLT02023,20230521,LT,SK,3,6
20230521SSNC02023,20230521,NC,SS,1,2
20230521WOHT02023,20230521,HT,WO,0,1
20230523HTHH02023,20230523,HH,HT,9,5
20230523SSNC1,20230523,,,0,0
20230523LGSK02023,20230523,SK,LG,1,9
20230523SSOB02023,20230523,OB,SS,7,5
20230523NCLT02023,20230523,LT,NC,2,0
20230523WOKT02023,20230523,KT,WO,1,3
20230524SSNC1,20230524,,,0,0
20230524HTHH02023,20230524,HH,HT,2,4
20230524LGSK02023,20230524,SK,LG,5,3
20230524NCLT02023,20230524,LT,NC,1,3
20230524SSOB02023,20230524,OB,SS,1,6
20230524WOKT02023,20230524,KT,WO,4,1
20230525HTHH02023,20230525,HH,HT,4,3
20230525SSNC1,20230525,,,0,0
20230525LGSK02023,20230525,SK,LG,3,8
20230526HHNC02023,20230526,NC,HH,11,0
20230525SSOB02023,20230525,OB,SS,4,3
20230526KTSS02023,20230526,SS,KT,1,4
20230525NCLT02023,20230525,LT,NC,11,1
20230525WOKT02023,20230525,KT,WO,3,0
20230526LGHT02023,20230526,HT,LG,3,5
20230526SKOB02023,20230526,OB,SK,3,14
20230526LTWO02023,20230526,WO,LT,0,2
20230527KTSS02023,20230527,SS,KT,2,5
20230527HHNC02023,20230527,NC,HH,0,5
20230527LGHT02023,20230527,HT,LG,6,3
20230527LTWO02023,20230527,WO,LT,5,6
20230528KTSS02023,20230528,SS,KT,6,4
20230528LGHT02023,20230528,HT,LG,1,7
20230528LTWO02023,20230528,WO,LT,7,5
20230530LTLG02023,20230530,LG,LT,3,1
20230530KTLT,20230530,,,0,0
20230530SSSK02023,20230530,SK,SS,3,2
20230530OBNC02023,20230530,NC,OB,5,0
20230530KTHT02023,20230530,HT,KT,6,1
20230530WOHH02023,20230530,HH,WO,7,1
20230531KTHT02023,20230531,HT,KT,7,1
20230531KTLT,20230531,,,0,0
20230531LTLG02023,20230531,LG,LT,1,7
20230531OBNC02023,20230531,NC,OB,2,3
20230531SSSK02023,20230531,SK,SS,2,3
20230531WOHH02023,20230531,HH,WO,3,15
20230601KTLT,20230601,,,0,0
20230601LTLG02023,20230601,LG,LT,6,1
20230601SSSK02023,20230601,SK,SS,14,2
20230602HTLT02023,20230602,LT,HT,14,2
20230601WOHH02023,20230601,HH,WO,7,3
20230602NCLG02023,20230602,LG,NC,2,9
20230602SSHH02023,20230602,HH,SS,7,8
20230602OBKT02023,20230602,KT,OB,1,10
20230603HTLT02023,20230603,LT,HT,6,5
20230602WOSK02023,20230602,SK,WO,3,2
20230603NCLG02023,20230603,LG,NC,3,7
20230603OBKT02023,20230603,KT,OB,13,3
20230603SSHH02023,20230603,HH,SS,2,7
20230603WOSK02023,20230603,SK,WO,2,1
20230604HTLT02023,20230604,LT,HT,0,6
20230604NCLG02023,20230604,LG,NC,1,3
20230604OBKT02023,20230604,KT,OB,5,2
20230604SSHH02023,20230604,HH,SS,10,5
20230606LGWO02023,20230606,WO,LG,1,9
20230606SKHT02023,20230606,HT,SK,1,2
20230604WOSK02023,20230604,SK,WO,3,4
20230606OBLG,20230606,,,0,0
20230606KTLT02023,20230606,LT,KT,1,4
20230606NCSS02023,20230606,SS,NC,9,6
20230607OBLG,20230607,,,0,0
20230606HHOB02023,20230606,OB,HH,4,1
20230607HHOB02023,20230607,OB,HH,6,3
20230607KTLT02023,20230607,LT,KT,2,3
20230607LGWO02023,20230607,WO,LG,5,5
20230607NCSS02023,20230607,SS,NC,0,4
20230607SKHT02023,20230607,HT,SK,8,9
20230608OBLG,20230608,,,0,0
20230608HHOB02023,20230608,OB,HH,2,1
20230608LGWO02023,20230608,WO,LG,13,0
20230608NCSS02023,20230608,SS,NC,1,7
20230608KTLT02023,20230608,LT,KT,6,7
20230608SKHT02023,20230608,HT,SK,4,5
20230609NCKIA,20230609,,,0,0
20230609HTOB02023,20230609,OB,HT,3,7
20230609LGHH02023,20230609,HH,LG,6,5
20230609LTSS02023,20230609,SS,LT,1,5
20230609SKNC02023,20230609,NC,SK,5,2
20230609WOKT02023,20230609,KT,WO,3,2
20230610NCKIA,20230610,,,0,0
20230610HTOB02023,20230610,OB,HT,3,6
20230610LGHH02023,20230610,HH,LG,7,0
20230610LTSS02023,20230610,SS,LT,9,7
20230610SKNC02023,20230610,NC,SK,7,0
20230610WOKT02023,20230610,KT,WO,2,5
20230611DC1,20230611,,,0,0
20230611DC2,20230611,,,0,0
20230611LGHH02023,20230611,HH,LG,7,13
20230611HTOB02023,20230611,OB,HT,3,2
20230611LTSS02023,20230611,SS,LT,6,4
20230611WOKT02023,20230611,KT,WO,5,14
20230612DC1,20230612,,,0,0
20230611SKNC02023,20230611,NC,SK,8,4
20230613SMKY1,20230613,,,0,0
20230613HHLT02023,20230613,LT,HH,7,5
20230613HTWO02023,20230613,WO,HT,1,0
20230613KTSK02023,20230613,SK,KT,8,1
20230613OBNC02023,20230613,NC,OB,4,11
20230613SSLG02023,20230613,LG,SS,2,1
20230614SMGY1,20230614,,,0,0
20230614HHLT02023,20230614,LT,HH,4,8
20230614HTWO02023,20230614,WO,HT,2,1
20230614OBNC02023,20230614,NC,OB,5,4
20230615HTWO02023,20230615,WO,HT,4,8
20230614SSLG02023,20230614,LG,SS,3,2
20230615HHLT02023,20230615,LT,HH,4,5
20230614KTSK02023,20230614,SK,KT,4,14
20230615SMGY1,20230615,,,0,0
20230615KTSK02023,20230615,SK,KT,3,7
20230615OBNC02023,20230615,NC,OB,10,3
20230615SSLG02023,20230615,LG,SS,9,3
20230616FU1,20230616,,,0,0
20230616LTSK02023,20230616,SK,LT,12,1
20230616NCHT02023,20230616,HT,NC,13,11
20230616OBLG02023,20230616,LG,OB,7,4
20230616SSKT02023,20230616,KT,SS,7,6
20230617FU1,20230617,,,0,0
20230617LTSK02023,20230617,SK,LT,8,5
20230616WOHH02023,20230616,HH,WO,2,2
20230617OBLG02023,20230617,LG,OB,4,7
20230617SSKT02023,20230617,KT,SS,6,5
20230617WOHH02023,20230617,HH,WO,6,9
20230617NCHT02023,20230617,HT,NC,7,10
20230618FU1,20230618,,,0,0
20230618LTSK02023,20230618,SK,LT,2,7
20230618NCHT02023,20230618,HT,NC,7,7
20230618OBLG02023,20230618,LG,OB,15,3
20230618SSKT02023,20230618,KT,SS,5,7
20230618WOHH02023,20230618,HH,WO,5,6
20230620FU1,20230620,,,0,0
20230620HTHH02023,20230620,HH,HT,4,6
20230620SKOB02023,20230620,OB,SK,1,6
20230620LTKT02023,20230620,KT,LT,5,2
20230620LGNC02023,20230620,NC,LG,8,4
20230620WOSS02023,20230620,SS,WO,2,7
20230621HTHH02023,20230621,HH,HT,7,4
20230621FU1,20230621,,,0,0
20230621LGNC02023,20230621,NC,LG,3,9
20230621LTKT02023,20230621,KT,LT,8,2
20230621SKOB02023,20230621,OB,SK,1,3
20230621WOSS02023,20230621,SS,WO,0,2
20230622FU1,20230622,,,0,0
20230622HTHH02023,20230622,HH,HT,1,0
20230622LGNC02023,20230622,NC,LG,3,4
20230623HHNC02023,20230623,NC,HH,2,6
20230622LTKT02023,20230622,KT,LT,4,2
20230623LTLG02023,20230623,LG,LT,1,2
20230622WOSS02023,20230622,SS,WO,1,2
20230623OBWO02023,20230623,WO,OB,1,2
20230622SKOB02023,20230622,OB,SK,3,5
20230623KTHT02023,20230623,HT,KT,3,10
20230624HHNC02023,20230624,NC,HH,1,7
20230623SSSK02023,20230623,SK,SS,6,0
20230624KTHT02023,20230624,HT,KT,4,1
20230624LTLG02023,20230624,LG,LT,9,1
20230624OBWO02023,20230624,WO,OB,4,2
20230624SSSK02023,20230624,SK,SS,13,10
20230625OBWO02023,20230625,WO,OB,2,17
20230625LTLG02023,20230625,LG,LT,7,3
20230627KTHH02023,20230627,HH,KT,4,1
20230625SSSK02023,20230625,SK,SS,2,5
20230627FU1,20230628,,,0,0
20230627LGSK02023,20230627,SK,LG,0,14
20230627NCOB02023,20230627,OB,NC,3,2
20230627SSLT02023,20230627,LT,SS,5,3
20230628HHSSG1,20230628,,,0,0
20230627WOHT02023,20230627,HT,WO,1,8
20230628KTHH02023,20230628,HH,KT,6,4
20230628LGSK02023,20230628,SK,LG,6,8
20230628NCOB02023,20230628,OB,NC,1,4
20230628SSLT02023,20230628,LT,SS,9,6
20230628WOHT02023,20230628,HT,WO,5,7
20230630HHSS02023,20230630,SS,HH,1,6
20230630HTLG02023,20230630,LG,HT,5,4
20230630OBLT02023,20230630,LT,OB,1,0
20230630NCKT02023,20230630,KT,NC,3,2
20230701HTLG02023,20230701,LG,HT,3,5
20230701HHSS02023,20230701,SS,HH,4,10
20230701NCKT02023,20230701,KT,NC,7,6
20230630SKWO02023,20230630,WO,SK,3,7
20230701OBLT02023,20230701,LT,OB,1,2
20230701SKWO02023,20230701,WO,SK,6,3
20230702SKWO02023,20230702,WO,SK,5,9
20230702HHSS02023,20230702,SS,HH,2,1
20230702HTLG02023,20230702,LG,HT,3,1
20230702NCKT02023,20230702,KT,NC,5,0
20230702OBLT02023,20230702,LT,OB,2,4
20230629KTLT1,20230704,,,0,0
20230704NCWO02023,20230704,WO,NC,8,4
20230705FU1,20230705,,,0,0
20230705KTLG02023,20230705,LG,KT,4,8
20230705HTSK02023,20230705,SK,HT,3,17
20230704OBSS02023,20230704,SS,OB,3,5
20230705LTHH02023,20230705,HH,LT,5,3
20230705NCWO02023,20230705,WO,NC,2,0
20230705OBSS02023,20230705,SS,OB,4,7
20230706FU1,20230706,,,0,0
20230706HTSK02023,20230706,SK,HT,6,7
20230706KTLG02023,20230706,LG,KT,8,7
20230706LTHH02023,20230706,HH,LT,3,4
20230706NCWO02023,20230706,WO,NC,4,5
20230706OBSS02023,20230706,SS,OB,1,5
20230707HTKT02023,20230707,KT,HT,2,6
20230707WOOB02023,20230707,OB,WO,10,0
20230708FU1,20230708,,,0,0
20230708WOOB02023,20230708,OB,WO,5,2
20230708LGLT02023,20230708,LT,LG,3,12
20230709HTKT02023,20230709,KT,HT,1,5
20230708SSNC02023,20230708,NC,SS,0,8
20230708HTKT02023,20230708,KT,HT,0,7
20230709LGLT02023,20230709,LT,LG,7,4
20230708SKHH02023,20230708,HH,SK,7,9
20230709SSNC02023,20230709,NC,SS,0,7
20230709SKHH02023,20230709,HH,SK,7,0
20230709WOOB02023,20230709,OB,WO,9,2
20230711KTWO02023,20230711,WO,KT,2,4
20230712FU1,20230712,,,0,0
20230712HHLG02023,20230712,LG,HH,1,2
20230712KTWO02023,20230712,WO,KT,3,4
20230712LTNC02023,20230712,NC,LT,11,2
20230712OBSK02023,20230712,SK,OB,1,4
20230712SSHT02023,20230712,HT,SS,3,2
99990715EAWE02023,20230715,WE,EA,8,4
20230713LTNC02023,20230713,NC,LT,13,3
20230713KTWO02023,20230713,WO,KT,0,9
20230713SSHT02023,20230713,HT,SS,1,4
20230714KBO1,20230714,,,0,0
20230721KTSS02023,20230721,SS,KT,2,7
20230721NCHH02023,20230721,HH,NC,3,9
20230721OBHT02023,20230721,HT,OB,2,5
20230721SKLG02023,20230721,LG,SK,4,6
20230721WOLT02023,20230721,LT,WO,2,0
20230722KTSS02023,20230722,SS,KT,5,2
20230722NCHH02023,20230722,HH,NC,5,7
20230722WOLT02023,20230722,LT,WO,3,5
20230723KTSS02023,20230723,SS,KT,7,8
20230723WOLT02023,20230723,LT,WO,6,7
20230725GYHH1,20230725,,,0,0
20230725HTNC02023,20230725,NC,HT,5,3
20230725LGKT02023,20230725,KT,LG,4,1
20230725HHWO02023,20230725,WO,HH,6,16
20230725SKSS02023,20230725,SS,SK,5,1
20230726UBASEBALL1,20230726,,,0,0
20230725LTOB02023,20230725,OB,LT,8,5
20230726WOHH1,20230726,,,0,0
20230726HHWO02023,20230726,WO,HH,4,5
20230726LGKT02023,20230726,KT,LG,4,3
20230726LTOB02023,20230726,OB,LT,2,7
20230726HTNC02023,20230726,NC,HT,3,13
20230726SKSS02023,20230726,SS,SK,7,8
20230727HHWO02023,20230727,WO,HH,2,0
20230727WOHH1,20230727,,,0,0
20230727LGKT02023,20230727,KT,LG,6,9
20230727HTNC02023,20230727,NC,HT,4,0
20230727SKSS02023,20230727,SS,SK,6,5
20230727LTOB02023,20230727,OB,LT,1,9
20230728LTKIA1,20230728,,,0,0
20230728HHSK02023,20230728,SK,HH,3,4
20230728KTNC02023,20230728,NC,KT,2,10
20230728LGOB02023,20230728,OB,LG,2,9
20230728LTHT02023,20230728,HT,LT,6,5
20230728SSWO02023,20230728,WO,SS,5,5
20230729KTNC02023,20230729,NC,KT,2,8
20230729LGOB02023,20230729,OB,LG,6,7
20230729HHSK02023,20230729,SK,HH,6,3
20230729LTHT02023,20230729,HT,LT,4,1
20230729LTKIA1,20230729,,,0,0
20230730HHSK02023,20230730,SK,HH,6,1
20230729SSWO02023,20230729,WO,SS,2,7
20230730SSWO02023,20230730,WO,SS,6,10
20230730KTNC02023,20230730,NC,KT,2,5
20230730LGOB02023,20230730,OB,LG,0,10
20230730LTHT02023,20230730,HT,LT,6,3
20230730LTKIA1,20230730,,,0,0
20230801KIAKT1,20230801,,,0,0
20230801HTSS02023,20230801,SS,HT,8,11
20230801NCLT02023,20230801,LT,NC,3,6
20230801OBHH02023,20230801,HH,OB,3,8
20230801WOLG02023,20230801,LG,WO,4,2
20230801SKKT02023,20230801,KT,SK,8,0
20230802HTSS02023,20230802,SS,HT,7,6
20230802KIAKT1,20230802,,,0,0
20230802NCLT02023,20230802,LT,NC,6,3
20230802SKKT02023,20230802,KT,SK,1,0
20230802WOLG02023,20230802,LG,WO,6,3
20230802OBHH02023,20230802,HH,OB,1,4
20230803KIAKT1,20230803,,,0,0
20230803HTSS02023,20230803,SS,HT,8,12
20230803NCLT02023,20230803,LT,NC,1,8
20230803OBHH02023,20230803,HH,OB,5,2
20230803SKKT02023,20230803,KT,SK,3,1
20230803WOLG02023,20230803,LG,WO,5,4
20230804LGLT1,20230804,,,0,0
20230804HHHT02023,20230804,HT,HH,9,3
20230804KTOB02023,20230804,OB,KT,3,4
20230804LGSS02023,20230804,SS,LG,5,4
20230804SKLT02023,20230804,LT,SK,1,4
20230805HHHT02023,20230805,HT,HH,9,3
20230805LGLT1,20230805,,,0,0
20230804WONC02023,20230804,NC,WO,4,2
20230805KTOB02023,20230805,OB,KT,7,4
20230805SKLT02023,20230805,LT,SK,6,9
20230805LGSS02023,20230805,SS,LG,6,3
20230805WONC02023,20230805,NC,WO,4,3
20230806HHHT02023,20230806,HT,HH,4,4
20230806KTOB02023,20230806,OB,KT,1,3
20230806LGSS02023,20230806,SS,LG,4,7
20230806SKLT02023,20230806,LT,SK,1,0
20230806LGLT1,20230806,,,0,0
20230806WONC02023,20230806,NC,WO,12,7
20230808SMSS1,20230808,,,0,0
20230808HHKT02023,20230808,KT,HH,7,2
20230808NCSK02023,20230808,SK,NC,0,2
20230808LTWO02023,20230808,WO,LT,1,3
20230808SSOB02023,20230808,OB,SS,5,3
20230809LGHT02023,20230809,HT,LG,2,6
20230809HHKT02023,20230809,KT,HH,12,6
20230809LTWO02023,20230809,WO,LT,10,8
20230809NCSK02023,20230809,SK,NC,2,1
20230809SSOB02023,20230809,OB,SS,4,6
20230810LTWO02023,20230810,WO,LT,8,12
20230811HTLT02023,20230811,LT,HT,7,1
20230811NCKT02023,20230811,KT,NC,3,7
20230811OBHH02023,20230811,HH,OB,4,11
20230811WOLG02023,20230811,LG,WO,5,3
20230812HTLT02023,20230812,LT,HT,5,13
20230811SSSK02023,20230811,SK,SS,4,5
20230812NCKT02023,20230812,KT,NC,4,3
20230812OBHH02023,20230812,HH,OB,6,1
20230812SSSK02023,20230812,SK,SS,3,2
20230812WOLG02023,20230812,LG,WO,8,4
20230813HTLT02023,20230813,LT,HT,6,1
20230813NCKT02023,20230813,KT,NC,4,0
20230813OBHH02023,20230813,HH,OB,8,3
20230813SSSK02023,20230813,SK,SS,4,0
20230813WOLG02023,20230813,LG,WO,17,8
20230815HHNC02023,20230815,NC,HH,3,3
20230815KTOB02023,20230815,OB,KT,0,1
20230815WOHT02023,20230815,HT,WO,6,9
20230815KWKT1,20230815,,,0,0
20230815LGSS02023,20230815,SS,LG,6,5
20230815SKLT02023,20230815,LT,SK,10,6
20230816HHNC02023,20230816,NC,HH,3,4
20230816KWKT1,20230816,,,0,0
20230816LGSS02023,20230816,SS,LG,3,6
20230816KTOB02023,20230816,OB,KT,2,5
20230816SKLT02023,20230816,LT,SK,7,4
20230816WOHT02023,20230816,HT,WO,11,3
20230817KWKT1,20230817,,,0,0
20230817HHNC02023,20230817,NC,HH,10,9
20230817KTOB02023,20230817,OB,KT,8,9
20230817LGSS02023,20230817,SS,LG,4,2
20230817SKLT02023,20230817,LT,SK,15,4
20230817WOHT02023,20230817,HT,WO,8,4
20230818HTSS02023,20230818,SS,HT,12,2
20230818LGSK02023,20230818,SK,LG,4,8
20230818KTHH02023,20230818,HH,KT,11,6
20230819KTHH02023,20230819,HH,KT,4,5
20230819LTWO02023,20230819,WO,LT,5,2
20230818LTWO02023,20230818,WO,LT,5,4
20230819LGSK02023,20230819,SK,LG,2,11
20230819HTSS02023,20230819,SS,HT,5,6
20230820LTWO02023,20230820,WO,LT,7,6
20230819NCOB02023,20230819,OB,NC,4,1
20230820HTSS02023,20230820,SS,HT,6,4
20230820KTHH02023,20230820,HH,KT,0,3
20230820LGSK02023,20230820,SK,LG,2,1
20230820NCOB02023,20230820,OB,NC,5,12
20230822LTNC1,20230822,,,0,0
20230822HTKT02023,20230822,KT,HT,8,4
20230822SSHH02023,20230822,HH,SS,3,5
20230822OBWO02023,20230822,WO,OB,1,6
20230823OBWO02023,20230823,WO,OB,4,11
20230824HTKT02023,20230824,KT,HT,3,7
20230824LTLG02023,20230824,LG,LT,3,1
20230823LTNC1,20230823,,,0,0
20230824NCSK02023,20230824,SK,NC,7,4
20230824OBWO02023,20230824,WO,OB,6,8
20230825HHHT02023,20230825,HT,HH,4,1
20230825KTLT02023,20230825,LT,KT,1,3
20230825LGNC02023,20230825,NC,LG,14,1
20230825SKOB02023,20230825,OB,SK,10,1
20230825WOSS02023,20230825,SS,WO,4,7
20230826LGSS1,20230826,,,0,0
20230826HHHT02023,20230826,HT,HH,12,4
20230826KTLT02023,20230826,LT,KT,6,8
20230826LGNC02023,20230826,NC,LG,7,5
20230826WOSS02023,20230826,SS,WO,6,5
20230827LGSS2,20230827,,,0,0
20230827HHHT02023,20230827,HT,HH,5,2
20230826SKOB02023,20230826,OB,SK,5,7
20230827KTLT02023,20230827,LT,KT,1,2
20230827LGNC02023,20230827,NC,LG,5,3
20230827SKOB02023,20230827,OB,SK,5,8
20230827WOSS02023,20230827,SS,WO,8,6
20230830WOSK02023,20230830,SK,WO,11,7
20230831LTHH02023,20230831,HH,LT,2,5
20230831NCHT02023,20230831,HT,NC,13,3
20230831OBLG02023,20230831,LG,OB,3,2
20230831SSKT02023,20230831,KT,SS,6,4
20230831WOSK02023,20230831,SK,WO,3,8
20230901DSNC1,20230901,,,0,0
20230901HHLG02023,20230901,LG,HH,10,0
20230901HTSK02023,20230901,SK,HT,2,10
20230901NCSS02023,20230901,SS,NC,0,10
20230902DSNC1,20230902,,,0,0
20230901KTWO02023,20230901,WO,KT,6,2
20230902HHLG02023,20230902,LG,HH,3,5
20230902HTSK02023,20230902,SK,HT,4,12
20230902KTWO02023,20230902,WO,KT,3,0
20230902NCSS02023,20230902,SS,NC,1,5
20230903HHLG02023,20230903,LG,HH,3,5
20230903HTSK02023,20230903,SK,HT,6,8
20230903KTWO02023,20230903,WO,KT,7,0
20230903NCSS02023,20230903,SS,NC,6,1
20230903OBLT02023,20230903,LT,OB,0,2
20230904OBLT02023,20230904,LT,OB,4,3
20230905LGKT02023,20230905,KT,LG,4,5
20230905WONC02023,20230905,NC,WO,2,1
20230905SSLT02023,20230905,LT,SS,10,3
20230906HTOB02023,20230906,OB,HT,1,7
20230905SKHH02023,20230905,HH,SK,6,11
20230906LGKT02023,20230906,KT,LG,4,3
20230906SKHH02023,20230906,HH,SK,6,5
20230906SSLT02023,20230906,LT,SS,2,7
20230907HTOB02023,20230907,OB,HT,3,0
20230906WONC02023,20230906,NC,WO,8,2
20230907LGKT02023,20230907,KT,LG,4,11
20230907SKHH02023,20230907,HH,SK,4,3
20230907SSLT02023,20230907,LT,SS,2,1
20230907WONC02023,20230907,NC,WO,6,1
20230908GY1,20230908,,,0,0
20230908NCSS1,20230908,,,0,0
20230908SKKT02023,20230908,KT,SK,16,7
20230908HHWO02023,20230908,WO,HH,5,6
20230908LGHT02023,20230908,HT,LG,2,12
20230908LTNC02023,20230908,NC,LT,4,3
20230909NCSS1,20230909,,,0,0
20230908SSOB02023,20230908,OB,SS,8,7
20230909HHWO12023,20230909,WO,HH,2,11
20230909LTNC12023,20230909,NC,LT,2,5
20230909LGHT12023,20230909,HT,LG,7,6
20230909SSOB12023,20230909,OB,SS,1,5
20230909SKKT02023,20230909,KT,SK,8,8
20230909SSOB22023,20230909,OB,SS,4,0
20230909LTNC22023,20230909,NC,LT,6,5
20230909HHWO22023,20230909,WO,HH,1,3
20230909LGHT22023,20230909,HT,LG,12,7
20230910NCSS1,20230910,,,0,0
20230910HHWO02023,20230910,WO,HH,8,9
20230910LGHT02023,20230910,HT,LG,8,7
20230910LTNC02023,20230910,NC,LT,3,1
20230910SKKT02023,20230910,KT,SK,5,6
20230911KUSF1,20230911,,,0,0
20230910SSOB02023,20230910,OB,SS,8,2
20230911KUSF3,20230911,,,0,0
20230911KUSF2,20230911,,,0,0
20230912KUSF1,20230912,,,0,0
20230912KUSF2,20230912,,,0,0
20230912SSKIA1,20230912,,,0,0
20230912KUSF3,20230912,,,0,0
20230912HHOB02023,20230912,OB,HH,8,3
20230912HTSS02023,20230912,SS,HT,10,9
20230912NCLT02023,20230912,LT,NC,3,4
20230912KTSK02023,20230912,SK,KT,0,3
20230913KUSF1,20230913,,,0,0
20230913KUSF2,20230913,,,0,0
20230913KTNC02023,20230913,NC,KT,2,6
20230913SSHT1,20230913,,,0,0
20230913LTHT02023,20230913,HT,LT,1,3
20230914KUSF4,20230914,,,0,0
20230913KUSF3,20230914,,,0,0
20230914KUSF1,20230914,,,0,0
20230914KBO1,20230914,,,0,0
20230914KUSF2,20230914,,,0,0
20230914KTSS02023,20230914,SS,KT,10,4
20230914SKOB02023,20230914,OB,SK,3,2
20230915KUSF1,20230915,,,0,0
20230915KUSF2,20230915,,,0,0
20230914KUSF3,20230915,,,0,0
20230915OBHT02023,20230915,HT,OB,6,8
20230915SSNC02023,20230915,NC,SS,8,1
20230915LGHH02023,20230915,HH,LG,3,4
20230915WOLT02023,20230915,LT,WO,5,4
20230916SKOB0,20230916,,,0,0
20230916SKLG02023,20230916,LG,SK,10,4
20230916SKOB1,20230916,,,0,0
20230917SKOB1,20230917,,,0,0
20230917KTHH12023,20230917,HH,KT,0,7
20230917LTSS02023,20230917,SS,LT,4,7
20230917OBHT02023,20230917,HT,OB,3,8
20230917SKLG12023,20230917,LG,SK,8,3
20230917SKLG22023,20230917,LG,SK,9,5
20230917KTHH22023,20230917,HH,KT,1,3
20230918KUSF2,20230918,,,0,0
20230918KUSF3,20230918,,,0,0
20230915KUSF3,20230918,,,0,0
20230918KTHH02023,20230918,HH,KT,6,2
20230918OBHT02023,20230918,HT,OB,4,8
20230919KUSF1,20230919,,,0,0
20230919LTSSG1,20230919,,,0,0
20230919KUSF2,20230919,,,0,0
20230919KUSF3,20230919,,,0,0
20230919NCOB02023,20230919,OB,NC,1,2
20230919LGHT02023,20230919,HT,LG,3,4
20230919SKHH02023,20230919,HH,SK,3,5
20230919SSKT02023,20230919,KT,SS,7,1
20230919WOLT02023,20230919,LT,WO,3,6
20230921KUSF1,20230921,,,0,0
20230921KUSF2,20230921,,,0,0
20230921HTHH02023,20230921,HH,HT,14,8
20230921LGSK02023,20230921,SK,LG,1,2
20230921LTKT02023,20230921,KT,LT,5,0
20230921OBSS02023,20230921,SS,OB,1,5
20230921NCWO02023,20230921,WO,NC,5,1
20230922KUSF1,20230922,,,0,0
20230922KTHT02023,20230922,HT,KT,2,1
20230922LTSK02023,20230922,SK,LT,2,5
20230922NCLG02023,20230922,LG,NC,4,5
20230922OBSS02023,20230922,SS,OB,1,3
20230922WOHH02023,20230922,HH,WO,6,11
20230923HHLG02023,20230923,LG,HH,3,1
20230923WOOB1,20230923,,,0,0
20230923KTHT02023,20230923,HT,KT,1,4
20230923LTSK02023,20230923,SK,LT,4,2
20230923OBNC02023,20230923,NC,OB,1,3
20230924HHLG02023,20230924,LG,HH,5,1
20230924WOOB1,20230924,,,0,0
20230924KTHT02023,20230924,HT,KT,2,3
20230924LTSK02023,20230924,SK,LT,1,8
20230926HTNC02023,20230926,NC,HT,4,6
20230924OBNC02023,20230924,NC,OB,6,5
20230927HTNC12023,20230927,NC,HT,7,0
20230927KTLG12023,20230927,LG,KT,4,0
20230927SSHH12023,20230927,HH,SS,3,11
20230927OBSK12023,20230927,SK,OB,7,7
20230927HTNC22023,20230927,NC,HT,1,6
20230927OBSK22023,20230927,SK,OB,6,3
20230927KTLG22023,20230927,LG,KT,3,0
20230927SSHH22023,20230927,HH,SS,4,0
20230928HHLT02023,20230928,LT,HH,3,0
20230928SKWO02023,20230928,WO,SK,4,2
20230928HTNC02023,20230928,NC,HT,18,3
20230928SSLG02023,20230928,LG,SS,1,11
20230929HHLT02023,20230929,LT,HH,9,1
20230929LGOB02023,20230929,OB,LG,4,3
20230929HTWO02023,20230929,WO,HT,5,13
20230930HTSK02023,20230930,SK,HT,4,3
20230930NCSS02023,20230930,SS,NC,3,1
20230930LGOB02023,20230930,OB,LG,3,1
20231001HTSK02023,20231001,SK,HT,6,5
20231001LGOB02023,20231001,OB,LG,4,7
20231001NCHH02023,20231001,HH,NC,4,3
20231001SSLT02023,20231001,LT,SS,8,5
20231001WOKT02023,20231001,KT,WO,6,3
88881001HKKR02023,20231001,KR,HK,10,0
20231002SSLT12023,20231002,LT,SS,8,9
20231002LGKT02023,20231002,KT,LG,4,5
20231002NCHH02023,20231002,HH,NC,10,0
20231002WOOB02023,20231002,OB,WO,7,2
20231002SSLT22023,20231002,LT,SS,6,8
88881002KRTW02023,20231002,TW,KR,4,0
88881003THKR02023,20231003,KR,TH,17,0
20231003NCSK02023,20231003,SK,NC,9,7
20231003HTKT02023,20231003,KT,HT,1,3
20231003SSLT02023,20231003,LT,SS,10,4
20231004HTKT12023,20231004,KT,HT,2,10
20231003WOOB02023,20231003,OB,WO,5,6
20231004LGLT02023,20231004,LT,LG,6,7
20231004HHSS02023,20231004,SS,HH,7,11
20231004NCSK02023,20231004,SK,NC,10,5
88881005JPKR02023,20231005,KR,JP,2,0
20231004HTKT22023,20231004,KT,HT,3,2
20231005HHSS02023,20231005,SS,HH,3,1
20231005HTKT02023,20231005,KT,HT,5,3
20231005LGLT02023,20231005,LT,LG,3,5
20231005NCSK02023,20231005,SK,NC,4,3
88881006KRCN02023,20231006,CN,KR,1,8
20231006HHSK02023,20231006,SK,HH,7,2
20231006HTLG02023,20231006,LG,HT,2,3
20231007HHKT02023,20231007,KT,HH,17,0
20231006SSKT02023,20231006,KT,SS,2,6
20231007LGWO02023,20231007,WO,LG,7,1
20231007LTOB02023,20231007,OB,LT,3,6
20231007SKNC02023,20231007,NC,SK,3,2
20231008HHKT02023,20231008,KT,HH,9,2
88881007KRTW02023,20231007,TW,KR,0,2
20231008LTOB02023,20231008,OB,LT,2,1
20231008SKNC02023,20231008,NC,SK,8,10
20231008SSHT02023,20231008,HT,SS,2,1
20231009WOOB1,20231009,,,0,0
20231009HHNC02023,20231009,NC,HH,11,6
20231009LTLG02023,20231009,LG,LT,1,8
20231009SSHT02023,20231009,HT,SS,3,1
20231010HHNC02023,20231010,NC,HH,2,0
20231010LTLG02023,20231010,LG,LT,7,0
20231010OBKT02023,20231010,KT,OB,5,4
20231010SKHT02023,20231010,HT,SK,5,6
20231011OBLT02023,20231011,LT,OB,14,3
20231010SSWO02023,20231010,WO,SS,5,3
20231012NCOB02023,20231012,OB,NC,11,1
20231011WOHT02023,20231011,HT,WO,11,0
20231012LTHT02023,20231012,HT,LT,6,5
20231013HTOB02023,20231013,OB,HT,3,1
20231013LGNC02023,20231013,NC,LG,8,4
20231013WOSK02023,20231013,SK,WO,3,2
20231014LTHH02023,20231014,HH,LT,8,0
20231014OBLG02023,20231014,LG,OB,2,3
20231014SKSS02023,20231014,SS,SK,5,3
20231015LTHH02023,20231015,HH,LT,7,4
20231015OBLG02023,20231015,LG,OB,5,2
20231015SSNC02023,20231015,NC,SS,5,3
20231016LTHH02023,20231016,HH,LT,2,7
20231016SKOB02023,20231016,OB,SK,2,3
20231016NCHT02023,20231016,HT,NC,4,2
20231017OBSK02023,20231017,SK,OB,5,0
20231017NCHT02023,20231017,HT,NC,7,1
20231017CDW1,20231017,,,0,0
44441019OBNC02023,20231019,NC,OB,14,9
33331022NCSK02023,20231022,SK,NC,3,4
33331023NCSK02023,20231023,SK,NC,3,7
33331025SKNC02023,20231025,NC,SK,7,6
55551031NCKT02023,20231031,KT,NC,2,3
55551030NCKT02023,20231030,KT,NC,5,9
55551102KTNC02023,20231102,NC,KT,0,3
55551105NCKT02023,20231105,KT,NC,3,2
55551103KTNC02023,20231103,NC,KT,2,11
20231106KBO1,20231106,,,0,0
77771108KTLG02023,20231108,LG,KT,5,4
77771107KTLG02023,20231107,LG,KT,2,3
77771110LGKT02023,20231110,KT,LG,7,8
20231111KUSF1,20231111,,,0,0
77771111LGKT02023,20231111,KT,LG,4,15
20231112KUSF1,20231112,,,0,0
77771113KTLG02023,20231113,LG,KT,6,2
88881116AUKR02023,20231116,KR,AU,3,2
88881116JPTW02023,20231116,TW,JP,0,4
88881117TWAU02023,20231117,AU,TW,0,6
88881117KRJP02023,20231117,JP,KR,2,1
88881118JPAU02023,20231118,AU,JP,0,10
88881118TWKR02023,20231118,KR,TW,6,1
88881119AUTW02023,20231119,TW,AU,4,3
88881119KRJP02023,20231119,JP,KR,4,3
20231127KBO1,20231127,,,0,0
20240309HTNC02024,20240309,NC,HT,3,10
20240309LGKT02024,20240309,KT,LG,2,5
20240309SSHH02024,20240309,HH,SS,6,2
20240309SKLT02024,20240309,LT,SK,6,1
20240309WOOB02024,20240309,OB,WO,12,8
20240310HTNC02024,20240310,NC,HT,6,4
20240310LGKT02024,20240310,KT,LG,3,2
20240310SKLT02024,20240310,LT,SK,13,5
20240310SSHH02024,20240310,HH,SS,1,6
20240310WOOB02024,20240310,OB,WO,3,1
20240311LGSS02024,20240311,SS,LG,2,5
20240311HTHH02024,20240311,HH,HT,0,3
20240311OBLT02024,20240311,LT,OB,0,3
20240311WONC02024,20240311,NC,WO,9,3
20240312HTHH02024,20240312,HH,HT,9,1
20240311SKKT02024,20240311,KT,SK,0,3
20240312LGSS02024,20240312,SS,LG,0,3
20240314BL1,20240314,,,0,0
20240312SKKT02024,20240312,KT,SK,8,4
20240312WONC02024,20240312,NC,WO,8,7
20240314HTOB02024,20240314,OB,HT,7,2
20240314KTHH02024,20240314,HH,KT,6,4
20240314LGNC02024,20240314,NC,LG,6,4
20240314LTSS02024,20240314,SS,LT,0,7
20240314WOSK02024,20240314,SK,WO,4,5
20240315HTOB02024,20240315,OB,HT,5,4
20240315KTHH02024,20240315,HH,KT,11,11
20240315LGNC02024,20240315,NC,LG,7,11
20240315WOSK02024,20240315,SK,WO,11,6
20240315LTSS02024,20240315,SS,LT,3,2
20240316HHLT02024,20240316,LT,HH,2,8
20240316KTHT02024,20240316,HT,KT,4,5
20240316NCSS02024,20240316,SS,NC,3,2
20240316OBSK02024,20240316,SK,OB,1,2
20240316WOLG02024,20240316,LG,WO,3,1
20240317HHLT02024,20240317,LT,HH,2,14
20240317KTHT02024,20240317,HT,KT,14,4
20240317OBSK02024,20240317,SK,OB,6,11
20240317NCSS02024,20240317,SS,NC,2,5
20240318LTKT02024,20240318,KT,LT,3,2
20240318OBHH02024,20240318,HH,OB,0,2
20240318NCSK02024,20240318,SK,NC,3,1
20240318SSHT02024,20240318,HT,SS,3,8
20240319NCSK02024,20240319,SK,NC,2,7
20240319OBHH02024,20240319,HH,OB,7,7
20240319SSHT02024,20240319,HT,SS,9,3
20240319WOLG02024,20240319,LG,WO,12,1
20240319BS1,20240319,,,0,0
20240321BL1,20240321,,,0,0
20240323HHLG02024,20240323,LG,HH,8,2
20240323LTSK02024,20240323,SK,LT,5,3
20240323OBNC02024,20240323,NC,OB,4,3
20240323WOHT02024,20240323,HT,WO,7,5
20240323SSKT02024,20240323,KT,SS,2,6
20240324HHLG02024,20240324,LG,HH,4,8
20240324LTSK02024,20240324,SK,LT,7,6
20240324OBNC02024,20240324,NC,OB,3,6
20240324SSKT02024,20240324,KT,SS,8,11
20240326BL1,20240326,,,0,0
20240326HHSK02024,20240326,SK,HH,0,6
20240326LTHT02024,20240326,HT,LT,2,1
20240326OBKT02024,20240326,KT,OB,5,8
20240326WONC02024,20240326,NC,WO,10,5
20240326SSLG02024,20240326,LG,SS,4,3
20240327BL1,20240327,,,0,0
20240327HHSK02024,20240327,SK,HH,1,3
20240327LTHT02024,20240327,HT,LT,8,2
20240327OBKT02024,20240327,KT,OB,8,11
20240327SSLG02024,20240327,LG,SS,2,2
20240327WONC02024,20240327,NC,WO,6,2
20240328HHSK02024,20240328,SK,HH,6,10
20240328BL1,20240328,,,0,0
20240328OBKT02024,20240328,KT,OB,8,7
20240328SSLG02024,20240328,LG,SS,18,1
20240329BL1,20240329,,,0,0
20240329HTOB02024,20240329,OB,HT,2,4
20240329KTHH02024,20240329,HH,KT,3,2
20240329LGWO02024,20240329,WO,LG,0,3
20240329NCLT02024,20240329,LT,NC,3,1
20240330KTHH02024,20240330,HH,KT,8,5
20240329SKSS02024,20240329,SS,SK,4,6
20240330HTOB02024,20240330,OB,HT,8,0
20240330NCLT02024,20240330,LT,NC,0,8
20240330LGWO02024,20240330,WO,LG,8,3
20240330SKSS02024,20240330,SS,SK,6,9
20240331KTHH02024,20240331,HH,KT,14,3
20240331HTOB02024,20240331,OB,HT,3,9
20240331NCLT02024,20240331,LT,NC,7,8
20240331LGWO02024,20240331,WO,LG,8,4
20240331SKSS02024,20240331,SS,SK,3,4
20240402BL1,20240402,,,0,0
20240402HTKT02024,20240402,KT,HT,10,6
20240402LTHH02024,20240402,HH,LT,0,1
20240402NCLG02024,20240402,LG,NC,5,7
20240402OBSK02024,20240402,SK,OB,13,6
20240402WOSS02024,20240402,SS,WO,3,8
20240403BL1,20240403,,,0,0
20240403HTKT02024,20240403,KT,HT,1,5
20240403OBSK02024,20240403,SK,OB,5,3
20240403NCLG02024,20240403,LG,NC,5,0
20240404NCLG02024,20240404,LG,NC,8,7
20240404HTKT02024,20240404,KT,HT,3,6
20240404LTHH02024,20240404,HH,LT,6,5
20240404BL1,20240404,,,0,0
20240404OBSK02024,20240404,SK,OB,3,2
20240404WOSS02024,20240404,SS,WO,1,10
20240405BL1,20240405,,,0,0
20240405HHWO02024,20240405,WO,HH,11,7
20240405KTLG02024,20240405,LG,KT,7,8
20240405SKNC02024,20240405,NC,SK,5,0
20240405OBLT02024,20240405,LT,OB,3,4
20240405SSHT02024,20240405,HT,SS,5,2
20240406KTLG02024,20240406,LG,KT,8,4
20240406HHWO02024,20240406,WO,HH,7,6
20240406OBLT02024,20240406,LT,OB,8,1
20240406SKNC02024,20240406,NC,SK,16,3
20240407HHWO02024,20240407,WO,HH,4,3
20240406SSHT02024,20240406,HT,SS,4,7
20240407OBLT02024,20240407,LT,OB,7,6
20240407KTLG02024,20240407,LG,KT,16,7
20240407SKNC02024,20240407,NC,SK,10,1
20240409HHOB02024,20240409,OB,HH,5,3
20240409KTNC02024,20240409,NC,KT,1,6
20240407SSHT02024,20240407,HT,SS,3,7
20240409BL1,20240409,,,0,0
20240409LGHT02024,20240409,HT,LG,7,2
20240409WOSK02024,20240409,SK,WO,8,5
20240409SSLT02024,20240409,LT,SS,1,8
20240410HHOB02024,20240410,OB,HH,7,4
20240410KTNC02024,20240410,NC,KT,3,2
20240410LGHT02024,20240410,HT,LG,5,4
20240410WOSK02024,20240410,SK,WO,8,4
20240410SSLT02024,20240410,LT,SS,7,10
20240411BL1,20240411,,,0,0
20240411HHOB02024,20240411,OB,HH,0,3
20240411KTNC02024,20240411,NC,KT,8,7
20240411WOSK02024,20240411,SK,WO,2,5
20240411LGHT02024,20240411,HT,LG,8,4
20240411SSLT02024,20240411,LT,SS,0,4
20240412BL1,20240412,,,0,0
20240412HTHH02024,20240412,HH,HT,4,8
20240412NCSS02024,20240412,SS,NC,3,8
20240412LGOB02024,20240412,OB,LG,1,2
20240412LTWO02024,20240412,WO,LT,9,4
20240412SKKT02024,20240412,KT,SK,8,3
20240413LGOB02024,20240413,OB,LG,5,2
20240413HTHH02024,20240413,HH,HT,9,11
20240413LTWO02024,20240413,WO,LT,8,1
20240413NCSS02024,20240413,SS,NC,3,4
20240413SKKT02024,20240413,KT,SK,8,11
20240414HTHH02024,20240414,HH,HT,2,5
20240414LTWO02024,20240414,WO,LT,7,5
20240414SKKT02024,20240414,KT,SK,1,8
20240414NCSS02024,20240414,SS,NC,12,5
20240416BL1,20240416,,,0,0
20240414LGOB02024,20240414,OB,LG,9,5
20240416HHNC02024,20240416,NC,HH,4,7
20240416KTWO02024,20240416,WO,KT,6,3
20240416HTSK02024,20240416,SK,HT,6,4
20240416LTLG02024,20240416,LG,LT,7,2
20240416OBSS02024,20240416,SS,OB,7,5
20240417BL1,20240417,,,0,0
20240417KTWO02024,20240417,WO,KT,4,6
20240417HTSK02024,20240417,SK,HT,3,11
20240417HHNC02024,20240417,NC,HH,4,3
20240417LTLG02024,20240417,LG,LT,6,5
20240417OBSS02024,20240417,SS,OB,9,2
20240418HTSK02024,20240418,SK,HT,7,5
20240418BL1,20240418,,,0,0
20240418KTWO02024,20240418,WO,KT,0,3
20240419KTLT02024,20240419,LT,KT,4,3
20240418OBSS02024,20240418,SS,OB,5,2
20240419BL1,20240419,,,0,0
20240419LGSK02024,20240419,SK,LG,1,4
20240419SSHH02024,20240419,HH,SS,6,1
20240418LTLG02024,20240418,LG,LT,2,9
20240419NCHT02024,20240419,HT,NC,4,3
20240419WOOB02024,20240419,OB,WO,19,8
20240420NCHT02024,20240420,HT,NC,9,2
20240420SSHH02024,20240420,HH,SS,0,1
20240421KTLT12024,20240421,LT,KT,9,9
20240421NCHT02024,20240421,HT,NC,4,15
20240421SSHH02024,20240421,HH,SS,3,5
20240421WOOB12024,20240421,OB,WO,4,8
20240421LGSK12024,20240421,SK,LG,8,10
20240421WOOB22024,20240421,OB,WO,2,1
20240421KTLT22024,20240421,LT,KT,7,5
20240421LGSK22024,20240421,SK,LG,5,5
20240423BL1,20240423,,,0,0
20240423HHKT02024,20240423,KT,HH,9,6
20240423NCOB02024,20240423,OB,NC,4,3
20240423HTWO02024,20240423,WO,HT,2,5
20240423LGSS02024,20240423,SS,LG,7,3
20240424BL1,20240424,,,0,0
20240424HHKT02024,20240424,KT,HH,7,1
20240424HTWO02024,20240424,WO,HT,4,6
20240424LGSS02024,20240424,SS,LG,6,0
20240425BL2,20240425,,,0,0
20240424NCOB02024,20240424,OB,NC,1,3
20240424SKLT02024,20240424,LT,SK,7,12
20240425HHKT02024,20240425,KT,HH,9,0
20240425LGSS02024,20240425,SS,LG,2,8
20240425HTWO02024,20240425,WO,HT,2,13
20240425NCOB02024,20240425,OB,NC,7,3
20240425SKLT02024,20240425,LT,SK,6,3
20240426BL1,20240426,,,0,0
20240426HTLG02024,20240426,LG,HT,7,6
20240426LTNC02024,20240426,NC,LT,4,0
20240426KTSK02024,20240426,SK,KT,5,2
20240426OBHH02024,20240426,HH,OB,5,10
20240426SSWO02024,20240426,WO,SS,0,3
20240427HTLG02024,20240427,LG,HT,6,3
20240427LTNC02024,20240427,NC,LT,2,0
20240427KTSK02024,20240427,SK,KT,2,5
20240427OBHH02024,20240427,HH,OB,10,5
20240428HTLG02024,20240428,LG,HT,7,10
20240427SSWO02024,20240427,WO,SS,0,11
20240428KTSK02024,20240428,SK,KT,11,6
20240428LTNC02024,20240428,NC,LT,5,3
20240428OBHH02024,20240428,HH,OB,8,17
20240428SSWO02024,20240428,WO,SS,6,11
20240430KTHT02024,20240430,HT,KT,4,11
20240430BL1,20240430,,,0,0
20240430LGNC02024,20240430,NC,LG,8,0
20240430SKHH02024,20240430,HH,SK,8,2
20240430SSOB02024,20240430,OB,SS,4,0
20240430WOLT02024,20240430,LT,WO,7,9
20240501KTHT02024,20240501,HT,KT,9,1
20240501SSOB02024,20240501,OB,SS,2,9
20240501LGNC02024,20240501,NC,LG,1,10
20240501SKHH02024,20240501,HH,SK,7,8
20240501WOLT02024,20240501,LT,WO,3,6
20240502BL1,20240502,,,0,0
20240502KTHT02024,20240502,HT,KT,5,12
20240502LGNC02024,20240502,NC,LG,4,5
20240502WOLT02024,20240502,LT,WO,6,5
20240502SSOB02024,20240502,OB,SS,2,4
20240502SKHH02024,20240502,HH,SK,3,4
20240503LTSS02024,20240503,SS,LT,7,8
20240503BL1,20240503,,,0,0
20240503HHHT02024,20240503,HT,HH,2,4
20240503NCSK02024,20240503,SK,NC,5,19
20240503WOKT02024,20240503,KT,WO,2,1
20240504OBLG02024,20240504,LG,OB,2,3
20240504LTSS02024,20240504,SS,LT,2,9
20240503OBLG02024,20240503,LG,OB,4,6
20240504HHHT02024,20240504,HT,HH,10,2
20240504NCSK02024,20240504,SK,NC,6,8
20240504WOKT02024,20240504,KT,WO,6,2
20240507BL1,20240507,,,0,0
20240507OBWO02024,20240507,WO,OB,4,13
20240507SKLG02024,20240507,LG,SK,2,4
20240508HHLT02024,20240508,LT,HH,6,1
20240508BL1,20240508,,,0,0
20240508HTSS02024,20240508,SS,HT,2,4
20240508NCKT02024,20240508,KT,NC,7,6
20240509BL1,20240509,,,0,0
20240508SKLG02024,20240508,LG,SK,8,5
20240509HHLT02024,20240509,LT,HH,18,5
20240509NCKT02024,20240509,KT,NC,6,2
20240509HTSS02024,20240509,SS,HT,5,2
20240508OBWO02024,20240508,WO,OB,1,6
20240509OBWO02024,20240509,WO,OB,2,5
20240509SKLG02024,20240509,LG,SK,3,1
20240510KTOB02024,20240510,OB,KT,7,3
20240510BL2,20240510,,,0,0
20240510LGLT02024,20240510,LT,LG,1,9
20240510WOHH02024,20240510,HH,WO,5,4
20240510SSNC02024,20240510,NC,SS,10,3
20240511WOHH02024,20240511,HH,WO,1,7
20240510SKHT02024,20240510,HT,SK,2,4
20240511LGLT02024,20240511,LT,LG,1,2
20240512SSNC02024,20240512,NC,SS,2,7
20240512KTOB12024,20240512,OB,KT,12,4
20240512SKHT12024,20240512,HT,SK,3,2
20240511SSNC02024,20240511,NC,SS,2,3
20240512LGLT02024,20240512,LT,LG,4,6
20240512WOHH02024,20240512,HH,WO,8,3
20240512KTOB22024,20240512,OB,KT,8,4
20240512SKHT22024,20240512,HT,SK,6,10
20240514BL1,20240514,,,0,0
20240514LTKT02024,20240514,KT,LT,7,4
20240514WOLG02024,20240514,LG,WO,0,5
20240514NCHH02024,20240514,HH,NC,5,5
20240514OBHT02024,20240514,HT,OB,5,8
20240514SSSK02024,20240514,SK,SS,9,2
20240515NCHH02024,20240515,HH,NC,1,16
20240516BL1,20240516,,,0,0
20240516NCHH02024,20240516,HH,NC,3,4
20240516OBHT02024,20240516,HT,OB,7,7
20240515OBHT02024,20240515,HT,OB,8,4
20240516LTKT02024,20240516,KT,LT,0,2
20240516SSSK02024,20240516,SK,SS,4,12
20240516WOLG02024,20240516,LG,WO,5,6
20240517BL1,20240517,,,0,0
20240517HHSS02024,20240517,SS,HH,7,5
20240517HTNC02024,20240517,NC,HT,4,7
20240517LGKT02024,20240517,KT,LG,5,13
20240518HHSS02024,20240518,SS,HH,9,8
20240517LTOB02024,20240517,OB,LT,1,5
20240517SKWO02024,20240517,WO,SK,4,5
20240518HTNC02024,20240518,NC,HT,2,7
20240518LTOB02024,20240518,OB,LT,8,3
20240518LGKT02024,20240518,KT,LG,6,7
20240518SKWO02024,20240518,WO,SK,0,3
20240519HHSS02024,20240519,SS,HH,2,12
20240519HTNC02024,20240519,NC,HT,1,2
20240519LGKT02024,20240519,KT,LG,10,4
20240519LTOB02024,20240519,OB,LT,3,3
20240521HTLT02024,20240521,LT,HT,6,1
20240519SKWO02024,20240519,WO,SK,10,3
20240521KTSS02024,20240521,SS,KT,5,8
20240521LGHH02024,20240521,HH,LG,8,4
20240521BL1,20240521,,,0,0
20240521SKOB02024,20240521,OB,SK,8,6
20240522BL1,20240522,,,0,0
20240521NCWO02024,20240521,WO,NC,3,5
20240522LGHH02024,20240522,HH,LG,7,5
20240522KTSS02024,20240522,SS,KT,3,1
20240522HTLT02024,20240522,LT,HT,4,2
20240522SKOB02024,20240522,OB,SK,3,1
20240522NCWO02024,20240522,WO,NC,3,4
20240523BL1,20240523,,,0,0
20240523HTLT02024,20240523,LT,HT,10,6
20240523NCWO02024,20240523,WO,NC,6,4
20240523LGHH02024,20240523,HH,LG,4,8
20240523KTSS02024,20240523,SS,KT,2,9
20240524BL1,20240524,,,0,0
20240523SKOB02024,20240523,OB,SK,10,3
20240524HHSK02024,20240524,SK,HH,5,7
20240524OBHT02024,20240524,HT,OB,5,7
20240524NCLG02024,20240524,LG,NC,11,4
20240524SSLT02024,20240524,LT,SS,5,11
20240525HHSK02024,20240525,SK,HH,2,4
20240524WOKT02024,20240524,KT,WO,5,4
20240525OBHT02024,20240525,HT,OB,6,2
20240525SSLT02024,20240525,LT,SS,7,6
20240525NCLG02024,20240525,LG,NC,10,6
20240525WOKT02024,20240525,KT,WO,5,2
20240526NCLG02024,20240526,LG,NC,6,3
20240526OBHT02024,20240526,HT,OB,5,2
20240526SSLT02024,20240526,LT,SS,9,1
20240528BL2,20240528,,,0,0
20240528HTNC02024,20240528,NC,HT,8,11
20240528KTOB02024,20240528,OB,KT,3,12
20240528LGSK02024,20240528,SK,LG,5,7
20240528LTHH02024,20240528,HH,LT,12,3
20240529BL1,20240529,,,0,0
20240528WOSS02024,20240528,SS,WO,3,4
20240529LTHH02024,20240529,HH,LT,3,0
20240529KTOB02024,20240529,OB,KT,12,6
20240529LGSK02024,20240529,SK,LG,4,13
20240529HTNC02024,20240529,NC,HT,3,6
20240529WOSS02024,20240529,SS,WO,5,11
20240530BL1,20240530,,,0,0
20240530LGSK02024,20240530,SK,LG,8,2
20240530KTOB02024,20240530,OB,KT,6,1
20240530HTNC02024,20240530,NC,HT,2,11
20240530WOSS02024,20240530,SS,WO,4,2
20240530LTHH02024,20240530,HH,LT,15,0
20240531BL1,20240531,,,0,0
20240531HHSS02024,20240531,SS,HH,8,6
20240531LGOB02024,20240531,OB,LG,3,6
20240531KTHT02024,20240531,HT,KT,5,8
20240531NCLT02024,20240531,LT,NC,13,5
20240601HHSS02024,20240601,SS,HH,6,4
20240601BB1,20240601,,,0,0
20240531SKWO02024,20240531,WO,SK,2,4
20240601KTHT02024,20240601,HT,KT,4,2
20240602LGOB02024,20240602,OB,LG,1,9
20240601LGOB02024,20240601,OB,LG,5,8
20240601NCLT02024,20240601,LT,NC,2,4
20240601SKWO02024,20240601,WO,SK,0,9
20240602SKWO02024,20240602,WO,SK,2,6
20240602HHSS02024,20240602,SS,HH,1,0
20240602NCLT02024,20240602,LT,NC,13,4
20240602KTHT02024,20240602,HT,KT,3,11
20240604BL1,20240604,,,0,0
20240604HHKT02024,20240604,KT,HH,2,8
20240604OBNC02024,20240604,NC,OB,1,4
20240604LTHT02024,20240604,HT,LT,0,6
20240604WOLG02024,20240604,LG,WO,3,11
20240604SSSK02024,20240604,SK,SS,1,3
20240605BL1,20240605,,,0,0
20240605HHKT02024,20240605,KT,HH,2,12
20240605LTHT02024,20240605,HT,LT,3,9
20240605OBNC02024,20240605,NC,OB,3,4
20240605SSSK02024,20240605,SK,SS,7,3
20240605WOLG02024,20240605,LG,WO,4,2
20240606LTHT02024,20240606,HT,LT,5,4
20240606HHKT02024,20240606,KT,HH,0,6
20240606SSSK02024,20240606,SK,SS,4,0
20240606OBNC02024,20240606,NC,OB,4,8
20240606WOLG02024,20240606,LG,WO,8,4
20240607HTOB02024,20240607,OB,HT,6,5
20240607BL1,20240607,,,0,0
20240607NCHH02024,20240607,HH,NC,2,6
20240607SKLT02024,20240607,LT,SK,11,7
20240607LGKT02024,20240607,KT,LG,7,8
20240607SSWO02024,20240607,WO,SS,7,5
20240608LGKT02024,20240608,KT,LG,2,8
20240608HTOB02024,20240608,OB,HT,9,8
20240608NCHH02024,20240608,HH,NC,2,4
20240608SSWO02024,20240608,WO,SS,10,3
20240609SKLT12024,20240609,LT,SK,1,5
20240609SSWO02024,20240609,WO,SS,1,7
20240609LGKT02024,20240609,KT,LG,11,2
20240609HTOB02024,20240609,OB,HT,2,8
20240609NCHH02024,20240609,HH,NC,3,3
20240611HHOB02024,20240611,OB,HH,1,6
20240609SKLT22024,20240609,LT,SK,5,3
20240611BL1,20240611,,,0,0
20240611KTNC02024,20240611,NC,KT,8,6
20240611HTSK02024,20240611,SK,HT,7,6
20240611LGSS02024,20240611,SS,LG,6,4
20240611WOLT02024,20240611,LT,WO,2,5
20240612HHOB02024,20240612,OB,HH,3,4
20240612HTSK02024,20240612,SK,HT,7,13
20240612BL1,20240612,,,0,0
20240612KTNC02024,20240612,NC,KT,8,11
20240612LGSS02024,20240612,SS,LG,5,4
20240612WOLT02024,20240612,LT,WO,9,2
20240613BL1,20240613,,,0,0
20240613HHOB02024,20240613,OB,HH,9,6
20240613KTNC02024,20240613,NC,KT,5,3
20240613HTSK02024,20240613,SK,HT,7,1
20240613LGSS02024,20240613,SS,LG,6,3
20240613WOLT02024,20240613,LT,WO,18,10
20240614HTKT02024,20240614,KT,HT,1,11
20240614BL1,20240614,,,0,0
20240614LTLG02024,20240614,LG,LT,5,3
20240614OBWO02024,20240614,WO,OB,4,6
20240614SKHH02024,20240614,HH,SK,4,11
20240614SSNC02024,20240614,NC,SS,4,7
20240615HTKT02024,20240615,KT,HT,1,2
20240615SKHH02024,20240615,HH,SK,1,9
20240615LTLG02024,20240615,LG,LT,8,9
20240615OBWO02024,20240615,WO,OB,1,4
20240615SSNC02024,20240615,NC,SS,6,4
20240616OBWO02024,20240616,WO,OB,8,2
20240616HTKT02024,20240616,KT,HT,1,3
20240616SKHH02024,20240616,HH,SK,4,1
20240616SSNC02024,20240616,NC,SS,5,4
20240618BL1,20240618,,,0,0
20240618LTKT02024,20240618,KT,LT,6,4
20240618NCOB02024,20240618,OB,NC,6,2
20240618SKSS02024,20240618,SS,SK,3,8
20240618LGHT02024,20240618,HT,LG,11,4
20240618WOHH02024,20240618,HH,WO,3,0
20240616LTLG02024,20240616,LG,LT,9,8
20240619LTKT02024,20240619,KT,LT,5,13
20240619BL1,20240619,,,0,0
20240619LGHT02024,20240619,HT,LG,5,7
20240619SKSS02024,20240619,SS,SK,13,2
20240619NCOB02024,20240619,OB,NC,5,7
20240619WOHH02024,20240619,HH,WO,14,11
20240620LGHT02024,20240620,HT,LG,6,5
20240620LTKT02024,20240620,KT,LT,7,6
20240620BL1,20240620,,,0,0
20240620SKSS02024,20240620,SS,SK,4,0
20240620NCOB02024,20240620,OB,NC,2,0
20240621BL1,20240621,,,0,0
20240620WOHH02024,20240620,HH,WO,0,7
20240621HHHT02024,20240621,HT,HH,8,3
20240621KTLG02024,20240621,LG,KT,2,3
20240621OBSS02024,20240621,SS,OB,7,4
20240621NCSK02024,20240621,SK,NC,2,3
20240621LTWO02024,20240621,WO,LT,5,2
20240622LTWO02024,20240622,WO,LT,1,6
20240622NCSK02024,20240622,SK,NC,12,4
20240623HHHT12024,20240623,HT,HH,8,9
20240623KTLG12024,20240623,LG,KT,7,2
20240623NCSK02024,20240623,SK,NC,6,18
20240623LTWO02024,20240623,WO,LT,2,10
20240623KTLG22024,20240623,LG,KT,3,4
20240623OBSS12024,20240623,SS,OB,7,4
20240623OBSS22024,20240623,SS,OB,10,4
20240623HHHT22024,20240623,HT,HH,4,1
20240625BL1,20240625,,,0,0
20240625HTLT02024,20240625,LT,HT,15,15
20240625NCWO02024,20240625,WO,NC,6,5
20240625OBHH02024,20240625,HH,OB,5,4
20240625KTSK02024,20240625,SK,KT,1,6
20240625SSLG02024,20240625,LG,SS,4,0
20240626BL1,20240626,,,0,0
20240626HTLT02024,20240626,LT,HT,6,4
20240626NCWO02024,20240626,WO,NC,10,7
20240626KTSK02024,20240626,SK,KT,10,5
20240626SSLG02024,20240626,LG,SS,2,1
20240626OBHH02024,20240626,HH,OB,8,15
20240627BL1,20240627,,,0,0
20240627HTLT02024,20240627,LT,HT,11,2
20240627KTSK02024,20240627,SK,KT,8,16
20240627NCWO02024,20240627,WO,NC,9,7
20240627OBHH02024,20240627,HH,OB,8,3
20240628BL1,20240628,,,0,0
20240627SSLG02024,20240627,LG,SS,1,2
20240628HHLT02024,20240628,LT,HH,6,4
20240628SKOB02024,20240628,OB,SK,10,0
20240628LGNC02024,20240628,NC,LG,8,2
20240628SSKT02024,20240628,KT,SS,5,4
20240628WOHT02024,20240628,HT,WO,6,17
20240629SKOB02024,20240629,OB,SK,0,6
20240630LGNC02024,20240630,NC,LG,6,9
20240630SSKT12024,20240630,KT,SS,2,2
20240702BL1,20240702,,,0,0
20240630SSKT22024,20240630,KT,SS,2,1
20240630SKOB02024,20240630,OB,SK,1,3
20240702HTSS02024,20240702,SS,HT,5,9
20240702KTHH02024,20240702,HH,KT,5,6
20240702LGWO02024,20240702,WO,LG,4,2
20240703BL1,20240703,,,0,0
20240703KTHH02024,20240703,HH,KT,2,3
20240703LGWO02024,20240703,WO,LG,4,1
20240703HTSS02024,20240703,SS,HT,4,6
20240703LTOB02024,20240703,OB,LT,13,8
20240703SKNC02024,20240703,NC,SK,4,1
20240704BL1,20240704,,,0,0
20240704KTHH02024,20240704,HH,KT,13,5
20240704HTSS02024,20240704,SS,HT,3,8
20240704LTOB02024,20240704,OB,LT,6,3
20240704LGWO02024,20240704,WO,LG,2,3
20240704SKNC02024,20240704,NC,SK,2,0
99990706WEEA02024,20240706,EA,WE,2,4
20240709BL1,20240709,,,0,0
20240709HHWO02024,20240709,WO,HH,5,3
20240709HTLG02024,20240709,LG,HT,4,11
20240710BL1,20240710,,,0,0
20240709LTSK02024,20240709,SK,LT,7,4
20240710HHWO02024,20240710,WO,HH,0,7
20240710HTLG02024,20240710,LG,HT,2,5
20240710LTSK02024,20240710,SK,LT,1,6
20240710NCSS02024,20240710,SS,NC,15,6
20240711BL1,20240711,,,0,0
20240710OBKT02024,20240710,KT,OB,7,6
20240711HTLG02024,20240711,LG,HT,2,4
20240711HHWO02024,20240711,WO,HH,5,4
20240711LTSK02024,20240711,SK,LT,5,4
20240711NCSS02024,20240711,SS,NC,6,4
20240711OBKT02024,20240711,KT,OB,1,12
20240712BL1,20240712,,,0,0
20240712KTLT02024,20240712,LT,KT,4,5
20240712LGHH02024,20240712,HH,LG,6,0
20240712SKHT02024,20240712,HT,SK,6,14
20240712SSOB02024,20240712,OB,SS,5,9
20240712WONC02024,20240712,NC,WO,9,2
20240713KTLT02024,20240713,LT,KT,3,6
20240713LGHH02024,20240713,HH,LG,3,7
20240713SKHT02024,20240713,HT,SK,9,15
20240713SSOB02024,20240713,OB,SS,8,4
20240714LGHH02024,20240714,HH,LG,4,8
20240713WONC02024,20240713,NC,WO,11,5
20240714SSOB02024,20240714,OB,SS,2,6
20240714SKHT02024,20240714,HT,SK,13,4
20240715BL1,20240716,,,0,0
20240716KTWO02024,20240716,WO,KT,3,4
20240716OBLT02024,20240716,LT,OB,4,0
20240717BL1,20240717,,,0,0
20240717HHNC02024,20240717,NC,HH,5,1
20240717KTWO02024,20240717,WO,KT,2,9
20240717OBLT02024,20240717,LT,OB,6,2
20240717SKLG02024,20240717,LG,SK,12,9
20240718BL1,20240718,,,0,0
20240717SSHT02024,20240717,HT,SS,10,5
20240718HHNC02024,20240718,NC,HH,4,3
20240718KTWO02024,20240718,WO,KT,8,12
20240718OBLT02024,20240718,LT,OB,2,3
20240718SSHT02024,20240718,HT,SS,10,4
20240719BL1,20240719,,,0,0
20240719HTHH02024,20240719,HH,HT,3,7
20240719LTSS02024,20240719,SS,LT,6,10
20240719NCKT02024,20240719,KT,NC,6,0
20240719OBLG02024,20240719,LG,OB,16,7
20240719WOSK02024,20240719,SK,WO,9,3
20240720HTHH02024,20240720,HH,HT,4,8
20240720LTSS02024,20240720,SS,LT,21,4
20240721HTHH02024,20240721,HH,HT,7,8
20240721LTSS02024,20240721,SS,LT,6,5
20240721OBLG02024,20240721,LG,OB,6,3
20240721NCKT02024,20240721,KT,NC,2,8
20240723BL1,20240723,,,0,0
20240723LGLT02024,20240723,LT,LG,1,2
20240723NCHT02024,20240723,HT,NC,8,1
20240721WOSK02024,20240721,SK,WO,2,7
20240723SSHH02024,20240723,HH,SS,6,5
20240723WOOB02024,20240723,OB,WO,6,3
20240724BL1,20240724,,,0,0
20240724SKKT02024,20240724,KT,SK,5,3
20240724NCHT02024,20240724,HT,NC,7,0
20240724SSHH02024,20240724,HH,SS,3,2
20240724WOOB02024,20240724,OB,WO,7,4
20240725LGLT02024,20240725,LT,LG,6,9
20240725BL1,20240725,,,0,0
20240725NCHT02024,20240725,HT,NC,4,7
20240725WOOB02024,20240725,OB,WO,1,6
20240725SKKT02024,20240725,KT,SK,4,2
20240726HTWO02024,20240726,WO,HT,5,4
20240726KTSS02024,20240726,SS,KT,1,4
20240726BL1,20240726,,,0,0
20240726LTNC02024,20240726,NC,LT,9,2
20240726OBSK02024,20240726,SK,OB,6,1
20240727HTWO02024,20240727,WO,HT,6,5
20240727OBSK02024,20240727,SK,OB,4,3
20240727LTNC02024,20240727,NC,LT,2,9
20240727KTSS02024,20240727,SS,KT,3,2
20240728HTWO02024,20240728,WO,HT,3,4
20240728HHLG02024,20240728,LG,HH,6,9
20240728KTSS02024,20240728,SS,KT,3,4
20240728LTNC02024,20240728,NC,LT,6,10
20240730BL1,20240730,,,0,0
20240728OBSK02024,20240728,SK,OB,3,0
20240730HHKT02024,20240730,KT,HH,4,6
20240730NCWO02024,20240730,WO,NC,6,2
20240730LTSK02024,20240730,SK,LT,11,5
20240730OBHT02024,20240730,HT,OB,7,12
20240730SSLG02024,20240730,LG,SS,1,7
20240731BL1,20240731,,,0,0
20240731HHKT02024,20240731,KT,HH,7,18
20240731LTSK02024,20240731,SK,LT,12,11
20240731NCWO02024,20240731,WO,NC,0,9
20240731OBHT02024,20240731,HT,OB,6,30
20240801BL1,20240801,,,0,0
20240731SSLG02024,20240731,LG,SS,11,5
20240801HHKT02024,20240801,KT,HH,8,14
20240801NCWO02024,20240801,WO,NC,14,9
20240801LTSK02024,20240801,SK,LT,2,4
20240801OBHT02024,20240801,HT,OB,0,1
20240801SSLG02024,20240801,LG,SS,0,7
20240802BL1,20240802,,,0,0
20240802HTHH02024,20240802,HH,HT,10,3
20240802KTNC02024,20240802,NC,KT,7,9
20240802SKSS02024,20240802,SS,SK,4,3
20240802WOOB02024,20240802,OB,WO,4,6
20240803HTHH02024,20240803,HH,HT,3,7
20240803LGLT02024,20240803,LT,LG,8,3
20240803SKSS02024,20240803,SS,SK,12,4
20240803WOOB02024,20240803,OB,WO,5,15
20240804KTNC02024,20240804,NC,KT,15,5
20240804SKSS02024,20240804,SS,SK,8,3
20240806BL1,20240806,,,0,0
20240806HHSS02024,20240806,SS,HH,5,8
20240806KTHT02024,20240806,HT,KT,2,0
20240806LGOB02024,20240806,OB,LG,7,6
20240806NCLT02024,20240806,LT,NC,6,5
20240807BL1,20240807,,,0,0
20240806SKWO02024,20240806,WO,SK,2,6
20240807HHSS02024,20240807,SS,HH,10,6
20240807KTHT02024,20240807,HT,KT,2,13
20240807LGOB02024,20240807,OB,LG,8,4
20240807NCLT02024,20240807,LT,NC,14,7
20240807SKWO02024,20240807,WO,SK,2,6
20240808BL1,20240808,,,0,0
20240808HHSS02024,20240808,SS,HH,4,6
20240808KTHT02024,20240808,HT,KT,0,1
20240808LGOB02024,20240808,OB,LG,3,10
20240809BL1,20240809,,,0,0
20240808SKWO02024,20240808,WO,SK,3,0
20240809LTKT02024,20240809,KT,LT,10,6
20240809NCLG02024,20240809,LG,NC,10,9
20240809OBSK02024,20240809,SK,OB,11,13
20240809SSHT02024,20240809,HT,SS,9,8
20240809WOHH02024,20240809,HH,WO,7,5
20240810LTKT02024,20240810,KT,LT,0,2
20240810NCLG02024,20240810,LG,NC,9,3
20240810OBSK02024,20240810,SK,OB,6,10
20240810WOHH02024,20240810,HH,WO,1,3
20240811LTKT02024,20240811,KT,LT,7,9
20240811NCLG02024,20240811,LG,NC,4,3
20240811OBSK02024,20240811,SK,OB,11,9
20240811SSHT02024,20240811,HT,SS,4,5
20240811WOHH02024,20240811,HH,WO,3,7
20240813BL1,20240813,,,0,0
20240813HTWO02024,20240813,WO,HT,0,2
20240813KTSS02024,20240813,SS,KT,7,2
20240813LGHH02024,20240813,HH,LG,2,3
20240813SKNC02024,20240813,NC,SK,0,2
20240814BL1,20240814,,,0,0
20240814HTWO02024,20240814,WO,HT,2,1
20240814KTSS02024,20240814,SS,KT,3,1
20240814LGHH02024,20240814,HH,LG,9,5
20240814LTOB02024,20240814,OB,LT,2,12
20240815HTWO02024,20240815,WO,HT,1,12
20240815KTSS02024,20240815,SS,KT,3,5
20240815LGHH02024,20240815,HH,LG,3,17
20240815LTOB02024,20240815,OB,LT,4,3
20240815SKNC02024,20240815,NC,SK,5,10
20240816BL1,20240816,,,0,0
20240816HHSK02024,20240816,SK,HH,1,2
20240816HTLG02024,20240816,LG,HT,2,3
20240816OBKT02024,20240816,KT,OB,0,5
20240816SSNC02024,20240816,NC,SS,3,7
20240817HHSK02024,20240817,SK,HH,5,8
20240816WOLT02024,20240816,LT,WO,4,0
20240817HTLG02024,20240817,LG,HT,4,14
20240817OBKT02024,20240817,KT,OB,2,3
20240817SSNC02024,20240817,NC,SS,4,5
20240817WOLT02024,20240817,LT,WO,7,8
20240818HHSK02024,20240818,SK,HH,1,7
20240818HTLG02024,20240818,LG,HT,0,4
20240818SSNC02024,20240818,NC,SS,3,5
20240818OBKT02024,20240818,KT,OB,5,4
20240818WOLT02024,20240818,LT,WO,5,4
20240820BL01,20240820,,,0,0
20240820NCHH02024,20240820,HH,NC,3,2
20240820OBSS02024,20240820,SS,OB,3,0
20240820SKLG02024,20240820,LG,SK,4,3
20240820WOKT02024,20240820,KT,WO,2,3
20240821BL01,20240821,,,0,0
20240821LTHT02024,20240821,HT,LT,6,5
20240821NCHH02024,20240821,HH,NC,2,8
20240821OBSS02024,20240821,SS,OB,2,5
20240821SKLG02024,20240821,LG,SK,1,5
20240821WOKT02024,20240821,KT,WO,5,0
20240822BL01,20240822,,,0,0
20240822LTHT02024,20240822,HT,LT,6,4
20240822SKLG02024,20240822,LG,SK,13,3
20240822WOKT02024,20240822,KT,WO,3,2
20240823BL01,20240823,,,0,0
20240823HHOB02024,20240823,OB,HH,4,7
20240823HTNC02024,20240823,NC,HT,17,4
20240823KTSK02024,20240823,SK,KT,6,11
20240823LGWO02024,20240823,WO,LG,9,3
20240823LTSS02024,20240823,SS,LT,5,3
20240824HHOB02024,20240824,OB,HH,6,7
20240824HTNC02024,20240824,NC,HT,0,2
20240824KTSK02024,20240824,SK,KT,3,9
20240824LGWO02024,20240824,WO,LG,0,7
20240824LTSS02024,20240824,SS,LT,3,11
20240825LGWO02024,20240825,WO,LG,6,4
20240825HTNC02024,20240825,NC,HT,8,2
20240825KTSK02024,20240825,SK,KT,4,3
20240827HHLT02024,20240827,LT,HH,3,1
20240827BL1,20240827,,,0,0
20240827KTLG02024,20240827,LG,KT,6,1
20240827SSWO02024,20240827,WO,SS,0,1
20240827OBNC02024,20240827,NC,OB,7,13
20240827SKHT02024,20240827,HT,SK,10,4
20240825LTSS02024,20240825,SS,LT,10,5
20240828BL1,20240828,,,0,0
20240828HHLT02024,20240828,LT,HH,0,7
20240828KTLG02024,20240828,LG,KT,4,8
20240828SKHT02024,20240828,HT,SK,7,6
20240828OBNC02024,20240828,NC,OB,1,8
20240828SSWO02024,20240828,WO,SS,5,9
20240829BL1,20240829,,,0,0
20240829HHLT02024,20240829,LT,HH,14,11
20240829OBNC02024,20240829,NC,OB,10,2
20240829SKHT02024,20240829,HT,SK,4,10
20240830BL1,20240830,,,0,0
20240829SSWO02024,20240829,WO,SS,0,1
20240829KTLG02024,20240829,LG,KT,7,8
20240830LGKT02024,20240830,KT,LG,7,11
20240831HTSS02024,20240831,SS,HT,13,15
20240830LTWO02024,20240830,WO,LT,2,8
20240831KTHH02024,20240831,HH,KT,2,6
20240831NCSK02024,20240831,SK,NC,2,7
20240831LTOB02024,20240831,OB,LT,4,7
20240901LTOB02024,20240901,OB,LT,3,4
20240901NCSK02024,20240901,SK,NC,2,8
20240903BL1,20240903,,,0,0
20240903LGHT02024,20240903,HT,LG,7,5
20240903LTSS02024,20240903,SS,LT,5,1
20240903OBHH02024,20240903,HH,OB,7,1
20240901HTSS02024,20240901,SS,HT,5,6
20240903WONC02024,20240903,NC,WO,11,5
20240825HHOB02024,20240825,OB,HH,1,3
20240904KTLT02024,20240904,LT,KT,7,5
20240904HHHT02024,20240904,HT,HH,4,5
20240904BL1,20240904,,,0,0
20240904OBSS02024,20240904,SS,OB,7,3
20240904WONC02024,20240904,NC,WO,13,6
20240904SKLG02024,20240904,LG,SK,5,0
20240905BL01,20240905,,,0,0
20240905HHHT02024,20240905,HT,HH,4,3
20240905WONC02024,20240905,NC,WO,7,12
20240906HHLG02024,20240906,LG,HH,1,3
20240905SKLG02024,20240905,LG,SK,2,4
20240905KTLT02024,20240905,LT,KT,2,12
20240906BL1,20240906,,,0,0
20240906KTNC02024,20240906,NC,KT,3,9
20240906SSLT02024,20240906,LT,SS,2,7
20240907NCSS02024,20240907,SS,NC,1,9
20240906WOHT02024,20240906,HT,WO,14,0
20240907HHLG02024,20240907,LG,HH,9,3
20240907OBKT02024,20240907,KT,OB,2,12
20240907SKLT02024,20240907,LT,SK,1,1
20240907WOHT02024,20240907,HT,WO,6,2
20240908HHLG02024,20240908,LG,HH,14,3
20240908NCSS02024,20240908,SS,NC,10,2
20240908WOHT02024,20240908,HT,WO,5,2
20240908SKLT02024,20240908,LT,SK,6,11
20240910LTLG02024,20240910,LG,LT,1,2
20240910HHSK02024,20240910,SK,HH,5,0
20240910BL01,20240910,,,0,0
20240910NCKT02024,20240910,KT,NC,11,8
20240910OBWO02024,20240910,WO,OB,7,1
20240911BL1,20240911,,,0,0
20240911LTSK02024,20240911,SK,LT,2,10
20240911NCKT02024,20240911,KT,NC,2,1
20240911SSHH02024,20240911,HH,SS,1,10
20240911WOLG02024,20240911,LG,WO,5,9
20240912BL1,20240912,,,0,0
20240912LTHT02024,20240912,HT,LT,10,0
20240912NCKT02024,20240912,KT,NC,10,4
20240913BL1,20240913,,,0,0
20240912SSHH02024,20240912,HH,SS,1,7
20240913HHLT02024,20240913,LT,HH,4,8
20240914HHLT02024,20240914,LT,HH,12,9
20240914SSSK02024,20240914,SK,SS,11,9
20240914KTOB02024,20240914,OB,KT,2,1
20240914WOHT02024,20240914,HT,WO,3,2
20240914LGNC02024,20240914,NC,LG,7,10
20240915LGNC02024,20240915,NC,LG,4,1
20240915HHLT02024,20240915,LT,HH,16,9
20240915SSSK02024,20240915,SK,SS,14,9
20240915WOHT02024,20240915,HT,WO,5,10
20240916HTKT02024,20240916,KT,HT,5,11
20240916WOOB02024,20240916,OB,WO,5,4
20240917HHNC02024,20240917,NC,HH,1,4
20240917HTSK02024,20240917,SK,HT,2,0
20240917SSOB02024,20240917,OB,SS,8,4
20240917LGLT02024,20240917,LT,LG,7,3
20240917KTWO02024,20240917,WO,KT,2,4
20240918HHNC02024,20240918,NC,HH,5,2
20240918SSKT02024,20240918,KT,SS,6,8
20240919HHNC02024,20240919,NC,HH,6,7
20240918LGLT02024,20240918,LT,LG,3,5
20240919BL1,20240919,,,0,0
20240919HTOB02024,20240919,OB,HT,9,4
20240919LGLT02024,20240919,LT,LG,4,7
20240919SSKT02024,20240919,KT,SS,12,5
20240919WOSK02024,20240919,SK,WO,8,6
20240920BL1,20240920,,,0,0
20240921OBLG12024,20240921,LG,OB,7,14
20240921SKKT02024,20240921,KT,SK,1,4
20240921OBLG22024,20240921,LG,OB,2,0
20240922OBLG02024,20240922,LG,OB,9,5
20240922LTHH02024,20240922,HH,LT,8,4
20240922SKKT02024,20240922,KT,SK,2,6
20240922WOSS02024,20240922,SS,WO,9,8
20240923SKOB02024,20240923,OB,SK,8,4
20240923LTHH02024,20240923,HH,LT,2,3
20240923SSHT02024,20240923,HT,SS,5,3
20240924BL1,20240924,,,0,0
20240924HHWO02024,20240924,WO,HH,5,4
20240924LGSK02024,20240924,SK,LG,5,14
20240924LTKT02024,20240924,KT,LT,5,1
20240924NCOB02024,20240924,OB,NC,10,5
20240924SSHT02024,20240924,HT,SS,7,1
20240925BL1,20240925,,,0,0
20240925HHLG02024,20240925,LG,HH,2,4
20240925SKNC02024,20240925,NC,SK,2,8
20240925WOSS02024,20240925,SS,WO,6,3
20240925LTHT02024,20240925,HT,LT,2,5
20240926OBLT02024,20240926,LT,OB,3,4
20240926SKNC02024,20240926,NC,SK,1,10
20240926BL1,20240926,,,0,0
20240926WOLG02024,20240926,LG,WO,6,3
20240927BL1,20240927,,,0,0
20240927YK1,20240927,,,0,0
20240927HTHH02024,20240927,HH,HT,8,0
20240927NCLT02024,20240927,LT,NC,13,6
20240928HTLT02024,20240928,LT,HT,8,12
20240927WOKT02024,20240927,KT,WO,8,7
20240928LGSS02024,20240928,SS,LG,4,11
20240928OBNC02024,20240928,NC,OB,3,4
20240928WOKT02024,20240928,KT,WO,10,7
20240928SKHH02024,20240928,HH,SK,2,6
20240929NCHH02024,20240929,HH,NC,2,7
20241001LTNC02024,20241001,NC,LT,1,5
20240930NCHT02024,20240930,HT,NC,10,5
20240930WOSK02024,20240930,SK,WO,7,2
66661001SKKT02024,20241001,KT,SK,4,3
20241002BL1,20241002,,,0,0
44441002KTOB02024,20241002,OB,KT,0,4
44441003KTOB02024,20241003,OB,KT,0,1
20241004BL1,20241004,,,0,0
33331005KTLG02024,20241005,LG,KT,2,3
33331006KTLG02024,20241006,LG,KT,7,2
33331009LGKT02024,20241009,KT,LG,6,5
20241008BL1,20241008,,,0,0
33331008LGKT02024,20241008,KT,LG,5,6
20241011BL1,20241011,,,0,0
20241010BL1,20241010,,,0,0
20241015BL1,20241015,,,0,0
55551013LGSS02024,20241013,SS,LG,10,4
33331011KTLG02024,20241011,LG,KT,4,1
20241016BL1,20241016,,,0,0
20241017BL1,20241017,,,0,0
55551015LGSS02024,20241015,SS,LG,10,5
55551017SSLG02024,20241017,LG,SS,1,0
20241018BL1,20241018,,,0,0
55551019SSLG02024,20241019,LG,SS,0,1
20241022BL1,20241022,,,0,0
20241023BL1,20241023,,,0,0
20241024BL1,20241024,,,0,0
77771021SSHT02024,20241023,HT,SS,5,1
77771023SSHT02024,20241023,HT,SS,8,3
20241025BL1,20241025,,,0,0
77771025HTSS02024,20241025,SS,HT,4,2
77771026HTSS02024,20241026,SS,HT,2,9
77771028SSHT02024,20241028,HT,SS,7,5
20241030BL1,20241030,,,0,0
20241029BL1,20241029,,,0,0
20241031BL1,20241031,,,0,0
20241101BL1,20241101,,,0,0
20241107BL1,20241107,,,0,0
88881110PNNL02024,20241110,NL,PN,9,8
88881110PRUS02024,20241110,US,PR,0,1
88881110VEMX02024,20241110,MX,VE,4,8
88881111VEPN02024,20241111,PN,VE,4,2
88881111MXPR02024,20241111,PR,MX,5,7
88881111NLUS02024,20241111,US,NL,12,2
20241111KBO1,20241111,,,0,0
88881112PNMX02024,20241112,MX,PN,2,3
88881113NLPR02024,20241113,PR,NL,8,20
88881112USVE02024,20241112,VE,US,5,3
20241113SPOTIME1,20241113,,,0,0
88881113PNUS02024,20241113,US,PN,9,3
88881113AUJP02024,20241113,JP,AU,9,3
88881113DOCU02024,20241113,CU,DO,1,6
88881113KRTW02024,20241113,TW,KR,6,3
20241114BL1,20241114,,,0,0
88881114PRVE02024,20241114,VE,PR,5,2
88881114MXNL02024,20241114,NL,MX,6,8
20241114SPOTIME1,20241114,,,0,0
88881114TWDO02024,20241114,DO,TW,1,2
88881114CUKR02024,20241114,KR,CU,8,4
88881115NLVE02024,20241115,VE,NL,11,0
88881115PRPN02024,20241115,PN,PR,4,3
88881115USMX02024,20241115,MX,US,2,12
20241115SPOTIME1,20241115,,,0,0
88881115DOAU02024,20241115,AU,DO,5,0
88881116AUCU02024,20241116,CU,AU,4,3
88881115KRJP02024,20241115,JP,KR,6,3
20241116SPOTIME1,20241116,,,0,0
88881116JPTW02024,20241116,TW,JP,1,3
88881116DOKR02024,20241116,KR,DO,9,6
20241117SPOTIME1,20241117,,,0,0
88881117CUJP02024,20241117,JP,CU,7,6
88881117TWAU02024,20241117,AU,TW,3,11
88881118AUKR02024,20241118,KR,AU,5,2
88881118JPDO02024,20241118,DO,JP,3,11
20241118SPOTIME1,20241118,,,0,0
20241118SPOTIME2,20241118,,,0,0
88881118CUTW02024,20241118,TW,CU,2,0
88881121S1S302024,20241121,VE,TW,2,0
20241121BL1,20241121,,,0,0
88881121S2S402024,20241121,JP,US,9,1
20241121SPOTIME1,20241121,,,0,0
88881122TWUS02024,20241122,US,TW,2,8
20241122SPOTIME1,20241122,,,0,0
88881123USVE02024,20241123,VE,US,5,6
88881122VEJP02024,20241122,JP,VE,9,6
20241123SPOTIME1,20241123,,,0,0
88881123TWJP02024,20241123,JP,TW,9,6
88881124USVE02024,20241124,VE,US,1,6
20241124SPOTIME1,20241124,,,0,0
88881124F1F202024,20241124,JP,TW,0,4
20241128BL1,20241128,,,0,0
20250301SC1,20250301,,,0,0
20250302SC1,20250302,,,0,0
20250303SCBASEBALL,20250303,,,0,0
20250308HTLT02025,20250308,LT,HT,4,3
20250306BL1,20250306,,,0,0
20250308LGKT02025,20250308,KT,LG,5,1
20250308OBHH02025,20250308,HH,OB,4,6
20250308SKSS02025,20250308,SS,SK,3,9
20250308WONC02025,20250308,NC,WO,1,3
20250309HTLT02025,20250309,LT,HT,0,0
20250309OBHH02025,20250309,HH,OB,2,4
20250309SKSS02025,20250309,SS,SK,7,0
20250309WONC02025,20250309,NC,WO,7,2
20250310HHSK02025,20250310,SK,HH,1,3
20250310OBSS02025,20250310,SS,OB,5,8
20250310LGLT02025,20250310,LT,LG,2,8
20250310HTNC02025,20250310,NC,HT,6,3
20250309LGKT02025,20250309,KT,LG,9,4
20250310WOKT02025,20250310,KT,WO,7,4
20250310SCBASEBALL1,20250310,,,0,0
20250311HHSK02025,20250311,SK,HH,0,8
20250311HTNC02025,20250311,NC,HT,10,17
20250311LGLT02025,20250311,LT,LG,3,2
20250311OBSS02025,20250311,SS,OB,11,8
20250311WOKT02025,20250311,KT,WO,5,9
20250313BL1,20250313,,,0,0
20250313HHLT02025,20250313,LT,HH,3,3
20250313LGSS02025,20250313,SS,LG,5,10
20250313HTOB02025,20250313,OB,HT,1,4
20250313WOSK02025,20250313,SK,WO,6,7
20250313KTNC02025,20250313,NC,KT,5,10
20250314HTOB02025,20250314,OB,HT,3,3
20250314KTNC02025,20250314,NC,KT,0,1
20250314HHLT02025,20250314,LT,HH,0,2
20250314WOSK02025,20250314,SK,WO,5,3
20250314LGSS02025,20250314,SS,LG,5,3
20250315LGSK02025,20250315,SK,LG,4,9
20250315OBWO02025,20250315,WO,OB,3,2
20250315SSHT02025,20250315,HT,SS,5,1
20250316LGSK02025,20250316,SK,LG,8,1
20250316HHNC02025,20250316,NC,HH,3,5
20250316OBWO02025,20250316,WO,OB,2,2
20250316SSHT02025,20250316,HT,SS,11,5
20250317LTWO02025,20250317,WO,LT,4,3
20250317OBKT02025,20250317,KT,OB,9,6
20250317NCLG02025,20250317,LG,NC,3,0
20250317SSHH02025,20250317,HH,SS,3,1
20250317SCBASEBALL1,20250317,,,0,0
20250318LTWO02025,20250318,WO,LT,3,2
20250322HHKT02025,20250322,KT,HH,3,4
20250320BL1,20250320,,,0,0
20250322LTLG02025,20250322,LG,LT,12,2
20250322NCHT02025,20250322,HT,NC,9,2
20250322OBSK02025,20250322,SK,OB,6,5
20250322WOSS02025,20250322,SS,WO,13,5
20250323NCHT02025,20250323,HT,NC,4,5
20250323HHKT02025,20250323,KT,HH,5,4
20250323LTLG02025,20250323,LG,LT,10,2
20250324SCBASEBALL1,20250324,,,0,0
20250323OBSK02025,20250323,SK,OB,5,2
20250323WOSS02025,20250323,SS,WO,11,7
20250324SPORTSN1,20250324,,,0,0
20250325BL1,20250325,,,0,0
20250325BMBC,20250325,,,0,0
20250325HHLG02025,20250325,LG,HH,5,0
20250325LTSK02025,20250325,SK,LT,2,3
20250325NCSS02025,20250325,SS,NC,14,5
20250325OBKT02025,20250325,KT,OB,8,3
20250325WOHT02025,20250325,HT,WO,11,6
20250326BL1,20250326,,,0,0
20250326HHLG02025,20250326,LG,HH,4,0
20250326LTSK02025,20250326,SK,LT,3,1
20250326BMBC1,20250326,,,0,0
20250326OBKT02025,20250326,KT,OB,2,3
20250326NCSS02025,20250326,SS,NC,6,8
20250326WOHT02025,20250326,HT,WO,10,17
20250326SPORTSN1,20250326,,,0,0
20250327BL1,20250327,,,0,0
20250327HHLG02025,20250327,LG,HH,2,1
20250327BMBC1,20250327,,,0,0
20250327LTSK02025,20250327,SK,LT,5,2
20250327NCSS02025,20250327,SS,NC,5,11
20250327OBKT02025,20250327,KT,OB,4,3
20250327WOHT02025,20250327,HT,WO,3,5
20250328UBASEBALL1,20250328,,,0,0
20250328BL1,20250328,,,0,0
20250328BMBC1,20250328,,,0,0
20250328UBASEBALL2,20250328,,,0,0
20250328HTHH02025,20250328,HH,HT,7,2
20250328SKWO02025,20250328,WO,SK,9,3
20250328SSOB02025,20250328,OB,SS,2,0
20250328LGNC02025,20250328,NC,LG,4,8
20250329SKWO02025,20250329,WO,SK,3,1
20250329HTHH02025,20250329,HH,HT,5,4
20250328KTLT02025,20250328,LT,KT,0,2
20250329BMBC1,20250329,,,0,0
20250329KTLT02025,20250329,LT,KT,3,1
20250329SSOB02025,20250329,OB,SS,2,13
20250329LGNC02025,20250329,NC,LG,4,14
20250330HTHH02025,20250330,HH,HT,3,5
20250330BMBC1,20250330,,,0,0
20250330KTLT02025,20250330,LT,KT,4,4
20250330SKWO02025,20250330,WO,SK,2,8
20250330SSOB02025,20250330,OB,SS,2,3
20250331SPORTSN1,20250331,,,0,0
20250402BMBC1,20250402,,,0,0
20250402BL1,20250402,,,0,0
20250402LGKT02025,20250402,KT,LG,9,5
20250402LTHH02025,20250402,HH,LT,2,6
20250402SSHT02025,20250402,HT,SS,2,4
20250402WOOB02025,20250402,OB,WO,5,3
20250402SPORTSN1,20250402,,,0,0
202500403MBC1,20250403,,,0,0
20250403BL1,20250403,,,0,0
20250403LGKT02025,20250403,KT,LG,1,5
20250403WOOB02025,20250403,OB,WO,6,1
20250403LTHH02025,20250403,HH,LT,2,4
20250404BL1,20250404,,,0,0
20250403SSHT02025,20250403,HT,SS,3,1
20250404HTLG02025,20250404,LG,HT,8,2
20250404KTSK02025,20250404,SK,KT,3,2
20250404HHSS02025,20250404,SS,HH,5,0
20250404NCWO02025,20250404,WO,NC,5,1
20250404BMBC1,20250404,,,0,0
20250404OBLT02025,20250404,LT,OB,3,15
20250405HHSS02025,20250405,SS,HH,6,7
20250405NCWO02025,20250405,WO,NC,5,7
20250405OBLT02025,20250405,LT,OB,6,1
20250405BMBC1,20250405,,,0,0
20250406HHSS02025,20250406,SS,HH,10,0
20250406KTSK02025,20250406,SK,KT,1,0
20250406HTLG02025,20250406,LG,HT,5,1
20250406NCWO02025,20250406,WO,NC,2,8
20250406OBLT02025,20250406,LT,OB,12,15
20250407SPORTSN1,20250407,,,0,0
20250406BMBC1,20250406,,,0,0
20250407SCBASEBALL1,20250407,,,0,0
20250408BL1,20250408,,,0,0
20250408HHOB02025,20250408,OB,HH,6,5
20250408BMBC1,20250408,,,0,0
20250408HTLT02025,20250408,LT,HT,4,5
20250408LGWO02025,20250408,WO,LG,1,13
20250408SKSS02025,20250408,SS,SK,7,3
20250408NCKT02025,20250408,KT,NC,3,2
20250409BL1,20250409,,,0,0
20250409BMBC1,20250409,,,0,0
20250409HHOB02025,20250409,OB,HH,4,5
20250409LGWO02025,20250409,WO,LG,4,0
20250409HTLT02025,20250409,LT,HT,1,3
20250409NCKT02025,20250409,KT,NC,4,1
20250409SPORTSN1,20250409,,,0,0
20250410BL1,20250410,,,0,0
20250410UBASEBALL2,20250410,,,0,0
20250410UBASEBALL1,20250410,,,0,0
20250409SKSS02025,20250409,SS,SK,1,3
20250410BMBC1,20250410,,,0,0
20250410HHOB02025,20250410,OB,HH,2,7
20250410LGWO02025,20250410,WO,LG,3,7
20250410HTLT02025,20250410,LT,HT,8,3
20250410SKSS02025,20250410,SS,SK,3,2
20250410NCKT02025,20250410,KT,NC,0,7
20250411BMBC1,20250411,,,0,0
20250411LTNC02025,20250411,NC,LT,5,7
20250411BL1,20250411,,,0,0
20250411OBLG02025,20250411,LG,OB,5,2
20250411SKHT02025,20250411,HT,SK,3,9
20250411SSKT02025,20250411,KT,SS,5,3
20250411WOHH02025,20250411,HH,WO,12,2
20250412OBLG02025,20250412,LG,OB,4,0
20250412BMBC1,20250412,,,0,0
20250412LTNC02025,20250412,NC,LT,0,2
20250412WOHH02025,20250412,HH,WO,2,6
20250413BMBC1,20250413,,,0,0
20250413LTNC02025,20250413,NC,LT,9,6
20250413OBLG02025,20250413,LG,OB,2,9
20250413SSKT02025,20250413,KT,SS,6,5
20250413WOHH02025,20250413,HH,WO,7,1
20250413SKHT02025,20250413,HT,SK,11,5
20250414SCBASEBALL1,20250414,,,0,0
20250414SPORTSN1,20250414,,,0,0
20250415BL1,20250415,,,0,0
20250415BMBC1,20250415,,,0,0
20250415HHSK02025,20250415,SK,HH,0,2
20250415KTHT02025,20250415,HT,KT,1,0
20250415SSLG02025,20250415,LG,SS,3,0
20250415WOLT02025,20250415,LT,WO,8,6
20250416BL1,20250416,,,0,0
20250416BMBC1,20250416,,,0,0
20250416HHSK02025,20250416,SK,HH,4,10
20250416KTHT02025,20250416,HT,KT,0,3
20250416WOLT02025,20250416,LT,WO,6,4
20250416SSLG02025,20250416,LG,SS,12,2
20250416SPORTSN1,20250416,,,0,0
20250417BL1,20250417,,,0,0
20250417BMBC1,20250417,,,0,0
20250417HHSK02025,20250417,SK,HH,2,4
20250417SSLG02025,20250417,LG,SS,3,6
20250417KTHT02025,20250417,HT,KT,5,4
20250417WOLT02025,20250417,LT,WO,7,1
20250417SPORTSN,20250417,,,0,0
20250418UBASEBALL1,20250418,,,0,0
20250418BL1,20250418,,,0,0
20250418UBASEBALL2,20250418,,,0,0
20250418BMBC1,20250418,,,0,0
20250418KTWO02025,20250418,WO,KT,4,3
20250418HTOB02025,20250418,OB,HT,7,1
20250418LTSS02025,20250418,SS,LT,1,8
20250418LGSK02025,20250418,SK,LG,1,5
20250418NCHH02025,20250418,HH,NC,12,4
20250419HTOB02025,20250419,OB,HT,4,8
20250419KTWO02025,20250419,WO,KT,1,11
20250419LGSK02025,20250419,SK,LG,4,11
20250419LTSS02025,20250419,SS,LT,10,3
20250419NCHH02025,20250419,HH,NC,7,2
20250419BMBC1,20250419,,,0,0
20250420BMBC1,20250420,,,0,0
20250420HTOB02025,20250420,OB,HT,2,6
20250420KTWO02025,20250420,WO,KT,0,5
20250420LGSK02025,20250420,SK,LG,9,3
20250420LTSS02025,20250420,SS,LT,3,4
20250421KBO1,20250421,,,0,0
20250420NCHH02025,20250420,HH,NC,7,1
20250421SCBASEBALL1,20250421,,,0,0
20250421SPORTSN1,20250421,,,0,0
20250422BL1,20250422,,,0,0
20250422KBO1,20250422,,,0,0
20250422OBWO02025,20250422,WO,OB,5,4
20250422NCLG02025,20250422,LG,NC,5,6
20250423BL1,20250423,,,0,0
20250422SKKT02025,20250422,KT,SK,9,3
20250423KBO1,20250423,,,0,0
20250423BMBC1,20250423,,,0,0
20250423HHLT02025,20250423,LT,HH,4,6
20250423NCLG02025,20250423,LG,NC,3,0
20250423HTSS02025,20250423,SS,HT,7,2
20250423OBWO02025,20250423,WO,OB,2,8
20250423SPORTSN1,20250423,,,0,0
20250423SKKT02025,20250423,KT,SK,5,11
20250424BL1,20250424,,,0,0
20250424KBO1,20250424,,,0,0
20250424BMBC1,20250424,,,0,0
20250424HHLT02025,20250424,LT,HH,5,3
20250424HTSS02025,20250424,SS,HT,17,5
20250424OBWO02025,20250424,WO,OB,3,9
20250424NCLG02025,20250424,LG,NC,1,3
20250424SKKT02025,20250424,KT,SK,5,6
20250424SPORTSN1,20250424,,,0,0
20250425BL1,20250425,,,0,0
20250425KBO1,20250425,,,0,0
20250425BMBC1,20250425,,,0,0
20250425KTHH02025,20250425,HH,KT,1,2
20250425LGHT02025,20250425,HT,LG,5,6
20250425LTOB02025,20250425,OB,LT,2,8
20250425WOSK02025,20250425,SK,WO,4,3
20250425NCSS02025,20250425,SS,NC,10,6
20250426BMBC1,20250426,,,0,0
20250426KTHH02025,20250426,HH,KT,2,1
20250426LGHT02025,20250426,HT,LG,8,4
20250426NCSS02025,20250426,SS,NC,9,1
20250426LTOB02025,20250426,OB,LT,4,7
20250426WOSK02025,20250426,SK,WO,1,2
20250427BMBC1,20250427,,,0,0
20250427KTHH02025,20250427,HH,KT,4,3
20250427LGHT02025,20250427,HT,LG,3,2
20250427LTOB02025,20250427,OB,LT,13,4
20250427NCSS02025,20250427,SS,NC,8,4
20250428KBO1,20250428,,,0,0
20250427WOSK02025,20250427,SK,WO,3,7
20250428SCBASEBALL1,20250428,,,0,0
20250428SPORTSN1,20250428,,,0,0
20250429BL1,20250429,,,0,0
20250429KBO1,20250429,,,0,0
20250429BMBC1,20250429,,,0,0
20250429LGHH02025,20250429,HH,LG,3,2
20250429KTOB02025,20250429,OB,KT,2,3
20250429LTWO02025,20250429,WO,LT,3,9
20250429NCHT02025,20250429,HT,NC,13,3
20250429SSSK02025,20250429,SK,SS,1,3
20250430BMBC1,20250430,,,0,0
20250430KBO1,20250430,,,0,0
20250430BL1,20250430,,,0,0
20250430KTOB02025,20250430,OB,KT,3,8
20250430LGHH02025,20250430,HH,LG,5,2
20250430LTWO02025,20250430,WO,LT,9,10
20250430NCHT02025,20250430,HT,NC,0,7
20250430SSSK02025,20250430,SK,SS,6,6
20250501KBO1,20250501,,,0,0
20250430SPORTSN1,20250430,,,0,0
20250501BMBC1,20250501,,,0,0
20250501KTOB02025,20250501,OB,KT,3,3
20250501LTWO02025,20250501,WO,LT,0,5
20250501SSSK02025,20250501,SK,SS,4,1
20250501SPORTSN1,20250501,,,0,0
20250502BL1,20250502,,,0,0
20250502BMBC1,20250502,,,0,0
20250502HHHT02025,20250502,HT,HH,2,3
2050502KBO1,20250502,,,0,0
20250502NCLT02025,20250502,LT,NC,4,3
20250502OBSS02025,20250502,SS,OB,6,2
20250502SKLG02025,20250502,LG,SK,1,2
20250502WOKT02025,20250502,KT,WO,3,5
20250503BMBC1,20250503,,,0,0
20250503NCLT02025,20250503,LT,NC,4,13
20250503OBSS02025,20250503,SS,OB,1,6
20250503SKLG02025,20250503,LG,SK,4,1
20250503WOKT02025,20250503,KT,WO,9,0
20250504BMBC1,20250504,,,0,0
20250504HHHT02025,20250504,HT,HH,1,3
20250504NCLT02025,20250504,LT,NC,6,9
20250504OBSS02025,20250504,SS,OB,6,11
20250504WOKT02025,20250504,KT,WO,5,4
20250504SKLG02025,20250504,LG,SK,12,4
20250505KBO1,20250505,,,0,0
20250505BMBC1,20250505,,,0,0
20250505HTWO02025,20250505,WO,HT,1,13
20250505LGOB02025,20250505,OB,LG,5,2
20250505NCKT02025,20250505,KT,NC,2,6
20250505SSHH02025,20250505,HH,SS,3,1
20250505SKLT02025,20250505,LT,SK,1,7
20250506KBO1,20250506,,,0,0
20250506BMBC1,20250506,,,0,0
20250506HTWO02025,20250506,WO,HT,3,5
20250506LGOB02025,20250506,OB,LG,1,5
20250507BL1,20250507,,,0,0
20250506NCKT02025,20250506,KT,NC,3,6
20250506SKLT02025,20250506,LT,SK,6,0
20250506SSHH02025,20250506,HH,SS,3,1
20250507KBO1,20250507,,,0,0
20250507BMBC1,20250507,,,0,0
20250507HTWO02025,20250507,WO,HT,11,10
20250507LGOB02025,20250507,OB,LG,5,2
20250507NCKT02025,20250507,KT,NC,2,12
20250507SSHH02025,20250507,HH,SS,10,6
20250507SKLT02025,20250507,LT,SK,6,2
20250507SPORTSN1,20250507,,,0,0
20250508BL1,20250508,,,0,0
20250505SCBASEBALL1,20250508,,,0,0
20250508SPORTSN1,20250508,,,0,0
20250509BL1,20250509,,,0,0
20250509KBO1,20250509,,,0,0
20250510HHWO02025,20250510,WO,HH,1,9
20250509HHWO02025,20250509,WO,HH,5,7
20250510LGSS12025,20250510,SS,LG,4,5
20250510BMBC1,20250510,,,0,0
20250510HTSK02025,20250510,SK,HT,4,5
20250510LTKT02025,20250510,KT,LT,5,8
20250510LGSS22025,20250510,SS,LG,1,4
20250510NCOB02025,20250510,OB,NC,6,6
20250511HHWO02025,20250511,WO,HH,0,8
20250511HTSK12025,20250511,SK,HT,8,4
20250511LGSS02025,20250511,SS,LG,4,7
20250511LTKT12025,20250511,KT,LT,1,6
20250511BMBC1,20250511,,,0,0
20250511NCOB12025,20250511,OB,NC,5,11
20250511HTSK22025,20250511,SK,HT,5,1
20250511LTKT22025,20250511,KT,LT,1,1
20250511NCOB22025,20250511,OB,NC,2,5
20250512KBO1,20250512,,,0,0
20250512SPORTSN1,20250512,,,0,0
20250513BL1,20250513,,,0,0
20250513KBO1,20250513,,,0,0
20250513LTHT02025,20250513,HT,LT,4,1
20250513KTSS02025,20250513,SS,KT,5,3
20250513BMBC1,20250513,,,0,0
20250513NCSK02025,20250513,SK,NC,6,3
20250513WOLG02025,20250513,LG,WO,9,6
20250513OBHH02025,20250513,HH,OB,3,4
20250514KBO1,20250514,,,0,0
20250514BL1,20250514,,,0,0
20250514KTSS02025,20250514,SS,KT,2,3
20250514BMBC1,20250514,,,0,0
20250514NCSK02025,20250514,SK,NC,3,6
20250514LTHT02025,20250514,HT,LT,0,4
20250514WOLG02025,20250514,LG,WO,12,0
20250514OBHH02025,20250514,HH,OB,1,7
20250515BL1,20250515,,,0,0
20250515BMBC1,20250515,,,0,0
20250515KTSS02025,20250515,SS,KT,13,0
20250515KBO1,20250515,,,0,0
20250515LTHT02025,20250515,HT,LT,7,6
20250515NCSK02025,20250515,SK,NC,4,0
20250515OBHH02025,20250515,HH,OB,2,8
20250515WOLG02025,20250515,LG,WO,6,2
20250515SPORTSN1,20250515,,,0,0
20250516BL1,20250516,,,0,0
20250516UBASEBALL1,20250516,,,0,0
20250516KBO1,20250516,,,0,0
20250516UBASEBALL2,20250516,,,0,0
20250517BMBC1,20250517,,,0,0
20250517KTLG12025,20250517,LG,KT,4,12
20250517OBHT12025,20250517,HT,OB,5,2
20250517SKHH12025,20250517,HH,SK,1,0
20250517WONC12025,20250517,NC,WO,3,2
20250517SSLT12025,20250517,LT,SS,7,5
20250517SKHH22025,20250517,HH,SK,2,5
20250517OBHT22025,20250517,HT,OB,4,1
20250517WONC22025,20250517,NC,WO,2,3
20250517KTLG22025,20250517,LG,KT,6,7
20250516BMBC1,20250517,,,0,0
20250517SSLT22025,20250517,LT,SS,8,7
20250518BMBC1,20250518,,,0,0
20250518KTLG02025,20250518,LG,KT,5,1
20250518OBHT02025,20250518,HT,OB,5,4
20250518SSLT02025,20250518,LT,SS,6,3
20250518SKHH02025,20250518,HH,SK,3,7
20250518WONC02025,20250518,NC,WO,5,0
20250520BL1,20250520,,,0,0
20250519SPORTSN1,20250519,,,0,0
20250519KBO1,20250519,,,0,0
20250520KBO1,20250520,,,0,0
20250520BMBC1,20250520,,,0,0
20250520HHNC02025,20250520,NC,HH,1,4
20250520SKOB02025,20250520,OB,SK,3,5
20250520HTKT02025,20250520,KT,HT,5,3
20250520LGLT02025,20250520,LT,LG,9,17
20250520SSWO02025,20250520,WO,SS,3,6
20250521KBO1,20250521,,,0,0
20250521BL1,20250521,,,0,0
20250521HHNC02025,20250521,NC,HH,5,2
20250521BMBC1,20250521,,,0,0
20250521HTKT02025,20250521,KT,HT,3,1
20250521LGLT02025,20250521,LT,LG,7,7
20250521SKOB02025,20250521,OB,SK,1,9
20250521SSWO02025,20250521,WO,SS,1,6
20250522BL1,20250522,,,0,0
20250522KBO1,20250522,,,0,0
20250522BMBC1,20250522,,,0,0
20250522HTKT02025,20250522,KT,HT,3,8
20250522HHNC02025,20250522,NC,HH,4,3
20250522LGLT02025,20250522,LT,LG,11,4
20250522SKOB02025,20250522,OB,SK,6,5
20250522SSWO02025,20250522,WO,SS,0,2
20250522SPORTSN1,20250522,,,0,0
20250523BL1,20250523,,,0,0
20250523KBO1,20250523,,,0,0
20250523BMBC1,20250523,,,0,0
20250523HTSS02025,20250523,SS,HT,6,7
20250523KTWO02025,20250523,WO,KT,5,7
20250523LGSK02025,20250523,SK,LG,2,3
20250523LTHH02025,20250523,HH,LT,4,2
20250524SUN1,20250524,,,0,0
20250523NCOB02025,20250523,OB,NC,1,1
20250524BMBC1,20250524,,,0,0
20250524LTHH02025,20250524,HH,LT,6,8
20250524KTWO02025,20250524,WO,KT,4,10
20250524HTSS02025,20250524,SS,HT,8,4
20250524LGSK02025,20250524,SK,LG,5,4
20250524NCOB02025,20250524,OB,NC,1,5
20250525BMBC1,20250525,,,0,0
20250525HTSS02025,20250525,SS,HT,3,2
20250525KTWO02025,20250525,WO,KT,0,2
20250525LGSK02025,20250525,SK,LG,3,9
20250525NCOB02025,20250525,OB,NC,5,3
20250525LTHH02025,20250525,HH,LT,8,7
20250526KBO1,20250526,,,0,0
20250526SCBASEBALL1,20250526,,,0,0
20250526SPORTSN1,20250526,,,0,0
20250527BMBC1,20250527,,,0,0
20250527BL1,20250527,,,0,0
20250527HHLG02025,20250527,LG,HH,2,1
20250527KBO1,20250527,,,0,0
20250527LTSS02025,20250527,SS,LT,7,3
20250527OBKT02025,20250527,KT,OB,2,1
20250527NCSK02025,20250527,SK,NC,1,1
20250527WOHT02025,20250527,HT,WO,7,5
20250528BL1,20250528,,,0,0
20250528KBO1,20250528,,,0,0
20250528HHLG02025,20250528,LG,HH,5,6
20250528NCSK02025,20250528,SK,NC,13,5
20250528BMBC1,20250528,,,0,0
20250528WOHT02025,20250528,HT,WO,13,7
20250528OBKT02025,20250528,KT,OB,3,12
20250529BL1,20250529,,,0,0
20250529HHLG02025,20250529,LG,HH,3,1
20250529BMBC1,20250529,,,0,0
20250529LTSS02025,20250529,SS,LT,9,3
20250529KBO1,20250529,,,0,0
20250529OBKT02025,20250529,KT,OB,12,2
20250529NCSK02025,20250529,SK,NC,6,5
20250529WOHT02025,20250529,HT,WO,3,3
20250529SPORTSN1,20250529,,,0,0
20250530BL1,20250530,,,0,0
20250530KBO1,20250530,,,0,0
20250530BMBC1,20250530,,,0,0
20250530HHNC02025,20250530,NC,HH,1,7
20250530HTKT02025,20250530,KT,HT,3,1
20250530OBWO02025,20250530,WO,OB,4,9
20250531HHNC02025,20250531,NC,HH,6,9
20250530SSLG02025,20250530,LG,SS,3,4
20250530SKLT02025,20250530,LT,SK,6,5
20250531BMBC1,20250531,,,0,0
20250531HTKT02025,20250531,KT,HT,5,1
20250531SKLT02025,20250531,LT,SK,1,4
20250531OBWO02025,20250531,WO,OB,1,0
20250531SSLG02025,20250531,LG,SS,2,4
20250601OBWO02025,20250601,WO,OB,1,0
20250601HHNC02025,20250601,NC,HH,16,5
20250601BMBC1,20250601,,,0,0
20250601SKLT02025,20250601,LT,SK,3,4
20250601HTKT02025,20250601,KT,HT,3,5
20250601SSLG02025,20250601,LG,SS,4,6
20250602KBO1,20250602,,,0,0
20250602SCBASEBALL1,20250602,,,0,0
20250602SPORTSN1,20250602,,,0,0
20250603LGNC02025,20250603,NC,LG,0,15
20250603BMBC1,20250603,,,0,0
20250603HTOB02025,20250603,OB,HT,3,11
20250603SSSK02025,20250603,SK,SS,6,4
20250603WOLT02025,20250603,LT,WO,8,0
20250604BL1,20250604,,,0,0
20250603KTHH02025,20250603,HH,KT,10,1
20250604KBO1,20250604,,,0,0
20250604BMBC1,20250604,,,0,0
20250604HTOB02025,20250604,OB,HT,3,8
20250604KTHH02025,20250604,HH,KT,4,3
20250604LGNC02025,20250604,NC,LG,6,5
20250604SSSK02025,20250604,SK,SS,4,1
20250605BMBC1,20250605,,,0,0
20250605BL1,20250605,,,0,0
20250605KBO1,20250605,,,0,0
20250605HTOB02025,20250605,OB,HT,2,1
20250605LGNC02025,20250605,NC,LG,1,3
20250605KTHH02025,20250605,HH,KT,0,7
20250605SSSK02025,20250605,SK,SS,1,3
20250606BMBC1,20250606,,,0,0
20250605WOLT02025,20250605,LT,WO,5,10
20250605SPORTSN1,20250605,,,0,0
20250606LGWO02025,20250606,WO,LG,2,1
20250606KBO1,20250606,,,0,0
20250606LTOB02025,20250606,OB,LT,5,2
20250606HHHT02025,20250606,HT,HH,3,2
20250606NCSS02025,20250606,SS,NC,7,3
20250607BMBC1,20250607,,,0,0
20250606SKKT02025,20250606,KT,SK,10,3
20250607HHHT02025,20250607,HT,HH,2,3
20250607LGWO02025,20250607,WO,LG,4,1
20250607LTOB02025,20250607,OB,LT,4,9
20250607NCSS02025,20250607,SS,NC,7,11
20250607SKKT02025,20250607,KT,SK,3,2
20250608BMBC1,20250608,,,0,0
20250608LGWO02025,20250608,WO,LG,2,7
20250608HHHT02025,20250608,HT,HH,7,6
20250608NCSS02025,20250608,SS,NC,1,0
20250608LTOB02025,20250608,OB,LT,2,4
20250608SKKT02025,20250608,KT,SK,2,3
20250609SCBASEBALL1,20250609,,,0,0
20250609KBO1,20250609,,,0,0
20250609SPORTSN1,20250609,,,0,0
20250610BL1,20250610,,,0,0
20250610KBO1,20250610,,,0,0
20250610lCHITCHIT1,20250610,,,0,0
20250610BMBC1,20250610,,,0,0
20250604WOLT02025,20250604,LT,WO,6,9
20250610OBHH02025,20250610,HH,OB,6,2
20250610LTKT02025,20250610,KT,LT,12,3
20250610NCWO02025,20250610,WO,NC,2,2
20250610SSHT02025,20250610,HT,SS,0,8
20250610SKLG02025,20250610,LG,SK,2,6
20250611BL1,20250611,,,0,0
20250611KBO1,20250611,,,0,0
20250611LTKT02025,20250611,KT,LT,3,4
20250611CHITCHIT1,20250611,,,0,0
20250611BMBC1,20250611,,,0,0
20250611NCWO02025,20250611,WO,NC,1,7
20250611OBHH02025,20250611,HH,OB,9,1
20250611SKLG02025,20250611,LG,SK,6,4
20250611SSHT02025,20250611,HT,SS,6,3
20250612BL1,20250612,,,0,0
20250612KBO1,20250612,,,0,0
20250612CHITCHIT1,20250612,,,0,0
20250612BMBC1,20250612,,,0,0
20250612NCWO02025,20250612,WO,NC,6,8
20250612SKLG02025,20250612,LG,SK,8,6
20250612OBHH02025,20250612,HH,OB,3,2
20250612LTKT02025,20250612,KT,LT,7,12
20250612SPORTSN1,20250612,,,0,0
20250612SSHT02025,20250612,HT,SS,1,2
20250613BL1,20250613,,,0,0
20250613HTNC02025,20250613,NC,HT,4,1
20250613KBO1,20250613,,,0,0
20250613BMBC1,20250613,,,0,0
20250614CHITCHIT1,20250614,,,0,0
20250614BMBC1,20250614,,,0,0
20250614HTNC02025,20250614,NC,HT,8,9
20250614KTSS02025,20250614,SS,KT,3,10
20250614WOOB02025,20250614,OB,WO,4,1
20250615BMBC1,20250615,,,0,0
20250614LTSK02025,20250614,SK,LT,2,4
20250615CHITCHIT1,20250615,,,0,0
20250615HTNC02025,20250615,NC,HT,2,4
20250615KTSS02025,20250615,SS,KT,4,16
20250615WOOB02025,20250615,OB,WO,3,2
20250615LTSK02025,20250615,SK,LT,1,0
20250616SPORTSN1,20250616,,,0,0
20250616KBO1,20250616,,,0,0
20250614LGHH02025,20250614,HH,LG,2,2
20250615LGHH02025,20250615,HH,LG,10,5
20250617BL1,20250617,,,0,0
20250617KBO1,20250617,,,0,0
20250617BMBC1,20250617,,,0,0
20250617CHITCHIT1,20250617,,,0,0
20250617HHLT02025,20250617,LT,HH,0,6
20250617NCLG02025,20250617,LG,NC,2,6
20250617KTHT02025,20250617,HT,KT,10,3
20250617OBSS02025,20250617,SS,OB,12,1
20250617SKWO02025,20250617,WO,SK,1,11
20250618KBO1,20250618,,,0,0
20250618BL1,20250618,,,0,0
20250618CHITCHIT1,20250618,,,0,0
20250618HHLT02025,20250618,LT,HH,6,3
20250618BMBC1,20250618,,,0,0
20250618KTHT02025,20250618,HT,KT,5,3
20250618NCLG02025,20250618,LG,NC,9,8
20250618OBSS02025,20250618,SS,OB,6,3
20250619BL1,20250619,,,0,0
20250618SKWO02025,20250618,WO,SK,3,2
20250619KBO1,20250619,,,0,0
20250619CHITCHIT1,20250619,,,0,0
20250619BMBC1,20250619,,,0,0
20250619HHLT02025,20250619,LT,HH,4,3
20250619KTHT02025,20250619,HT,KT,5,0
20250619NCLG02025,20250619,LG,NC,0,3
20250619OBSS02025,20250619,SS,OB,8,9
20250619SKWO02025,20250619,WO,SK,2,4
20250620BL1,20250620,,,0,0
20250619SPORTSN1,20250619,,,0,0
20250620KBO1,20250620,,,0,0
20250620CHITCHIT1,20250620,,,0,0
20250620BMBC1,20250620,,,0,0
20250620SSLT02025,20250620,LT,SS,3,1
20250621OBLG02025,20250621,LG,OB,5,6
20250621HTSK02025,20250621,SK,HT,5,5
20250621BMBC1,20250621,,,0,0
20250621NCKT02025,20250621,KT,NC,7,5
20250622CHITCHIT1,20250622,,,0,0
20250622BMBC1,20250622,,,0,0
20250622NCKT02025,20250622,KT,NC,0,2
20250622HTSK02025,20250622,SK,HT,4,5
20250622OBLG02025,20250622,LG,OB,13,5
20250622WOHH02025,20250622,HH,WO,10,4
20250622SSLT02025,20250622,LT,SS,9,6
20250623KBO1,20250623,,,0,0
20250623SCBASEBALL1,20250623,,,0,0
20250623SPORTSN1,20250623,,,0,0
20250624BL1,20250624,,,0,0
20250624LGKT02025,20250624,KT,LG,5,0
20250624KBO1,20250624,,,0,0
20250624HTWO02025,20250624,WO,HT,9,6
20250624CHITCHIT1,20250624,,,0,0
20250624SKOB02025,20250624,OB,SK,5,0
20250625BMBC1,20250625,,,0,0
20250625BL1,20250625,,,0,0
20250625KBO1,20250625,,,0,0
20250625HHSS02025,20250625,SS,HH,7,2
20250625LTNC02025,20250625,NC,LT,7,2
20250625HTWO02025,20250625,WO,HT,3,6
20250625CHITCHIT1,20250625,,,0,0
20250626BL1,20250626,,,0,0
20250626KBO1,20250626,,,0,0
20250626CHITCHIT1,20250626,,,0,0
20250626BMBC1,20250626,,,0,0
20250626HHSS02025,20250626,SS,HH,1,3
20250626HTWO02025,20250626,WO,HT,5,5
20250626LGKT02025,20250626,KT,LG,3,4
20250626LTNC02025,20250626,NC,LT,6,7
20250626SPORTSN1,20250626,,,0,0
20250626SKOB02025,20250626,OB,SK,1,4
20250627BL1,20250627,,,0,0
20250627BMBC1,20250627,,,0,0
20250627CHITCHIT1,20250627,,,0,0
20250627KBO1,20250627,,,0,0
20250627HHSK02025,20250627,SK,HH,8,6
20250627HTLG02025,20250627,LG,HT,4,3
20250627OBNC02025,20250627,NC,OB,10,9
20250627SSWO02025,20250627,WO,SS,5,4
20250628BMBC1,20250628,,,0,0
20250628HHSK02025,20250628,SK,HH,2,5
20250628CHITCHIT1,20250628,,,0,0
20250628HTLG02025,20250628,LG,HT,8,9
20250628OBNC02025,20250628,NC,OB,3,1
20250628KTLT02025,20250628,LT,KT,0,4
20250628SSWO02025,20250628,WO,SS,9,0
20250629CHITCHIT1,20250629,,,0,0
20250629SSWO02025,20250629,WO,SS,10,7
20250629BMBC1,20250629,,,0,0
20250629HHSK02025,20250629,SK,HH,2,0
20250629HTLG02025,20250629,LG,HT,2,12
20250629KTLT02025,20250629,LT,KT,10,5
20250630KBO1,20250630,,,0,0
20250629OBNC02025,20250629,NC,OB,3,7
20250701KBO1,20250701,,,0,0
20250701BL1,20250701,,,0,0
20250630SPORTSN1,20250630,,,0,0
20250701BMBC1,20250701,,,0,0
20250701CHITCHIT1,20250701,,,0,0
20250701LGLT02025,20250701,LT,LG,2,3
20250701NCHH02025,20250701,HH,NC,8,4
20250701SKHT02025,20250701,HT,SK,3,2
20250701SSOB02025,20250701,OB,SS,1,4
20250701WOKT02025,20250701,KT,WO,3,7
20250702KUSF4,20250702,,,0,0
20250702BL1,20250702,,,0,0
20250702KBO1,20250702,,,0,0
20250702NCHH02025,20250702,HH,NC,0,2
20250702CHITCHIT1,20250702,,,0,0
20250702BMBC1,20250702,,,0,0
20250702LGLT02025,20250702,LT,LG,5,2
20250702SKHT02025,20250702,HT,SK,5,8
20250702SSOB02025,20250702,OB,SS,5,0
20250702WOKT02025,20250702,KT,WO,4,2
20250703KUSF3,20250703,,,0,0
20250627KTLT02025,20250627,LT,KT,8,11
20250703BL1,20250703,,,0,0
20250703KBO1,20250703,,,0,0
20250703CHITCHIT1,20250703,,,0,0
20250703BMBC1,20250703,,,0,0
20250703LGLT02025,20250703,LT,LG,2,0
20250703NCHH02025,20250703,HH,NC,7,7
20250703SKHT02025,20250703,HT,SK,3,2
20250703SSOB02025,20250703,OB,SS,4,6
20250703SPORTSN1,20250703,,,0,0
20250703WOKT02025,20250703,KT,WO,6,2
20250704KUSF1,20250704,,,0,0
20250704BL1,20250704,,,0,0
20250704KBO1,20250704,,,0,0
20250704BMBC1,20250704,,,0,0
20250704KTOB02025,20250704,OB,KT,3,6
20250704CHITCHIT1,20250704,,,0,0
20250704HHWO02025,20250704,WO,HH,1,2
20250704LGSS02025,20250704,SS,LG,4,1
20250704LTHT02025,20250704,HT,LT,7,5
20250704SKNC02025,20250704,NC,SK,0,4
20250705CHITCHIT1,20250705,,,0,0
20250705BMBC1,20250705,,,0,0
20250705HHWO02025,20250705,WO,HH,4,6
20250705LGSS02025,20250705,SS,LG,7,6
20250705KTOB02025,20250705,OB,KT,6,2
20250705LTHT02025,20250705,HT,LT,13,0
20250706HHWO02025,20250706,WO,HH,1,10
20250705SKNC02025,20250705,NC,SK,1,6
20250706CHITCHIT1,20250706,,,0,0
20250706KTOB02025,20250706,OB,KT,8,7
20250706BMBC1,20250706,,,0,0
20250706LGSS02025,20250706,SS,LG,2,4
20250706LTHT02025,20250706,HT,LT,2,5
20250706SKNC02025,20250706,NC,SK,3,2
20250707KUSF1,20250707,,,0,0
20250707SCBASEBALL1,20250707,,,0,0
20250707KBO1,20250707,,,0,0
20250708KUSF3,20250708,,,0,0
20250708BL1,20250708,,,0,0
20250708CHITCHIT1,20250708,,,0,0
20250707SPORTSN3,20250707,,,0,0
20250708KBO1,20250708,,,0,0
20250708BMBC1,20250708,,,0,0
20250708HTHH02025,20250708,HH,HT,14,8
20250708OBLT02025,20250708,LT,OB,5,8
20250708KTSK02025,20250708,SK,KT,7,1
20250708SSNC02025,20250708,NC,SS,10,9
20250708WOLG02025,20250708,LG,WO,4,3
20250709BL1,20250709,,,0,0
20250709KBO1,20250709,,,0,0
20250709KUSF3,20250709,,,0,0
20250709CHITCHIT1,20250709,,,0,0
20250709KTSK02025,20250709,SK,KT,3,10
20250709HTHH02025,20250709,HH,HT,7,4
20250709OBLT02025,20250709,LT,OB,5,4
20250709BMBC1,20250709,,,0,0
20250709SSNC02025,20250709,NC,SS,3,0
20250709WOLG02025,20250709,LG,WO,12,6
20250710KUSF3,20250710,,,0,0
20250710BL1,20250710,,,0,0
20250710KBO2,20250710,,,0,0
20250710CHITCHIT1,20250710,,,0,0
20250710HTHH02025,20250710,HH,HT,3,2
20250710OBLT02025,20250710,LT,OB,0,9
20250710SSNC02025,20250710,NC,SS,7,5
20250710BMBC1,20250710,,,0,0
20250710KTSK02025,20250710,SK,KT,2,4
20250710WOLG02025,20250710,LG,WO,3,4
20250710SPORTSN1,20250710,,,0,0
99990712EAWE02025,20250712,WE,EA,8,6
20250711BL1,20250711,,,0,0
20250711KUSF3,20250711,,,0,0
20250714SCBASEBALL1,20250714,,,0,0
20250714SPORTSN1,20250714,,,0,0
20250717KBO1,20250717,,,0,0
20250715KUSF4,20250715,,,0,0
20250717SPORTSN1,20250717,,,0,0
20250718BL1,20250718,,,0,0
20250718BMBC1,20250718,,,0,0
20250718CHITCHIT1,20250718,,,0,0
20250718KBO2,20250718,,,0,0
20250718HHKT02025,20250718,KT,HH,0,5
20250719BMBC1,20250719,,,0,0
20250719CHITCHIT1,20250719,,,0,0
20250718LTLG02025,20250718,LG,LT,2,1
20250719OBSK02025,20250719,SK,OB,0,5
20250719LTLG02025,20250719,LG,LT,1,6
20250719HHKT02025,20250719,KT,HH,5,6
20250720CHITCHIT1,20250720,,,0,0
20250720BMBC1,20250720,,,0,0
20250720HHKT02025,20250720,KT,HH,0,10
20250720LTLG02025,20250720,LG,LT,3,2
20250720NCHT02025,20250720,HT,NC,3,2
20250720WOSS02025,20250720,SS,WO,15,10
20250720OBSK02025,20250720,SK,OB,1,2
20250721KBO1,20250721,,,0,0
20250721SCBASEBALL1,20250721,,,0,0
20250721SPORTSN1,20250721,,,0,0
20250722KBO1,20250722,,,0,0
20250722BL1,20250722,,,0,0
20250722HHOB02025,20250722,OB,HH,1,2
20250722BMBC1,20250722,,,0,0
20250722CHITCHIT1,20250722,,,0,0
20250722KTNC02025,20250722,NC,KT,0,7
20250722LGHT02025,20250722,HT,LG,7,9
20250722LTWO02025,20250722,WO,LT,6,3
20250722SKSS02025,20250722,SS,SK,7,5
20250723BL1,20250723,,,0,0
20250723KBO1,20250723,,,0,0
20250723BMBC1,20250723,,,0,0
20250723CHITCHIT1,20250723,,,0,0
20250723HHOB02025,20250723,OB,HH,13,2
20250723KTNC02025,20250723,NC,KT,2,9
20250723LGHT02025,20250723,HT,LG,5,6
20250723LTWO02025,20250723,WO,LT,1,4
20250724KUSF1,20250724,,,0,0
20250723SKSS02025,20250723,SS,SK,9,0
20250724BL1,20250724,,,0,0
20250724KBO1,20250724,,,0,0
20250724CHITCHIT1,20250724,,,0,0
20250724BMBC1,20250724,,,0,0
20250724HHOB02025,20250724,OB,HH,4,4
20250724KTNC02025,20250724,NC,KT,4,5
20250724LGHT02025,20250724,HT,LG,0,8
20250724LTWO02025,20250724,WO,LT,0,4
20250724SKSS02025,20250724,SS,SK,1,3
20250724SPORTSN1,20250724,,,0,0
20250725KUSF1,20250725,,,0,0
20250725BL1,20250725,,,0,0
20250725CHITCHIT1,20250725,,,0,0
20250725KBO2,20250725,,,0,0
20250725BMBC1,20250725,,,0,0
20250725HTLT02025,20250725,LT,HT,7,4
20250725LGOB02025,20250725,OB,LG,5,6
20250725SKHH02025,20250725,HH,SK,4,0
20250725SSKT02025,20250725,KT,SS,8,5
20250725WONC02025,20250725,NC,WO,16,7
20250726CHITCHIT1,20250726,,,0,0
20250726BMBC1,20250726,,,0,0
20250726HTLT02025,20250726,LT,HT,9,4
20250726LGOB02025,20250726,OB,LG,3,4
20250726SKHH02025,20250726,HH,SK,3,9
20250726SSKT02025,20250726,KT,SS,0,11
20250726WONC02025,20250726,NC,WO,8,6
20250727BMBC1,20250727,,,0,0
20250727CHITCHIT1,20250727,,,0,0
20250727HTLT02025,20250727,LT,HT,5,3
20250727LGOB02025,20250727,OB,LG,9,6
20250727SKHH02025,20250727,HH,SK,2,3
20250727SSKT02025,20250727,KT,SS,4,3
20250727WONC02025,20250727,NC,WO,12,4
20250728KUSF2,20250728,,,0,0
20250728KBO1,20250728,,,0,0
20250728SCBASEBALL1,20250728,,,0,0
20250729KUSF2,20250729,,,0,0
20250728SPORTSN1,20250728,,,0,0
20250729BL1,20250729,,,0,0
20250729KBO1,20250729,,,0,0
20250729BMBC1,20250729,,,0,0
20250729CHITCHIT1,20250729,,,0,0
20250729KTLG02025,20250729,LG,KT,8,2
20250729NCLT02025,20250729,LT,NC,6,4
20250729SSHH02025,20250729,HH,SS,2,9
20250729OBHT02025,20250729,HT,OB,6,9
20250730BL1,20250730,,,0,0
20250730KUSF2,20250730,,,0,0
20250729WOSK02025,20250729,SK,WO,9,3
20250730KBO1,20250730,,,0,0
20250730CHITCHIT1,20250730,,,0,0
20250730BMBC1,20250730,,,0,0
20250730KTLG02025,20250730,LG,KT,5,0
20250730NCLT02025,20250730,LT,NC,4,9
20250730OBHT02025,20250730,HT,OB,2,2
20250730SSHH02025,20250730,HH,SS,5,0
20250730WOSK02025,20250730,SK,WO,5,5
20250731KUSF2,20250731,,,0,0
20250731BL1,20250731,,,0,0
20250731CHITCHIT1,20250731,,,0,0
20250731NCLT02025,20250731,LT,NC,11,5
20250731KTLG02025,20250731,LG,KT,18,0
20250731BMBC1,20250731,,,0,0
20250731KBO1,20250731,,,0,0
20250731OBHT02025,20250731,HT,OB,3,2
20250731SSHH02025,20250731,HH,SS,7,1
20250731WOSK02025,20250731,SK,WO,4,2
20250801BL1,20250801,,,0,0
20250731SPORTSN1,20250731,,,0,0
20250801KUSF2,20250801,,,0,0
20250801CHITCHIT1,20250801,,,0,0
20250801KBO1,20250801,,,0,0
20250801BMBC1,20250801,,,0,0
20250801HHHT02025,20250801,HT,HH,3,2
20250801KTNC02025,20250801,NC,KT,5,3
20250801LGSS02025,20250801,SS,LG,2,4
20250801LTWO02025,20250801,WO,LT,2,0
20250801SKOB02025,20250801,OB,SK,2,7
20250802CHITCHIT1,20250802,,,0,0
20250802BMBC1,20250802,,,0,0
20250802LGSS02025,20250802,SS,LG,2,3
20250802KTNC02025,20250802,NC,KT,7,6
20250802SKOB02025,20250802,OB,SK,5,4
20250802LTWO02025,20250802,WO,LT,2,3
20250803BMBC1,20250803,,,0,0
20250803KTNC02025,20250803,NC,KT,1,1
20250803CHITCHIT1,20250803,,,0,0
20250803LTWO02025,20250803,WO,LT,3,9
20250803LGSS02025,20250803,SS,LG,3,6
20250804SCBASEBALL1,20250804,,,0,0
20250803SKOB02025,20250803,OB,SK,2,3
20250804KBO1,20250804,,,0,0
20250804SPORTSN1,20250804,,,0,0
20250805BL1,20250805,,,0,0
20250805KUSF2,20250805,,,0,0
20250805CHITCHIT1,20250805,,,0,0
20250805KBO1,20250805,,,0,0
20250805HTLT02025,20250805,LT,HT,0,2
20250805BMBC1,20250805,,,0,0
20250805KTHH02025,20250805,HH,KT,2,5
20250805OBLG02025,20250805,LG,OB,4,2
20250805WONC02025,20250805,NC,WO,5,8
20250805SSSK02025,20250805,SK,SS,2,6
20250806BL1,20250806,,,0,0
20250806CHITCHIT1,20250806,,,0,0
20250806KBO1,20250806,,,0,0
20250804KUSF2,20250806,,,0,0
20250806BMBC1,20250806,,,0,0
20250806HTLT02025,20250806,LT,HT,7,1
20250806KTHH02025,20250806,HH,KT,5,4
20250806OBLG02025,20250806,LG,OB,8,10
20250806SSSK02025,20250806,SK,SS,5,4
20250807BL1,20250807,,,0,0
20250806WONC02025,20250806,NC,WO,5,9
20250806KUSF2,20250807,,,0,0
20250807KBO1,20250807,,,0,0
20250807BMBC1,20250807,,,0,0
20250807CHITCHIT1,20250807,,,0,0
20250807HTLT02025,20250807,LT,HT,5,6
20250807KTHH02025,20250807,HH,KT,4,5
20250807SSSK02025,20250807,SK,SS,1,6
20250807OBLG02025,20250807,LG,OB,4,3
20250807WONC02025,20250807,NC,WO,12,13
20250807SPORTSN1,20250807,,,0,0
20250808BL1,20250808,,,0,0
20250808CHITCHIT1,20250808,,,0,0
20250808KBO1,20250808,,,0,0
20250808BMBC1,20250808,,,0,0
20250808HHLG02025,20250808,LG,HH,2,1
20250808OBWO02025,20250808,WO,OB,2,9
20250808HTNC02025,20250808,NC,HT,5,4
20250808SKLT02025,20250808,LT,SK,0,1
20250808SSKT02025,20250808,KT,SS,4,8
20250809SSKT02025,20250809,KT,SS,3,1
20250810OBWO02025,20250810,WO,OB,4,3
20250809OBWO02025,20250809,WO,OB,4,6
20250810CHITCHIT1,20250810,,,0,0
20250809HHLG02025,20250809,LG,HH,8,1
20250810BMBC1,20250810,,,0,0
20250810HHLG02025,20250810,LG,HH,4,5
20250810HTNC02025,20250810,NC,HT,16,12
20250810SKLT02025,20250810,LT,SK,1,10
20250810SSKT02025,20250810,KT,SS,9,2
20250811KBO1,20250811,,,0,0
20250811SPORTSN1,20250811,,,0,0
20250812BL1,20250812,,,0,0
20250812KBO1,20250812,,,0,0
20250811SCBASEBALL1,20250811,,,0,0
20250812BMBC1,20250812,,,0,0
20250812CHITCHIT1,20250812,,,0,0
20250812HTSS02025,20250812,SS,HT,1,5
20250812LGKT02025,20250812,KT,LG,2,11
20250812LTHH02025,20250812,HH,LT,2,0
20250812WOSK02025,20250812,SK,WO,3,1
20250812NCOB02025,20250812,OB,NC,2,3
20250813BL1,20250813,,,0,0
20250813KBO1,20250813,,,0,0
20250813CHITCHIT1,20250813,,,0,0
20250813BMBC1,20250813,,,0,0
20250813HTSS02025,20250813,SS,HT,1,9
20250813LTHH02025,20250813,HH,LT,6,0
20250814BL1,20250814,,,0,0
20250814KBO1,20250814,,,0,0
20250814BMBC1,20250814,,,0,0
20250814HTSS02025,20250814,SS,HT,4,10
20250814CHITCHIT1,20250814,,,0,0
20250814LTHH02025,20250814,HH,LT,5,4
20250814NCOB02025,20250814,OB,NC,6,5
20250814WOSK02025,20250814,SK,WO,0,2
20250814SPORTSN1,20250814,,,0,0
20250815KBO1,20250815,,,0,0
20250815CHITCHIT1,20250815,,,0,0
20250815HHNC02025,20250815,NC,HH,2,9
20250815BMBC1,20250815,,,0,0
20250815HTOB02025,20250815,OB,HT,6,5
20250815LGSK02025,20250815,SK,LG,3,5
20250815KTWO02025,20250815,WO,KT,7,3
20250815SSLT02025,20250815,LT,SS,4,10
20250816BMBC1,20250816,,,0,0
20250816HTOB02025,20250816,OB,HT,4,3
20250816HHNC02025,20250816,NC,HH,9,6
20250816KTWO02025,20250816,WO,KT,4,3
20250816LGSK02025,20250816,SK,LG,10,7
20250816SSLT02025,20250816,LT,SS,1,4
20250817KTWO02025,20250817,WO,KT,3,5
20250817BMBC1,20250817,,,0,0
20250817CHITCHIT1,20250817,,,0,0
20250817HHNC02025,20250817,NC,HH,9,4
20250817HTOB02025,20250817,OB,HT,4,2
20250817LGSK02025,20250817,SK,LG,1,6
20250817SSLT02025,20250817,LT,SS,8,8
20250818KBO1,20250818,,,0,0
20250818SCBASEBALL1,20250818,,,0,0
20250818SPORTSN1,20250818,,,0,0
20250819BL1,20250819,,,0,0
20250818UBB1,20250819,,,0,0
20250819KBO1,20250819,,,0,0
20250819CHITCHIT1,20250819,,,0,0
20250819BMBC1,20250819,,,0,0
20250819LTLG02025,20250819,LG,LT,5,2
20250819SKKT02025,20250819,KT,SK,5,4
20250819OBHH02025,20250819,HH,OB,5,6
20250819SSNC02025,20250819,NC,SS,2,6
20250819WOHT02025,20250819,HT,WO,12,9
20250820BL1,20250820,,,0,0
20250820KBO1,20250820,,,0,0
20250820CHITCHIT1,20250820,,,0,0
20250820BMBC1,20250820,,,0,0
20250820LTLG02025,20250820,LG,LT,5,3
20250820OBHH02025,20250820,HH,OB,9,13
20250820SKKT02025,20250820,KT,SK,3,5
20250820SSNC02025,20250820,NC,SS,3,4
20250820WOHT02025,20250820,HT,WO,1,6
20250821BL1,20250821,,,0,0
20250821KBO1,20250821,,,0,0
20250821CHITCHIT1,20250821,,,0,0
20250821BMBC1,20250821,,,0,0
20250821LTLG02025,20250821,LG,LT,6,6
20250821OBHH02025,20250821,HH,OB,3,6
20250821SKKT02025,20250821,KT,SK,1,7
20250821SSNC02025,20250821,NC,SS,7,5
20250821WOHT02025,20250821,HT,WO,10,11
20250821SPORTSN1,20250821,,,0,0
20250822BL1,20250822,,,0,0
20250822KBO1,20250822,,,0,0
20250822BMBC1,20250822,,,0,0
20250822CHITCHIT1,20250822,,,0,0
20250822KTOB02025,20250822,OB,KT,8,13
20250822LTNC02025,20250822,NC,LT,7,6
20250822LGHT02025,20250822,HT,LG,2,14
20250822WOSS02025,20250822,SS,WO,8,2
20250822SKHH02025,20250822,HH,SK,0,1
20250823BMBC1,20250823,,,0,0
20250823CHITCHIT1,20250823,,,0,0
20250823KTOB02025,20250823,OB,KT,2,6
20250823LGHT02025,20250823,HT,LG,2,6
20250823LTNC02025,20250823,NC,LT,4,1
20250823SKHH02025,20250823,HH,SK,5,0
20250823WOSS02025,20250823,SS,WO,12,8
20250824KTOB02025,20250824,OB,KT,2,3
20250824BMBC1,20250824,,,0,0
20250824CHITCHIT1,20250824,,,0,0
20250824LGHT02025,20250824,HT,LG,1,2
20250824SKHH02025,20250824,HH,SK,5,2
20250824LTNC02025,20250824,NC,LT,5,17
20250824WOSS02025,20250824,SS,WO,7,4
20250825KBO1,20250825,,,0,0
20250825SCBASEBALL1,20250825,,,0,0
20250825SPORTSN1,20250825,,,0,0
20250826BL1,20250826,,,0,0
20250826CHITCHIT1,20250826,,,0,0
20250826KBO1,20250826,,,0,0
20250826HHWO02025,20250826,WO,HH,1,3
20250826BMBC1,20250826,,,0,0
20250826HTSK02025,20250826,SK,HT,9,5
20250826KTLT02025,20250826,LT,KT,4,3
20250826LGNC02025,20250826,NC,LG,9,7
20250826SSOB02025,20250826,OB,SS,2,6
20250827BL1,20250827,,,0,0
20250827KBO1,20250827,,,0,0
20250827CHITCHIT1,20250827,,,0,0
20250827BMBC1,20250827,,,0,0
20250827KTLT02025,20250827,LT,KT,2,7
20250827HHWO02025,20250827,WO,HH,1,3
20250827HTSK02025,20250827,SK,HT,2,4
20250827LGNC02025,20250827,NC,LG,1,10
20250827SSOB02025,20250827,OB,SS,1,14
20250828BL1,20250828,,,0,0
20250828KBO1,20250828,,,0,0
20250828BMBC1,20250828,,,0,0
20250828HTSK02025,20250828,SK,HT,6,10
20250828KTLT02025,20250828,LT,KT,3,2
20250828HHWO02025,20250828,WO,HH,3,9
20250828SSOB02025,20250828,OB,SS,7,6
20250828SPORTSN1,20250828,,,0,0
20250828LGNC02025,20250828,NC,LG,3,4
20250829BL1,20250829,,,0,0
20250829BMBC1,20250829,,,0,0
20250829KBO2,20250829,,,0,0
20250829HTKT02025,20250829,KT,HT,1,10
20250829NCSK02025,20250829,SK,NC,8,0
20250829OBLT02025,20250829,LT,OB,1,7
20250829WOLG02025,20250829,LG,WO,2,3
20250829SSHH02025,20250829,HH,SS,3,5
20250830CHITCHIT1,20250830,,,0,0
20250830NCSK02025,20250830,SK,NC,2,12
20250830BMBC1,20250830,,,0,0
20250830HTKT02025,20250830,KT,HT,8,2
20250830OBLT02025,20250830,LT,OB,8,8
20250830SSHH02025,20250830,HH,SS,0,4
20250830WOLG02025,20250830,LG,WO,6,5
20250831BMBC1,20250831,,,0,0
20250831OBLT02025,20250831,LT,OB,5,1
20250831HTKT02025,20250831,KT,HT,7,6
20250831NCSK02025,20250831,SK,NC,10,8
20250831WOLG02025,20250831,LG,WO,5,6
20250831SSHH02025,20250831,HH,SS,3,5
20250901KBO1,20250901,,,0,0
20250901SCBASEBALL1,20250901,,,0,0
20250902KBSA1,20250902,,,0,0
20250901SPORTSN1,20250901,,,0,0
20250902BL1,20250902,,,0,0
20250902KBO1,20250902,,,0,0
20250902CHITCHIT1,20250902,,,0,0
20250902BMBC1,20250902,,,0,0
20250902HTHH02025,20250902,HH,HT,21,3
20250902LTLG02025,20250902,LG,LT,3,2
20250903KBO1,20250903,,,0,0
20250902WOSK02025,20250902,SK,WO,6,1
20250902NCKT02025,20250902,KT,NC,4,9
20250903CHITCHIT1,20250903,,,0,0
20250903BMBC1,20250903,,,0,0
20250903LTKT02025,20250903,KT,LT,9,8
20250903NCHH02025,20250903,HH,NC,6,5
20250903WOSS02025,20250903,SS,WO,3,4
20250903SKHT02025,20250903,HT,SK,1,2
20250904BL1,20250904,,,0,0
20250904UBASEBALL2,20250904,,,0,0
20250904CHITCHIT1,20250904,,,0,0
20250904UBASEBALL3,20250904,,,0,0
20250904KBO1,20250904,,,0,0
20250904LGKT02025,20250904,KT,LG,8,10
20250904OBNC02025,20250904,NC,OB,3,12
20250904SPORTSN1,20250904,,,0,0
20250905UBASEBALL1,20250905,,,0,0
20250905BL1,20250905,,,0,0
20250904UBASEBALL1,20250905,,,0,0
20250905UBASEBALL4,20250905,,,0,0
20250905UBASEBALL5,20250905,,,0,0
20250905UBASEBALL2,20250905,,,0,0
20250905KBO1,20250905,,,0,0
20250905CHITCHIT1,20250905,,,0,0
20250905BMBC1,20250905,,,0,0
20250905LTSK02025,20250905,SK,LT,7,5
20250905OBNC02025,20250905,NC,OB,3,9
20250905WOSS02025,20250905,SS,WO,8,3
20250906UBASEBALL4,20250906,,,0,0
20250906UBASEBALL5,20250906,,,0,0
20250906CHITCHIT1,20250906,,,0,0
20250906BMBC1,20250906,,,0,0
20250906HHSS02025,20250906,SS,HH,4,7
20250906HTNC02025,20250906,NC,HT,4,8
20250907UBASEBALL4,20250907,,,0,0
20250907UBASEBALL5,20250907,,,0,0
20250906UBASEBALL1,20250907,,,0,0
20250906UBASEBALL2,20250907,,,0,0
20250905UBASEBALL3,20250907,,,0,0
20250907HHSS02025,20250907,SS,HH,4,3
20250907HTNC02025,20250907,NC,HT,2,1
20250907CHITCHIT1,20250907,,,0,0
20250907SKLG02025,20250907,LG,SK,3,7
20250907UBASEBALL2,20250908,,,0,0
20250906UBASEBALL3,20250908,,,0,0
20250907UBASEBALL1,20250908,,,0,0
20250908KBO1,20250908,,,0,0
20250908SCBASEBALL1,20250908,,,0,0
20250908SPORTSN1,20250908,,,0,0
20250909KUSF5,20250909,,,0,0
20250909BL1,20250909,,,0,0
20250909KUSF6,20250909,,,0,0
20250909KUSF7,20250909,,,0,0
20250909KBO1,20250909,,,0,0
20250909CHITCHIT1,20250909,,,0,0
20250909BMBC1,20250909,,,0,0
20250909HHLT02025,20250909,LT,HH,1,9
20250909LGWO02025,20250909,WO,LG,11,2
20250910BL1,20250910,,,0,0
20250909KUSF2,20250910,,,0,0
20250909KUSF1,20250910,,,0,0
20250909OBKT02025,20250909,KT,OB,8,1
20250908KUSF3,20250910,,,0,0
20250910KBO1,20250910,,,0,0
20250910BMBC1,20250910,,,0,0
20250909KUSF3,20250910,,,0,0
20250910HHLT02025,20250910,LT,HH,0,13
20250910LGOB02025,20250910,OB,LG,4,8
20250910SKNC02025,20250910,NC,SK,5,4
20250910KUSF1,20250911,,,0,0
20250910KUSF2,20250911,,,0,0
20250911BL1,20250911,,,0,0
20250910KUSF3,20250911,,,0,0
20250911KBO1,20250911,,,0,0
20250911KTLG02025,20250911,LG,KT,4,6
20250911BMBC1,20250911,,,0,0
20250910SSHT02025,20250910,HT,SS,4,0
20250911LTHT02025,20250911,HT,LT,3,4
20250911SKSS02025,20250911,SS,SK,4,8
20250911NCWO02025,20250911,WO,NC,4,1
20250911SPORTSN1,20250911,,,0,0
20250913KUSF1,20250912,,,0,0
20250913KUSF2,20250912,,,0,0
20250912BL1,20250912,,,0,0
20250912KBO1,20250912,,,0,0
20250912OBHT02025,20250912,HT,OB,5,4
20250912CHITCHIT1,20250912,,,0,0
20250913CHITCHIT1,20250913,,,0,0
20250913BMBC1,20250913,,,0,0
20250913HTLG02025,20250913,LG,HT,3,6
20250913KTSS02025,20250913,SS,KT,3,5
20250913OBNC02025,20250913,NC,OB,6,4
20250913WOHH02025,20250913,HH,WO,10,5
20250914KUSF1,20250914,,,0,0
20250913SKLT02025,20250913,LT,SK,12,11
20250914CHITCHIT1,20250914,,,0,0
20250914HTLG02025,20250914,LG,HT,14,0
20250914KTSS02025,20250914,SS,KT,6,2
20250914OBNC02025,20250914,NC,OB,6,0
20250914WOHH02025,20250914,HH,WO,10,13
20250915KUSF2,20250915,,,0,0
20250915KUSF1,20250915,,,0,0
20250915KBO1,20250915,,,0,0
20250915WOHH02025,20250915,HH,WO,7,6
20250916BL1,20250916,,,0,0
20250915SCBASEBALL1,20250915,,,0,0
20250915SPORTSN1,20250915,,,0,0
20250916KUSF1,20250916,,,0,0
20250916KBO1,20250916,,,0,0
20250916CHITCHIT1,20250916,,,0,0
20250916BMBC1,20250916,,,0,0
20250916HHHT02025,20250916,HT,HH,1,11
20250916LGKT02025,20250916,KT,LG,6,10
20250916LTSS02025,20250916,SS,LT,7,5
20250916SKNC02025,20250916,NC,SK,3,7
20250916WOOB02025,20250916,OB,WO,1,4
20250917KBO1,20250917,,,0,0
20250917BL1,20250917,,,0,0
20250917CHITCHIT1,20250917,,,0,0
20250917HHHT02025,20250917,HT,HH,2,6
20250917WOOB02025,20250917,OB,WO,2,4
20250917SKNC02025,20250917,NC,SK,4,0
20250918BL1,20250918,,,0,0
20250918LGKT12025,20250918,KT,LG,2,6
20250918KBO1,20250918,,,0,0
20250918CHITCHIT1,20250918,,,0,0
20250918HHHT02025,20250918,HT,HH,3,4
20250918SSNC02025,20250918,NC,SS,5,9
20250918LGKT22025,20250918,KT,LG,1,14
20250918SPORTSN1,20250918,,,0,0
20250918WOOB02025,20250918,OB,WO,3,2
20250919STN1,20250919,,,0,0
20250919BL1,20250919,,,0,0
20250919BMBC1,20250919,,,0,0
20250919KBO1,20250919,,,0,0
20250919KBSA1,20250919,,,0,0
20250919LTNC02025,20250919,NC,LT,2,18
20250920KBO1,20250920,,,0,0
20250920KBO2,20250920,,,0,0
20250920CHITCHIT1,20250920,,,0,0
20250920BMBC1,20250920,,,0,0
20250920HHKT02025,20250920,KT,HH,4,2
20250920NCHT02025,20250920,HT,NC,5,4
20250920OBSK02025,20250920,SK,OB,15,2
20250920SSLG02025,20250920,LG,SS,4,14
20250920WOLT02025,20250920,LT,WO,5,15
20250921KBO2,20250921,,,0,0
20250921OBSK02025,20250921,SK,OB,7,3
20250921NCHT02025,20250921,HT,NC,6,7
20250921SSKT02025,20250921,KT,SS,6,3
20250922KBO1,20250922,,,0,0
20250922KBO3,20250922,,,0,0
20250922KBO2,20250922,,,0,0
20250922OBSK02025,20250922,SK,OB,2,9
20250921KBO1,20250921,,,0,0
20250922SCBASEBALL1,20250922,,,0,0
20250922SPORTSN1,20250922,,,0,0
20250923BL1,20250923,,,0,0
20250923KBO1,20250923,,,0,0
20250923CHITCHIT1,20250923,,,0,0
20250923BMBC1,20250923,,,0,0
20250923HTSK02025,20250923,SK,HT,5,0
20250923NCLT02025,20250923,LT,NC,2,4
20250923OBSS02025,20250923,SS,OB,7,5
20250923WOKT02025,20250923,KT,WO,7,0
20250924BL1,20250924,,,0,0
20250924KBO1,20250924,,,0,0
20250924BMBC1,20250924,,,0,0
20250924HTWO02025,20250924,WO,HT,0,2
20250924LGNC02025,20250924,NC,LG,10,5
20250924LTSS02025,20250924,SS,LT,9,4
20250925BL1,20250925,,,0,0
20250925KBO1,20250925,,,0,0
20250925BMBC1,20250925,,,0,0
20250925HHOB02025,20250925,OB,HH,7,0
20250925KTSK02025,20250925,SK,KT,1,10
20250925LGLT02025,20250925,LT,LG,1,11
20250925WOSS02025,20250925,SS,WO,12,3
20250925SPORTSN1,20250925,,,0,0
20250926KBO1,20250926,,,0,0
20250926CHITCHIT1,20250926,,,0,0
20250926BL1,20250926,,,0,0
20250926KTSK02025,20250926,SK,KT,5,2
20250926BMBC1,20250926,,,0,0
20250926LGHH02025,20250926,HH,LG,4,1
20250926NCOB02025,20250926,OB,NC,0,3
20250926SSLT02025,20250926,LT,SS,10,9
20250927NCHT02025,20250927,HT,NC,1,2
20250927LGHH02025,20250927,HH,LG,2,9
20250927SKOB02025,20250927,OB,SK,2,6
20250928LTOB02025,20250928,OB,LT,7,2
20250928BMBC1,20250928,,,0,0
20250928SSWO02025,20250928,WO,SS,2,4
20250929CHRYSE1,20250929,,,0,0
20250929LGHH02025,20250929,HH,LG,7,3
20250929KBO1,20250929,,,0,0
20250929BMBC1,20250929,,,0,0
20250929LTSK02025,20250929,SK,LT,4,2
20250929NCHT02025,20250929,HT,NC,4,13
20250930BL1,20250930,,,0,0
20250929SPORTSN1,20250929,,,0,0
20250930KBO1,20250930,,,0,0
20250930BMBC1,20250930,,,0,0
20250930HTSS02025,20250930,SS,HT,5,0
20250930KTNC02025,20250930,NC,KT,9,4
20250930OBLG02025,20250930,LG,OB,0,6
20250930LTHH02025,20250930,HH,LT,1,0
20250930SKWO02025,20250930,WO,SK,3,4
20251001KBO1,20251001,,,0,0
20251001BL1,20251001,,,0,0
20251001BS1,20251001,,,0,0
20251001KTHT02025,20251001,HT,KT,3,9
20251001HHSK02025,20251001,SK,HH,6,5
20251001NCLG02025,20251001,LG,NC,3,7
20251002KBSA1,20251002,,,0,0
20251002BL1,20251002,,,0,0
20251002BL2,20251002,,,0,0
20251002SKHT02025,20251002,HT,SK,7,2
20250929SCBASEBALL1,20251002,,,0,0
20251002BL4,20251002,,,0,0
20251003KBO1,20251003,,,0,0
20251003HHKT02025,20251003,KT,HH,6,6
20251004SKNC02025,20251004,NC,SK,7,1
44441006NCSS02025,20251006,SS,NC,1,4
20251006KBO1,20251007,,,0,0
20251004SSHT02025,20251004,HT,SS,9,8
20251005KBO1,20251006,,,0,0
44441007NCSS02025,20251007,SS,NC,3,0
20251009KBO1,20251009,,,0,0
33331009SSSK02025,20251009,SK,SS,2,5
20251009CHITCHIT1,20251009,,,0,0
20251010BL1,20251010,,,0,0
20251013KBO1,20251013,,,0,0
33331011SSSK02025,20251011,SK,SS,4,3
20251012CHITCHIT1,20251013,,,0,0
33331013SKSS02025,20251013,SS,SK,5,3
20251013SPORTSN1,20251013,,,0,0
20251014BL1,20251014,,,0,0
20251014KBO1,20251014,,,0,0
20251014CHITCHIT1,20251014,,,0,0
20251015BL1,20251015,,,0,0
20251013SCBASEBALL1,20251015,,,0,0
33331014SKSS02025,20251014,SS,SK,5,2
20251016BL1,20251016,,,0,0
20251016SPORTSN1,20251016,,,0,0
20251017BL1,20251017,,,0,0
20251017KBO2,20251017,,,0,0
20251018CHITCHIT1,20251018,,,0,0
55551018SSHH02025,20251018,HH,SS,9,8
20251019CHITCHIT1,20251019,,,0,0
55551019SSHH02025,20251019,HH,SS,3,7
20251020SPORTSN1,20251020,,,0,0
20251021BL1,20251021,,,0,0
20251021KBO1,20251021,,,0,0
20251021CHITCHIT1,20251021,,,0,0
55551021HHSS02025,20251021,SS,HH,4,5
20251022BL1,20251022,,,0,0
20251022KBO1,20251022,,,0,0
55551022HHSS02025,20251022,SS,HH,7,4
20251023BL1,20251023,,,0,0
20251020SCBASEBALL1,20251023,,,0,0
20251023SPORTSN1,20251023,,,0,0
20251024BL1,20251024,,,0,0
20251024KBO1,20251024,,,0,0
20251024CHITCHIT1,20251024,,,0,0
55551024SSHH02025,20251024,HH,SS,11,2
20251026CHITCHIT1,20251026,,,0,0
77771026HHLG02025,20251026,LG,HH,8,2
77771027HHLG02025,20251027,LG,HH,13,5
20251027CHITCHIT1,20251027,,,0,0
20251027KBO1,20251027,,,0,0
20251027SPORTSN1,20251027,,,0,0
20251028BL1,20251028,,,0,0
20251027SCBASEBALL1,20251028,,,0,0
20251029CHITCHIT1,20251029,,,0,0
20251029BL1,20251029,,,0,0
20251029KBO1,20251029,,,0,0
77771029LGHH02025,20251029,HH,LG,7,3
20251030BL1,20251030,,,0,0
20251030KBO1,20251030,,,0,0
20251030CHITCHIT1,20251030,,,0,0
20251030SPORTSN1,20251030,,,0,0
77771030LGHH02025,20251030,HH,LG,4,7
20251031CHITCHIT1,20251031,,,0,0
20251031KBO1,20251031,,,0,0
20251031BL1,20251031,,,0,0
77771031LGHH02025,20251031,HH,LG,1,4
20251103SPORTSN1,20251103,,,0,0
20251103SCBASEBALL1,20251103,,,0,0
20251106BL1,20251106,,,0,0
20251107KB1,20251107,,,0,0
20251106SPORTSN1,20251106,,,0,0
20251108KUSF2,20251108,,,0,0
20251108CHITCHIT1,20251108,,,0,0
20251109KUSF2,20251109,,,0,0
88881108CZKR02025,20251108,KR,CZ,3,0
20251109CHITCHIT1,20251109,,,0,0
88881109KRCZ02025,20251109,CZ,KR,1,11
20251110SS1,20251110,,,0,0
20251111BB1,20251111,,,0,0
20251110SCBASEBALL1,20251110,,,0,0
20251111BB2,20251111,,,0,0
20251111KBO1,20251111,,,0,0
20251112BB1,20251112,,,0,0
20251115CHITCHIT1,20251115,,,0,0
88881115KRJP02025,20251115,JP,KR,11,4
20251113BL1,20251113,,,0,0
20251116CHITCHIT1,20251116,,,0,0
88881116JPKR02025,20251116,KR,JP,7,7
20251117KBO1,20251117,,,0,0
20251117CHRYSE1,20251117,,,0,0
20251117SCBASEBALL1,20251117,,,0,0
20251118BS1,20251118,,,0,0
20251119BS1,20251119,,,0,0
20251119KBO1,20251119,,,0,0
20251121KBO1,20251121,,,0,0
20251120BL1,20251120,,,0,0
20251124KBO1,20251124,,,0,0
20251124SCBASEBALL1,20251124,,,0,0
20251124SPORTSN1,20251124,,,0,0
20251127BL1,20251127,,,0,0
20251126KBO1,20251126,,,0,0
20251127SPORTSN1,20251127,,,0,0
20251128KBO2,20251128,,,0,0
20251129NC1,20251129,,,0,0
20251130THEGENERATIONMATCH,20251130,,,0,0
20260302SCBASEBALL1,20260302,,,0,0
20260303HHSS,20260303,,,0,0
20260303LILKA,20260303,,,0,0
20260305LGSS,20260305,,,0,0
20260304KBO1,20260305,,,0,0
20260305LILKA,20260305,,,0,0
20260305SPORTSN1,20260305,,,0,0
20260306VR1,20260306,,,0,0
20260307LILKA,20260307,,,0,0
20260306KBO1,20260307,,,0,0
20260307KTSS,20260307,,,0,0
20260308KBO1,20260308,,,0,0
20260309KBO1,20260309,,,0,0
20260309SPORTSN1,20260309,,,0,0
20260309SCBASEBALL1,20260310,,,0,0
20260311KBO1,20260311,,,0,0
20260312KTLT02026,20260312,LT,KT,4,3
20260312LGNC02026,20260312,NC,LG,6,11
20260312WOOB02026,20260312,OB,WO,9,7
20260312SSHH02026,20260312,HH,SS,3,12
20260312SKHT02026,20260312,HT,SK,9,4
20260312SPORTSN1,20260312,,,0,0
20260313KTLT02026,20260313,LT,KT,6,6
20260313LGNC02026,20260313,NC,LG,5,5
20260313SSHH02026,20260313,HH,SS,3,2
20260313SKHT02026,20260313,HT,SK,2,3
20260313KBO2,20260313,,,0,0
20260313WOOB02026,20260313,OB,WO,8,1
20260314KTHT02026,20260314,HT,KT,10,10
20260314LGLT02026,20260314,LT,LG,5,3
20260314KBO1,20260314,,,0,0
20260314SKHH02026,20260314,HH,SK,1,2
20260314SSOB02026,20260314,OB,SS,4,5
20260315KTHT02026,20260315,HT,KT,5,4
20260314WONC02026,20260314,NC,WO,8,6
20260315LGLT02026,20260315,LT,LG,7,4
20260315SKHH02026,20260315,HH,SK,8,0
20260315SSOB02026,20260315,OB,SS,8,2
20260316LGKT02026,20260316,KT,LG,3,5
20260316OBHH02026,20260316,HH,OB,4,8
20260315WONC02026,20260315,NC,WO,1,8
20260316SSSK02026,20260316,SK,SS,0,8
20260316WOLT02026,20260316,LT,WO,12,1
20260316KBO1,20260316,,,0,0
20260316HTNC02026,20260316,NC,HT,4,3
20260316SCBASEBALL1,20260316,,,0,0
20260316SPORTSN1,20260316,,,0,0
20260317HTNC02026,20260317,NC,HT,3,2
20260317LGKT02026,20260317,KT,LG,8,5
20260317OBHH02026,20260317,HH,OB,2,3
20260317SSSK02026,20260317,SK,SS,8,4
20260317WOLT02026,20260317,LT,WO,4,4
20260318KBO1,20260318,,,0,0
20260319HTHH02026,20260319,HH,HT,7,5
20260319LGSK02026,20260319,SK,LG,7,12
20260319OBLT02026,20260319,LT,OB,10,3
20260319SSNC02026,20260319,NC,SS,4,9
20260319WOKT02026,20260319,KT,WO,4,11
20260319SPORTSN1,20260319,,,0,0
20260320HTHH02026,20260320,HH,HT,13,8
20260320LGSK02026,20260320,SK,LG,7,9
20260320OBLT02026,20260320,LT,OB,1,4
20260320SSNC02026,20260320,NC,SS,6,4
20260320WOKT02026,20260320,KT,WO,4,1
20260320VR1,20260320,,,0,0
20260320KBO1,20260320,,,0,0
20260321HHLT02026,20260321,LT,HH,12,6
20260321HTOB02026,20260321,OB,HT,6,11
20260321LGSS02026,20260321,SS,LG,4,3
20260321NCKT02026,20260321,KT,NC,8,2
20260321WOSK02026,20260321,SK,WO,0,9
20260322HHLT02026,20260322,LT,HH,10,6
20260322HTOB02026,20260322,OB,HT,0,0
20260322LGSS02026,20260322,SS,LG,13,14
20260322NCKT02026,20260322,KT,NC,6,2
20260322WOSK02026,20260322,SK,WO,4,3
20260323LTSK02026,20260323,SK,LT,2,5
20260323OBKT02026,20260323,KT,OB,7,12
20260323WOLG02026,20260323,LG,WO,10,13
20260323HTSS02026,20260323,SS,HT,7,1
20260323KBO1,20260323,,,0,0
20260323NCHH02026,20260323,HH,NC,11,4
20260324HTSS02026,20260324,SS,HT,1,2
20260323SPORTSN1,20260323,,,0,0
20260324LTSK02026,20260324,SK,LT,6,3
20260324NCHH02026,20260324,HH,NC,9,8
20260324OBKT02026,20260324,KT,OB,7,3
20260324WOLG02026,20260324,LG,WO,2,5
20260325KBO1,20260325,,,0,0
20260323SCBASEBALL1,20260326,,,0,0
20260326SPORTSN1,20260326,,,0,0
20260327VR1,20260327,,,0,0
20260327KBO1,20260327,,,0,0
20260328CHITCHIT1,20260328,,,0,0
20260328BMBC1,20260328,,,0,0
20260328HTSK02026,20260328,SK,HT,7,6
20260328KTLG02026,20260328,LG,KT,7,11
20260328LTSS02026,20260328,SS,LT,3,6
20260328OBNC02026,20260328,NC,OB,6,0
20260328WOHH02026,20260328,HH,WO,10,9
20260329CHITCHIT1,20260329,,,0,0
20260329HTSK02026,20260329,SK,HT,11,6
20260329BMBC1,20260329,,,0,0
20260329LTSS02026,20260329,SS,LT,2,6
20260329KTLG02026,20260329,LG,KT,5,6
20260329OBNC02026,20260329,NC,OB,6,9
20260329WOHH02026,20260329,HH,WO,10,4
20260330KBO1,20260330,,,0,0
20260330SCBASEBALL1,20260330,,,0,0
20260330SPORTSN1,20260330,,,0,0
20260331KBO1,20260331,,,0,0
20260331BMBC1,20260331,,,0,0
20260331CHITCHIT1,20260331,,,0,0
20260331KTHH02026,20260331,HH,KT,4,9
20260331HTLG02026,20260331,LG,HT,2,7
20260331LTNC02026,20260331,NC,LT,9,2
20260331WOSK02026,20260331,SK,WO,9,3
20260331OBSS02026,20260331,SS,OB,5,5
20260401KBO1,20260401,,,0,0
20260401CHITCHIT1,20260401,,,0,0
20260401BMBC1,20260401,,,0,0
20260401HTLG02026,20260401,LG,HT,7,2
20260401KTHH02026,20260401,HH,KT,11,14
20260401LTNC02026,20260401,NC,LT,5,4
20260401OBSS02026,20260401,SS,OB,13,3
20260401WOSK02026,20260401,SK,WO,2,11
20260402KBO1,20260402,,,0,0
20260402CHITCHIT1,20260402,,,0,0
20260402BMBC1,20260402,,,0,0
20260402HTLG02026,20260402,LG,HT,2,1
20260402KTHH02026,20260402,HH,KT,8,13
20260402LTNC02026,20260402,NC,LT,8,4
20260402OBSS02026,20260402,SS,OB,5,2
20260402SPORTSN1,20260402,,,0,0
20260402WOSK02026,20260402,SK,WO,11,1
20260403VR1,20260403,,,0,0
20260403KBO2,20260403,,,0,0
20260403HHOB02026,20260403,OB,HH,6,11
20260403CHITCHIT1,20260403,,,0,0
20260403BMBC1,20260403,,,0,0
20260403LGWO02026,20260403,WO,LG,5,2
20260403NCHT02026,20260403,HT,NC,2,5
20260403SSKT02026,20260403,KT,SS,1,2
20260404HHOB02026,20260404,OB,HH,3,9
20260404CHITCHIT1,20260404,,,0,0
20260404BMBC1,20260404,,,0,0
20260404LGWO02026,20260404,WO,LG,4,6
20260404NCHT02026,20260404,HT,NC,0,6
20260404SKLT02026,20260404,LT,SK,6,7
20260405CHITCHIT1,20260405,,,0,0
20260404SSKT02026,20260404,KT,SS,6,8
20260403SKLT02026,20260403,LT,SK,2,17
20260405BMBC1,20260405,,,0,0
20260405HHOB02026,20260405,OB,HH,8,0
20260405LGWO02026,20260405,WO,LG,5,6
20260405NCHT02026,20260405,HT,NC,3,0
20260405SKLT02026,20260405,LT,SK,3,4
20260405SSKT02026,20260405,KT,SS,2,0
20260406KBO1,20260406,,,0,0
20260406SCBASEBALL1,20260406,,,0,0
20260406SPORTSN1,20260406,,,0,0
20260407CHITCHIT1,20260407,,,0,0
20260407KBO1,20260407,,,0,0
20260407BMBC1,20260407,,,0,0
20260407HHSK02026,20260407,SK,HH,2,6
20260407KTLT02026,20260407,LT,KT,3,7
20260407LGNC02026,20260407,NC,LG,0,2
20260407SSHT02026,20260407,HT,SS,3,10
20260407WOOB02026,20260407,OB,WO,2,5
20260408KBO1,20260408,,,0,0
20260408CHITCHIT1,20260408,,,0,0
20260408BMBC1,20260408,,,0,0
20260408HHSK02026,20260408,SK,HH,3,4
20260408LGNC02026,20260408,NC,LG,4,5
20260408KTLT02026,20260408,LT,KT,6,1
20260408SSHT02026,20260408,HT,SS,15,5
20260409KBO1,20260409,,,0,0
20260408WOOB02026,20260408,OB,WO,7,3
20260409SPORTSN1,20260409,,,0,0
20260410VR1,20260410,,,0,0
20260410KBO1,20260410,,,0,0
20260410CHITCHIT1,20260410,,,0,0
20260410HTHH02026,20260410,HH,HT,5,6
20260410BMBC1,20260410,,,0,0
20260410LTWO02026,20260410,WO,LT,1,3
20260410NCSS02026,20260410,SS,NC,8,5
20260410OBKT02026,20260410,KT,OB,7,8
20260410SKLG02026,20260410,LG,SK,10,2
20260411HTHH02026,20260411,HH,HT,5,6
20260411CHITCHIT1,20260411,,,0,0
20260411BMBC1,20260411,,,0,0
20260411LTWO02026,20260411,WO,LT,1,3
20260411NCSS02026,20260411,SS,NC,5,4
20260411OBKT02026,20260411,KT,OB,6,4
20260411SKLG02026,20260411,LG,SK,4,3
20260412CHITCHIT1,20260412,,,0,0
20260412BMBC1,20260412,,,0,0
20260412HTHH02026,20260412,HH,HT,3,9
20260412LTWO02026,20260412,WO,LT,2,0
20260412NCSS02026,20260412,SS,NC,9,3
20260412OBKT02026,20260412,KT,OB,6,1
20260412SKLG02026,20260412,LG,SK,9,1
20260413KBO1,20260413,,,0,0
20260413SPORTSN1,20260413,,,0,0
20260414CHITCHIT1,20260414,,,0,0
20260414KBO1,20260414,,,0,0
20260414KTNC02026,20260414,NC,KT,7,4
20260414BMBC1,20260414,,,0,0
20260414LTLG02026,20260414,LG,LT,2,1
20260414OBSK02026,20260414,SK,OB,3,11
20260414SSHH02026,20260414,HH,SS,5,6
20260414WOHT02026,20260414,HT,WO,6,2
20260415KBO1,20260415,,,0,0
20260415CHITCHIT1,20260415,,,0,0
20260415BMBC1,20260415,,,0,0
20260415KTNC02026,20260415,NC,KT,2,10
20260415LTLG02026,20260415,LG,LT,0,2
20260415SSHH02026,20260415,HH,SS,5,13
20260415OBSK02026,20260415,SK,OB,6,0
20260416KBO1,20260416,,,0,0
20260415WOHT02026,20260415,HT,WO,7,5
20260416BMBC1,20260416,,,0,0
20260416KTNC02026,20260416,NC,KT,3,4
20260416LTLG02026,20260416,LG,LT,7,4
20260416OBSK02026,20260416,SK,OB,2,1
20260416SSHH02026,20260416,HH,SS,1,6
20260417WOKT02026,20260417,KT,WO,5,0
20260416SPORTSN1,20260416,,,0,0
20260418CHITCHIT1,20260418,,,0,0
20260418LGSS02026,20260418,SS,LG,7,2
20260417VR1,20260417,,,0,0
20260418BMBC1,20260418,,,0,0
20260417KBO1,20260417,,,0,0
20260417HTOB02026,20260417,OB,HT,3,7
20260418HHLT02026,20260418,LT,HH,0,5
20260416WOHT02026,20260416,HT,WO,5,1
20260418HTOB02026,20260418,OB,HT,5,4
20260418WOKT02026,20260418,KT,WO,4,2
20260418SKNC02026,20260418,NC,SK,3,11
20260419CHITCHIT1,20260419,,,0,0
20260419BMBC1,20260419,,,0,0
20260419HHLT02026,20260419,LT,HH,1,9
20260419HTOB02026,20260419,OB,HT,6,3
20260419SKNC02026,20260419,NC,SK,9,2
20260419LGSS02026,20260419,SS,LG,0,5
20260419WOKT02026,20260419,KT,WO,1,3
20260420KBO1,20260420,,,0,0
20260420SCBASEBALL1,20260420,,,0,0
20260420SPORTSN1,20260420,,,0,0
20260421KBO1,20260421,,,0,0
20260421CHITCHIT1,20260421,,,0,0
20260421HTKT02026,20260421,KT,HT,6,5
20260421BMBC1,20260421,,,0,0
20260421HHLG02026,20260421,LG,HH,6,5
20260421NCWO02026,20260421,WO,NC,2,1
20260421OBLT02026,20260421,LT,OB,2,6
20260421SKSS02026,20260421,SS,SK,4,5
20260422KBO1,20260422,,,0,0
20260422HHLG02026,20260422,LG,HH,3,0
20260422BMBC1,20260422,,,0,0
20260422CHITCHIT1,20260422,,,0,0
20260422HTKT02026,20260422,KT,HT,8,3
20260422OBLT02026,20260422,LT,OB,1,9
20260422NCWO02026,20260422,WO,NC,3,0
20260422SKSS02026,20260422,SS,SK,2,3
20260423KBO1,20260423,,,0,0
20260423CHITCHIT1,20260423,,,0,0
20260423BMBC1,20260423,,,0,0
20260423HHLG02026,20260423,LG,HH,4,8
20260423HTKT02026,20260423,KT,HT,8,3
20260423NCWO02026,20260423,WO,NC,2,12
20260423OBLT02026,20260423,LT,OB,6,1
20260423SKSS02026,20260423,SS,SK,2,8
20260424VR1,20260424,,,0,0
20260424KBO1,20260424,,,0,0
20260424KTSK02026,20260424,SK,KT,5,0
20260423SPORTSN1,20260423,,,0,0
20260424BMBC1,20260424,,,0,0
20260424LGOB02026,20260424,OB,LG,1,4
20260424CHITCHIT1,20260424,,,0,0
20260424NCHH02026,20260424,HH,NC,3,7
20260424LTHT02026,20260424,HT,LT,4,0
20260424SSWO02026,20260424,WO,SS,6,4
20260425LGOB02026,20260425,OB,LG,5,7
20260425CHITCHIT1,20260425,,,0,0
20260425BMBC1,20260425,,,0,0
20260425KTSK02026,20260425,SK,KT,3,1
20260425LTHT02026,20260425,HT,LT,4,3
20260426CHITCHIT1,20260426,,,0,0
20260425SSWO02026,20260425,WO,SS,4,2
20260425NCHH02026,20260425,HH,NC,8,1
20260426BMBC1,20260426,,,0,0
20260426LGOB02026,20260426,OB,LG,4,3
20260426KTSK02026,20260426,SK,KT,2,12
20260426LTHT02026,20260426,HT,LT,5,5
20260426NCHH02026,20260426,HH,NC,3,5
20260426SSWO02026,20260426,WO,SS,2,0
20260427KBO1,20260427,,,0,0
20260427SCBASEBALL1,20260427,,,0,0
20260427SPORTSN1,20260427,,,0,0
20260428KBO1,20260428,,,0,0
20260428CHITCHIT1,20260428,,,0,0
20260428BMBC1,20260428,,,0,0
20260428SKHH02026,20260428,HH,SK,7,6
20260428LGKT02026,20260428,KT,LG,6,5
20260428HTNC02026,20260428,NC,HT,5,4
20260428SSOB02026,20260428,OB,SS,4,5
20260429KBO1,20260429,,,0,0
20260428WOLT02026,20260428,LT,WO,5,4
20260429CHITCHIT1,20260429,,,0,0
20260429BMBC1,20260429,,,0,0
20260429LGKT02026,20260429,KT,LG,5,4
20260429SKHH02026,20260429,HH,SK,1,6
20260429HTNC02026,20260429,NC,HT,4,9
20260429SSOB02026,20260429,OB,SS,4,0
20260429WOLT02026,20260429,LT,WO,5,6
20260430KBO1,20260430,,,0,0
20260430CHITCHIT1,20260430,,,0,0
20260430LGKT02026,20260430,KT,LG,5,6
20260430BMBC1,20260430,,,0,0
20260430HTNC02026,20260430,NC,HT,7,2
20260430SKHH02026,20260430,HH,SK,3,14
20260430WOLT02026,20260430,LT,WO,3,1
20260430SPORTSN1,20260430,,,0,0
20260430SSOB02026,20260430,OB,SS,8,5
20260501KBO2,20260501,,,0,0
20260501BMBC1,20260501,,,0,0
20260501KTHT02026,20260501,HT,KT,3,4
20260501HHSS02026,20260501,SS,HH,4,3
20260501LTSK02026,20260501,SK,LT,7,10
20260501NCLG02026,20260501,LG,NC,5,1
20260502BMBC1,20260502,,,0,0
20260501OBWO02026,20260501,WO,OB,6,16
20260502KTHT02026,20260502,HT,KT,6,0
20260502HHSS02026,20260502,SS,HH,3,13
20260502LTSK02026,20260502,SK,LT,5,7
20260502NCLG02026,20260502,LG,NC,13,5
20260502OBWO02026,20260502,WO,OB,4,2
20260503HHSS02026,20260503,SS,HH,7,6
20260503BMBC1,20260503,,,0,0
20260503KTHT02026,20260503,HT,KT,4,6
20260503NCLG02026,20260503,LG,NC,3,10
20260503LTSK02026,20260503,SK,LT,2,5
20260503OBWO02026,20260503,WO,OB,3,14
20260504KBO1,20260504,,,0,0
20260504SCBASEBALL1,20260504,,,0,0
20260504SPORTSN1,20260504,,,0,0
20260505CHITCHIT1,20260505,,,0,0
20260505LTKT02026,20260505,KT,LT,5,4
20260505HHHT02026,20260505,HT,HH,12,7
20260505NCSK02026,20260505,SK,NC,7,7
20260505OBLG02026,20260505,LG,OB,2,1
20260505BMBC1,20260505,,,0,0
20260505WOSS02026,20260505,SS,WO,11,1
20260506CHITCHIT1,20260506,,,0,0
20260506KBO1,20260506,,,0,0
20260506HHHT02026,20260506,HT,HH,2,7
20260506BMBC1,20260506,,,0,0
20260506LTKT02026,20260506,KT,LT,1,8
20260506NCSK02026,20260506,SK,NC,7,6
20260506OBLG02026,20260506,LG,OB,6,1
20260507KBO1,20260507,,,0,0
20260506WOSS02026,20260506,SS,WO,2,1
20260507CHITCHIT1,20260507,,,0,0
20260507HHHT02026,20260507,HT,HH,8,11
20260507NCSK02026,20260507,SK,NC,5,10
20260507WOSS02026,20260507,SS,WO,6,0
20260507OBLG02026,20260507,LG,OB,2,3
20260508KBO1,20260508,,,0,0
20260507SPORTSN1,20260507,,,0,0
20260508VR1,20260508,,,0,0
20260508CHITCHIT1,20260508,,,0,0
20260508HTLT02026,20260508,LT,HT,2,8
20260508BMBC1,20260508,,,0,0
20260508LGHH02026,20260508,HH,LG,8,9
20260508KTWO02026,20260508,WO,KT,0,8
20260508SSNC02026,20260508,NC,SS,3,4
20260508SKOB02026,20260508,OB,SK,1,4
20260509LGHH02026,20260509,HH,LG,11,3
20260509CHITCHIT1,20260509,,,0,0
20260509BMBC1,20260509,,,0,0
20260509HTLT02026,20260509,LT,HT,1,3
20260509SKOB02026,20260509,OB,SK,9,4
20260510HTLT02026,20260510,LT,HT,7,3
20260510CHITCHIT1,20260510,,,0,0
20260509SSNC02026,20260509,NC,SS,4,5
20260509KTWO02026,20260509,WO,KT,6,6
20260510BMBC1,20260510,,,0,0
20260510KTWO02026,20260510,WO,KT,5,1
20260510SKOB02026,20260510,OB,SK,3,1
20260510LGHH02026,20260510,HH,LG,9,3
20260510SSNC02026,20260510,NC,SS,1,11
20260511KBO1,20260511,,,0,0
20260511SCBASEBALL1,20260511,,,0,0
20260511SPORTSN1,20260511,,,0,0
20260512SC1,20260512,,,0,0
20260512KBO1,20260512,,,0,0
20260512CHITCHIT1,20260512,,,0,0
20260512HHWO02026,20260512,WO,HH,5,11
20260512NCLT02026,20260512,LT,NC,1,8
20260512BMBC1,20260512,,,0,0
20260512SKKT02026,20260512,KT,SK,1,5
20260512OBHT02026,20260512,HT,OB,1,5
20260512SSLG02026,20260512,LG,SS,1,9
20260513KBO1,20260513,,,0,0
20260513CHITCHIT1,20260513,,,0,0
20260513BMBC1,20260513,,,0,0
20260513HHWO02026,20260513,WO,HH,3,2
20260513NCLT02026,20260513,LT,NC,10,5
20260513SKKT02026,20260513,KT,SK,18,4
20260513OBHT02026,20260513,HT,OB,9,2
20260514CHITCHIT1,20260514,,,0,0
20260513SSLG02026,20260513,LG,SS,5,3
20260514KBO1,20260514,,,0,0
20260514HHWO02026,20260514,WO,HH,1,10
20260514OBHT02026,20260514,HT,OB,5,3
20260514BMBC1,20260514,,,0,0
20260514SKKT02026,20260514,KT,SK,10,16
20260514NCLT02026,20260514,LT,NC,4,5
20260514SSLG02026,20260514,LG,SS,5,9
20260514SPORTSN1,20260514,,,0,0
20260515VR1,20260515,,,0,0
20260515KBO2,20260515,,,0,0
20260515CHITCHIT1,20260515,,,0,0
20260515BMBC1,20260515,,,0,0
20260515HHKT02026,20260515,KT,HH,3,5
20260515HTSS02026,20260515,SS,HT,4,5
20260515LTOB02026,20260515,OB,LT,5,6
20260515LGSK02026,20260515,SK,LG,7,8
20260515WONC02026,20260515,NC,WO,1,4
20260516LGSK02026,20260516,SK,LG,4,3
20260516HHKT02026,20260516,KT,HH,5,10
20260516HTSS02026,20260516,SS,HT,5,2
20260516BMBC1,20260516,,,0,0
20260516LTOB02026,20260516,OB,LT,10,9
20260516WONC02026,20260516,NC,WO,9,2
20260517HHKT02026,20260517,KT,HH,8,7
20260517BMBC1,20260517,,,0,0
20260517LGSK02026,20260517,SK,LG,4,6
20260517LTOB02026,20260517,OB,LT,8,4
20260517HTSS02026,20260517,SS,HT,7,16
20260518SCBASEBALL1,20260518,,,0,0
20260517WONC02026,20260517,NC,WO,2,3
20260518KBO1,20260518,,,0,0
20260518SPORTSN1,20260518,,,0,0
20260519BMBC1,20260519,,,0,0
20260519KBO1,20260519,,,0,0
20260519LTHH02026,20260519,HH,LT,4,6
20260519KTSS02026,20260519,SS,KT,10,2
20260519SC1,20260519,,,0,0
20260519LGHT02026,20260519,HT,LG,14,0
20260519NCOB02026,20260519,OB,NC,9,3
20260519SKWO02026,20260519,WO,SK,7,6
20260520KBO1,20260520,,,0,0
20260520SKWO02026,20260520,WO,SK,6,5
20260521KBO1,20260521,,,0,0
20260521CHITCHIT1,20260521,,,0,0
20260521BMBC1,20260521,,,0,0
20260521KTSS02026,20260521,SS,KT,8,5
20260521LGHT02026,20260521,HT,LG,3,5
20260521SKWO02026,20260521,WO,SK,6,0
20260521LTHH02026,20260521,HH,LT,2,8
20260522KBO1,20260522,,,0,0
20260521NCOB02026,20260521,OB,NC,1,0
20260522BMBC1,20260522,,,0,0
20260521SPORTSN1,20260521,,,0,0
20260522NCKT02026,20260522,KT,NC,7,4
20260522OBHH02026,20260522,HH,OB,5,3
20260522SKHT02026,20260522,HT,SK,5,2
20260522WOLG02026,20260522,LG,WO,0,7
20260522SSLT02026,20260522,LT,SS,5,7
20260523WOLG02026,20260523,LG,WO,5,2
20260519CHITCHIT1,20260523,,,0,0
20260523NCKT02026,20260523,KT,NC,10,5
20260523SKHT02026,20260523,HT,SK,5,4
20260523BMBC1,20260523,,,0,0
20260523SSLT02026,20260523,LT,SS,7,5
20260523OBHH02026,20260523,HH,OB,5,2
20260520CHITCHIT1,20260524,,,0,0
20260524BMBC1,20260524,,,0,0
20260524NCKT02026,20260524,KT,NC,5,8
20260524OBHH02026,20260524,HH,OB,5,2
20260524SKHT02026,20260524,HT,SK,3,2
20260524SSLT02026,20260524,LT,SS,0,10
20260524WOLG02026,20260524,LG,WO,6,4
20260525SCBASEBALL1,20260525,,,0,0
20260525KBO1,20260525,,,0,0
20260526KBO1,20260526,,,0,0
20260526SC1,20260526,,,0,0
20260526CHITCHIT1,20260526,,,0,0
20260526BMBC1,20260526,,,0,0
20260526HTWO02026,20260526,WO,HT,2,5
20260526KTOB02026,20260526,OB,KT,0,6
20260526LGLT02026,20260526,LT,LG,1,2
20260527KBO1,20260527,,,0,0
20260527CHITCHIT1,20260527,,,0,0
20260527BMBC1,20260527,,,0,0
20260527HHNC02026,20260527,NC,HH,6,4
20260527HTWO02026,20260527,WO,HT,2,9
20260527LGLT02026,20260527,LT,LG,6,8
20260527KTOB02026,20260527,OB,KT,5,0
20260527SSSK02026,20260527,SK,SS,1,4
20260528KBO1,20260528,,,0,0
20260528CHITCHIT1,20260528,,,0,0
20260528BMBC1,20260528,,,0,0
20260528HHNC02026,20260528,NC,HH,7,18
20260528KTOB02026,20260528,OB,KT,3,11
20260528HTWO02026,20260528,WO,HT,0,5
20260528LGLT02026,20260528,LT,LG,8,5
20260528SPORTSN1,20260528,,,0,0
20260528SSSK02026,20260528,SK,SS,1,10
20260529VR1,20260529,,,0,0
20260529CHITCHIT1,20260529,,,0,0
20260529HTLG02026,20260529,LG,HT,12,2
20260529BMBC1,20260529,,,0,0
20260529LTNC02026,20260529,NC,LT,2,6
20260529KTWO02026,20260529,WO,KT,1,7
20260529OBSS02026,20260529,SS,OB,7,9
20260529SKHH02026,20260529,HH,SK,4,3
20260530OBSS02026,20260530,SS,OB,7,8
20260530KTWO02026,20260530,WO,KT,7,8
20260530CHITCHIT1,20260530,,,0,0
20260530HTLG02026,20260530,LG,HT,3,1
20260529KBO1,20260529,,,0,0
20260530LTNC02026,20260530,NC,LT,6,2
20260530BMBC1,20260530,,,0,0
20260530SKHH02026,20260530,HH,SK,13,10
20260531GP1,20260531,,,0,0
20260531CHITCHIT1,20260531,,,0,0
20260531BMBC1,20260531,,,0,0
20260531HTLG02026,20260531,LG,HT,5,3
20260531KTWO02026,20260531,WO,KT,1,5
20260531LTNC02026,20260531,NC,LT,8,2
20260531SKHH02026,20260531,HH,SK,6,2
20260531OBSS02026,20260531,SS,OB,9,4
20260601SPORTSN1,20260601,,,0,0
20260601KBO1,20260601,,,0,0
20260602KBO1,20260602,,,0,0
20260602SC1,20260602,,,0,0
20260602CHITCHIT1,20260602,,,0,0
20260602BMBC1,20260602,,,0,0
20260602HHOB02026,20260602,OB,HH,5,3
20260602LGKT02026,20260602,KT,LG,1,10
20260602WOSK02026,20260602,SK,WO,6,12
20260602LTHT02026,20260602,HT,LT,5,4
20260602NCSS02026,20260602,SS,NC,8,7
20260603CHITCHIT1,20260603,,,0,0
20260603KBO1,20260603,,,0,0
20260603LTHT02026,20260603,HT,LT,3,8
20260603HHOB02026,20260603,OB,HH,3,3
20260603BMBC1,20260603,,,0,0
20260603LGKT02026,20260603,KT,LG,7,6
20260603NCSS02026,20260603,SS,NC,4,6
20260604KBO1,20260604,,,0,0
20260604CHITCHIT1,20260604,,,0,0
20260604BMBC1,20260604,,,0,0
20260604LGKT02026,20260604,KT,LG,5,7
20260604HHOB02026,20260604,OB,HH,3,1
20260604LTHT02026,20260604,HT,LT,10,0
20260604SPORTSN1,20260604,,,0,0
20260604WOSK02026,20260604,SK,WO,7,6
20260604NCSS02026,20260604,SS,NC,3,6
20260605KUSF1,20260605,,,0,0
20260605KUSF2,20260605,,,0,0
20260605VR1,20260605,,,0,0
20260605KBO1,20260605,,,0,0
20260605CHITCHIT1,20260605,,,0,0
20260605BMBC1,20260605,,,0,0
20260605HHLT02026,20260605,LT,HH,2,9
20260605KTSK02026,20260605,SK,KT,6,5
20260605SSHT02026,20260605,HT,SS,5,2
20260605LGNC02026,20260605,NC,LG,4,5
20260605WOOB02026,20260605,OB,WO,4,3
20260606KTSK02026,20260606,SK,KT,3,7
20260606BMBC1,20260606,,,0,0
20260606CHITCHIT1,20260606,,,0,0
20260606HHLT02026,20260606,LT,HH,2,7
20260606LGNC02026,20260606,NC,LG,8,5
20260606SSHT02026,20260606,HT,SS,2,3
20260607CHITCHIT1,20260607,,,0,0
20260606WOOB02026,20260606,OB,WO,9,1
20260607BMBC1,20260607,,,0,0
20260607HHLT02026,20260607,LT,HH,8,9
20260607KTSK02026,20260607,SK,KT,7,0
20260603WOSK02026,20260603,SK,WO,5,4
20260607SSHT02026,20260607,HT,SS,7,6
20260607LGNC02026,20260607,NC,LG,7,6
20260607WOOB02026,20260607,OB,WO,1,4
20260608KBO1,20260608,,,0,0
20260608SCBASEBALL1,20260608,,,0,0
20260608SPORTSN1,20260608,,,0,0
20260609SC1,20260609,,,0,0
20260609KBO1,20260609,,,0,0
20260609CHITCHIT1,20260609,,,0,0
20260609BMBC1,20260609,,,0,0
20260609HTHH02026,20260609,HH,HT,4,6
20260609NCWO02026,20260609,WO,NC,7,6
20260609OBLT02026,20260609,LT,OB,5,6
20260609SKLG02026,20260609,LG,SK,8,2
20260609SSKT02026,20260609,KT,SS,5,2
20260610KBO1,20260610,,,0,0
20260610CHITCHIT1,20260610,,,0,0
20260610NCWO02026,20260610,WO,NC,2,4
20260610HTHH02026,20260610,HH,HT,4,3
20260610BMBC1,20260610,,,0,0
20260610OBLT02026,20260610,LT,OB,3,1
20260610SKLG02026,20260610,LG,SK,8,6
20260610SSKT02026,20260610,KT,SS,4,3
20260611KBO1,20260611,,,0,0
20260611BMBC1,20260611,,,0,0
20260611CHITCHIT1,20260611,,,0,0
20260611HTHH02026,20260611,HH,HT,5,1
20260611NCWO02026,20260611,WO,NC,2,3
20260611OBLT02026,20260611,LT,OB,7,12
20260611SKLG02026,20260611,LG,SK,15,1
20260611SSKT02026,20260611,KT,SS,1,8
20260612VR1,20260612,,,0,0
20260612KBO1,20260612,,,0,0
20260611SPORTSN1,20260611,,,0,0
20260612CHITCHIT1,20260612,,,0,0
20260612BMBC1,20260612,,,0,0
20260612HHWO02026,20260612,WO,HH,4,3
20260612NCKT02026,20260612,KT,NC,3,2
20260612LTLG02026,20260612,LG,LT,5,16
20260612OBHT02026,20260612,HT,OB,2,4
20260612SKSS02026,20260612,SS,SK,3,5
20260613BMBC1,20260613,,,0,0
20260613HHWO02026,20260613,WO,HH,3,1
20260613LTLG02026,20260613,LG,LT,5,3
20260613NCKT02026,20260613,KT,NC,11,9
20260613OBHT02026,20260613,HT,OB,2,1
20260613SKSS02026,20260613,SS,SK,7,6
20260614HHWO02026,20260614,WO,HH,3,2
20260614LTLG02026,20260614,LG,LT,6,1
20260614BMBC1,20260614,,,0,0
20260614OBHT02026,20260614,HT,OB,1,8
20260615SCBASEBALL1,20260615,,,0,0
20260614SKSS02026,20260614,SS,SK,10,8
20260615KBO1,20260615,,,0,0
20260616SC1,20260616,,,0,0
20260615SPORTSN1,20260615,,,0,0
20260616KBO1,20260616,,,0,0
20260616CHITCHIT1,20260616,,,0,0
20260616BMBC1,20260616,,,0,0
20260616HHNC02026,20260616,NC,HH,6,5
20260616KTOB02026,20260616,OB,KT,2,6
20260616LGHT02026,20260616,HT,LG,2,8
20260616LTSK02026,20260616,SK,LT,6,10
20260616WOSS02026,20260616,SS,WO,4,1
20260617KBO1,20260617,,,0,0
20260617HHNC02026,20260617,NC,HH,5,4
20260617BMBC1,20260617,,,0,0
20260617LGHT02026,20260617,HT,LG,5,4
20260617KTOB02026,20260617,OB,KT,1,8
20260617LTSK02026,20260617,SK,LT,1,2
20260617WOSS02026,20260617,SS,WO,1,0
20260618KBO1,20260618,,,0,0
20260618HHNC02026,20260618,NC,HH,6,0
20260618BMBC1,20260618,,,0,0
20260618KTOB02026,20260618,OB,KT,2,1
20260618LGHT02026,20260618,HT,LG,4,2
20260618LTSK02026,20260618,SK,LT,2,2
20260618WOSS02026,20260618,SS,WO,4,3
20260619KBO2,20260619,,,0,0
20260619HTKT02026,20260619,KT,HT,3,11
20260619CHITCHIT1,20260619,,,0,0
20260619LTWO02026,20260619,WO,LT,1,2
20260619OBLG02026,20260619,LG,OB,3,2
20260619BMBC1,20260619,,,0,0
20260619SSHH02026,20260619,HH,SS,3,3
20260619SKNC02026,20260619,NC,SK,9,3
20260620CHITCHIT1,20260620,,,0,0
20260620BMBC1,20260620,,,0,0
20260620HTKT02026,20260620,KT,HT,10,9
20260620LTWO02026,20260620,WO,LT,1,7
20260620OBLG02026,20260620,LG,OB,4,2
20260620SKNC02026,20260620,NC,SK,5,12
20260620SSHH02026,20260620,HH,SS,10,4
20260621LTWO02026,20260621,WO,LT,3,6
20260621HTKT02026,20260621,KT,HT,5,11
20260621BMBC1,20260621,,,0,0
20260621CHITCHIT1,20260621,,,0,0
20260621OBLG02026,20260621,LG,OB,9,3
20260621SKNC02026,20260621,NC,SK,3,7
20260621SSHH02026,20260621,HH,SS,1,3
20260622KBO1,20260622,,,0,0
20260622SPORTSN1,20260622,,,0,0
20260623SC1,20260623,,,0,0
20260623KBO1,20260623,,,0,0
20260623BMBC1,20260623,,,0,0
20260623NCLT02026,20260623,LT,NC,3,2
20260623HTWO02026,20260623,WO,HT,3,7
20260623OBHH02026,20260623,HH,OB,3,2
20260623SKKT02026,20260623,KT,SK,13,2
20260624BMBC1,20260624,,,0,0
20260623SSLG02026,20260623,LG,SS,4,3
20260624NCLT02026,20260624,LT,NC,5,3
20260624HTWO02026,20260624,WO,HT,3,10
20260624KBO1,20260624,,,0,0
20260624OBHH02026,20260624,HH,OB,2,7
20260624SKKT02026,20260624,KT,SK,4,5
20260624SSLG02026,20260624,LG,SS,2,0
20260625BMBC1,20260625,,,0,0
20260625KBO1,20260625,,,0,0
20260625HTWO02026,20260625,WO,HT,4,9
20260625OBHH02026,20260625,HH,OB,3,5
20260625NCLT02026,20260625,LT,NC,2,8
20260625SKKT02026,20260625,KT,SK,12,7
20260625SSLG02026,20260625,LG,SS,6,13
20260626VR1,20260626,,,0,0
20260626BMBC1,20260626,,,0,0
20260626HHSK02026,20260626,SK,HH,2,9
20260626KBO2,20260626,,,0,0
20260626HTOB02026,20260626,OB,HT,3,2
20260626KTSS02026,20260626,SS,KT,9,1
20260626LGLT02026,20260626,LT,LG,3,2
20260626WONC02026,20260626,NC,WO,11,4
20260627BMBC1,20260627,,,0,0
20260627HHSK02026,20260627,SK,HH,1,8
20260627HTOB02026,20260627,OB,HT,8,1
20260627KTSS02026,20260627,SS,KT,4,3
20260627LGLT02026,20260627,LT,LG,7,8
20260628BMBC1,20260628,,,0,0
20260628HHSK02026,20260628,SK,HH,3,6
20260628WONC02026,20260628,NC,WO,9,2
20260628HTOB02026,20260628,OB,HT,1,12
20260628LGLT02026,20260628,LT,LG,11,9
20260628KTSS02026,20260628,SS,KT,7,4
20260629KBO1,20260629,,,0,0
20260629SCBASEBALL1,20260629,,,0,0
20260629SPORTSN1,20260629,,,0,0
20260627WONC02026,20260627,NC,WO,1,3
20260630SC1,20260630,,,0,0
20260630KBO1,20260630,,,0,0
20260630BMBC1,20260630,,,0,0
20260630LTOB02026,20260630,OB,LT,5,0
20260630LGWO02026,20260630,WO,LG,6,0
20260630SSNC02026,20260630,NC,SS,7,13
20260701BMBC1,20260701,,,0,0
20260630SKHT02026,20260630,HT,SK,10,3
20260701KBO1,20260701,,,0,0
20260701KTHH02026,20260701,HH,KT,4,7
20260701LGWO02026,20260701,WO,LG,4,10
20260701LTOB02026,20260701,OB,LT,2,5
20260701SKHT02026,20260701,HT,SK,6,6
20260701SSNC02026,20260701,NC,SS,10,5
20260702KBO1,20260702,,,0,0
20260702BMBC1,20260702,,,0,0
20260702CHITCHIT1,20260702,,,0,0
20260702KTHH02026,20260702,HH,KT,14,3
20260702LGWO02026,20260702,WO,LG,5,7
20260702LTOB02026,20260702,OB,LT,8,3
20260702SSNC02026,20260702,NC,SS,1,6
20260702SKHT02026,20260702,HT,SK,8,7
20260703VR1,20260703,,,0,0
20260703CHITCHIT1,20260703,,,0,0
20260703KBO1,20260703,,,0,0
20260703HHLG02026,20260703,LG,HH,1,8
20260703BMBC1,20260703,,,0,0
20260703LTKT02026,20260703,KT,LT,0,4
20260703NCHT02026,20260703,HT,NC,3,11
20260703OBWO02026,20260703,WO,OB,6,5
20260703SSSK02026,20260703,SK,SS,4,6
20260704CHITCHIT1,20260704,,,0,0
20260704BMBC1,20260704,,,0,0
20260704LTKT02026,20260704,KT,LT,1,4
20260704HHLG02026,20260704,LG,HH,5,3
20260704NCHT02026,20260704,HT,NC,4,5
20260705OBWO02026,20260705,WO,OB,1,8
20260704SSSK02026,20260704,SK,SS,7,13
20260704OBWO02026,20260704,WO,OB,5,8
20260705CHITCHIT1,20260705,,,0,0
20260705BMBC1,20260705,,,0,0
20260705SSSK02026,20260705,SK,SS,3,13
20260705LTKT02026,20260705,KT,LT,4,2
20260706KBO1,20260706,,,0,0
20260706SCBASEBALL1,20260706,,,0,0
20260706SPORTSN1,20260706,,,0,0
20260707SC1,20260707,,,0,0
20260707KBO1,20260707,,,0,0
20260707CHITCHIT1,20260707,,,0,0
20260707BMBC1,20260707,,,0,0
20260707HTLT02026,20260707,LT,HT,10,2
20260707LGSS02026,20260707,SS,LG,9,2
20260707NCHH02026,20260707,HH,NC,6,9
20260707SKOB02026,20260707,OB,SK,2,4
20260707WOKT02026,20260707,KT,WO,3,0
20260708KBO1,20260708,,,0,0
20260708CHITCHIT1,20260708,,,0,0
20260708BMBC1,20260708,,,0,0
20260708HTLT02026,20260708,LT,HT,11,3
20260708LGSS02026,20260708,SS,LG,2,8
20260708SKOB02026,20260708,OB,SK,7,3
20260708WOKT02026,20260708,KT,WO,7,3
20260709CHITCHIT1,20260709,,,0,0
20260709BMBC1,20260709,,,0,0
20260709KBO1,20260709,,,0,0
20260709HTLT02026,20260709,LT,HT,2,5
20260709LGSS02026,20260709,SS,LG,6,5
20260709SKOB02026,20260709,OB,SK,7,0
20260709NCHH02026,20260709,HH,NC,6,4
20260709SPORTSN1,20260709,,,0,0
99990711WEEA02026,20260711,EA,WE,2,10
20260713SPORTSN1,20260713,,,0,0
20260714SC1,20260714,,,0,0
20260715KUSF4,20260715,,,0,0
20260713SCBASEBALL1,20260714,,,0,0
20260716HTSK02026,20260716,SK,HT,6,0
20260716LTSS02026,20260716,SS,LT,4,1
20260716KTLG02026,20260716,LG,KT,3,4
20260716OBNC02026,20260716,NC,OB,4,2
20260716WOHH02026,20260716,HH,WO,5,14
20260717KUSF1,20260717,,,0,0
20260715NC1,20260715,,,0,0
20260716KUSF3,20260716,,,0,0
20260716BMBC1,20260716,,,0,0
20260717HTSK02026,20260717,SK,HT,3,6
20260716KBO1,20260716,,,0,0
20260717KTLG02026,20260717,LG,KT,1,6
20260716SPORTSN1,20260716,,,0,0
20260717VR1,20260717,,,0,0
20260717KBO1,20260717,,,0,0
20260717OBNC02026,20260717,NC,OB,2,4
20260717WOHH02026,20260717,HH,WO,6,7
20260718HTSK02026,20260718,SK,HT,2,12
20260718KTLG02026,20260718,LG,KT,2,8
20260718LTSS02026,20260718,SS,LT,5,0
20260718WOHH02026,20260718,HH,WO,2,4
20260718OBNC02026,20260718,NC,OB,9,12
20260718BMBC1,20260718,,,0,0
20260719KTLG02026,20260719,LG,KT,1,4
20260719LTSS02026,20260719,SS,LT,8,11
20260719OBNC02026,20260719,NC,OB,3,10
20260719HTSK02026,20260719,SK,HT,5,9
20260719BMBC1,20260719,,,0,0
20260719WOHH02026,20260719,HH,WO,9,9
