gameDate,gameId,homeTeam,awayTeam,stadium
20210301,20210301KBO01,,,부산
20210301,20210301KBO02,,,
20210302,20210302KBOPG1,,,창원
20210303,20210303KBOPG1,,,창원
20210305,20210305KBOPG1,,,대전
20210305,20210305KBOPG2,,,
20210306,20210306KBOPG1,,,
20210306,20210306KBOPG2,,,
20210307,20210307KBOPG1,,,
20210307,20210307KBOPG2,,,
20210309,20210309KBOPG1,,,
20210310,20210310KBOPG1,,,
20210311,20210311KBOPG1,,,
20210311,20210311KBOPG2,,,
20210313,20210313KBOPG1,,,
20210313,20210313KBOPG2,,,
20210313,20210313KBOPG3,,,
20210313,20210313HB1,,,부산 기장 야구장
20210314,20210314HB1,,,부산 기장 야구장
20210314,20210314KBOPG1,,,
20210314,20210314KBOPG2,,,
20210314,20210314KBOPG3,,,
20210316,20210316KBOPG1,,,
20210316,20210316KBOPG2,,,
20210317,20210317KBOPG3,,,
20210317,20210317KBOPG1,,,
20210317,20210317KBOPG2,,,
20210318,20210318KBOPG1,,,
20210321,20210321HTSS02021,SS,HT,대구
20210321,20210321KTOB02021,OB,KT,잠실
20210321,20210321LGHH02021,HH,LG,대전
20210321,20210321SKNC02021,NC,SK,창원
20210321,20210321WOLT02021,LT,WO,사직
20210322,20210322HHOB02021,OB,HH,잠실
20210322,20210322HTNC02021,NC,HT,창원
20210322,20210322LGKT02021,KT,LG,수원
20210322,20210322SKLT02021,LT,SK,사직
20210322,20210322WOSS02021,SS,WO,대구
20210323,20210323HHOB02021,OB,HH,잠실
20210323,20210323HTNC02021,NC,HT,창원
20210323,20210323LGKT02021,KT,LG,수원
20210323,20210323SKLT02021,LT,SK,사직
20210323,20210323WOSS02021,SS,WO,대구
20210325,20210325HHKT02021,KT,HH,수원
20210325,20210325LGOB02021,OB,LG,잠실
20210325,20210325LTHT02021,HT,LT,광주
20210325,20210325SSSK02021,SK,SS,문학
20210325,20210325WONC02021,NC,WO,창원
20210326,20210326HHKT02021,KT,HH,수원
20210326,20210326LTHT02021,HT,LT,광주
20210326,20210326OBLG02021,LG,OB,잠실
20210326,20210326SSSK02021,SK,SS,문학
20210326,20210326WONC02021,NC,WO,창원
20210328,20210328LTHH02021,HH,LT,대전
20210328,20210328NCKT02021,KT,NC,수원
20210328,20210328SSLG02021,LG,SS,잠실
20210328,20210328WOHT02021,HT,WO,광주
20210329,20210329SKLG02021,LG,SK,잠실
20210330,20210330SKLG02021,LG,SK,잠실
20210330,20210330KTHT02021,HT,KT,광주
20210330,20210330OBSS02021,SS,OB,대구
20210330,20210330WOHH02021,HH,WO,대전
20210330,20210330NCLT02021,LT,NC,사직
20210330,20210330SSG01,,,웨스틴 조선호텔 그랜드볼룸
20210402,20210402KBO03,,,
20210403,20210403SSWO02021,WO,SS,고척
20210404,20210404KBORDS1,,,
20210404,20210404HHKT02021,KT,HH,수원
20210404,20210404HTOB02021,OB,HT,잠실
20210404,20210404LGNC02021,NC,LG,창원
20210404,20210404LTSK02021,SK,LT,문학
20210404,20210404SSWO02021,WO,SS,고척
20210406,20210406SSGLG1,,,이천 LG 챔피언스 파크
20210406,20210406KBORDS1,,,
20210406,20210406HHSK02021,SK,HH,문학
20210406,20210406HTWO02021,WO,HT,고척
20210406,20210406LGKT02021,KT,LG,수원
20210406,20210406LTNC02021,NC,LT,창원
20210406,20210406SSOB02021,OB,SS,잠실
20210407,20210407SSGLG1,,,이천 LG 챔피언스 파크
20210407,20210407KBORDS1,,,
20210407,20210407HHSK02021,SK,HH,문학
20210407,20210407HTWO02021,WO,HT,고척
20210407,20210407LGKT02021,KT,LG,수원
20210407,20210407LTNC02021,NC,LT,창원
20210407,20210407SSOB02021,OB,SS,잠실
20210408,20210408SSGLG1,,,이천 LG 챔피언스 파크
20210408,20210408KBORDS1,,,
20210408,20210408HHSK02021,SK,HH,문학
20210408,20210408HTWO02021,WO,HT,고척
20210408,20210408LGKT02021,KT,LG,수원
20210408,20210408LTNC02021,NC,LT,창원
20210408,20210408SSOB02021,OB,SS,잠실
20210409,20210409KTSS02021,SS,KT,대구
20210409,20210409NCHT02021,HT,NC,광주
20210409,20210409OBHH02021,HH,OB,대전
20210409,20210409SKLG02021,LG,SK,잠실
20210409,20210409WOLT02021,LT,WO,사직
20210410,20210410KTSS02021,SS,KT,대구
20210410,20210410SKLG02021,LG,SK,잠실
20210410,20210410NCHT02021,HT,NC,광주
20210410,20210410OBHH02021,HH,OB,대전
20210410,20210410WOLT02021,LT,WO,사직
20210411,20210411KTSS02021,SS,KT,대구
20210411,20210411NCHT02021,HT,NC,광주
20210411,20210411OBHH02021,HH,OB,대전
20210411,20210411SKLG02021,LG,SK,잠실
20210411,20210411WOLT02021,LT,WO,사직
20210413,20210413GYKT1,,,익산
20210413,20210413KBORDS1,,,
20210413,20210413HHSS02021,SS,HH,대구
20210413,20210413KTOB02021,OB,KT,잠실
20210413,20210413LGWO02021,WO,LG,고척
20210413,20210413LTHT02021,HT,LT,광주
20210413,20210413NCSK02021,SK,NC,문학
20210414,20210414GYKT1,,,익산
20210414,20210414KBORDS1,,,
20210414,20210414HHSS02021,SS,HH,대구
20210414,20210414KTOB02021,OB,KT,잠실
20210414,20210414LGWO02021,WO,LG,고척
20210414,20210414LTHT02021,HT,LT,광주
20210414,20210414NCSK02021,SK,NC,문학
20210415,20210415GYKT1,,,익산
20210415,20210415KBORDS1,,,
20210415,20210415HHSS02021,SS,HH,대구
20210415,20210415KTOB02021,OB,KT,잠실
20210415,20210415LGWO02021,WO,LG,고척
20210415,20210415LTHT02021,HT,LT,광주
20210415,20210415NCSK02021,SK,NC,문학
20210416,20210416KUSFBB1,,,목동야구장
20210416,20210416KUSFBB2,,,목동야구장
20210416,20210416KBORDS1,,,
20210416,20210416HTSK02021,SK,HT,문학
20210416,20210416OBLG02021,LG,OB,잠실
20210416,20210416SSLT02021,LT,SS,사직
20210416,20210416WOKT02021,KT,WO,수원
20210416,20210416HHNC02021,NC,HH,창원
20210417,20210417KBORDS1,,,
20210417,20210417HTSK02021,SK,HT,문학
20210417,20210417HHNC02021,NC,HH,창원
20210417,20210417OBLG02021,LG,OB,잠실
20210417,20210417SSLT02021,LT,SS,사직
20210417,20210417WOKT02021,KT,WO,수원
20210418,20210418KBORDS1,,,
20210418,20210418HHNC02021,NC,HH,창원
20210418,20210418HTSK02021,SK,HT,문학
20210418,20210418OBLG02021,LG,OB,잠실
20210418,20210418SSLT02021,LT,SS,사직
20210418,20210418WOKT02021,KT,WO,수원
20210420,20210420FUTURE1,,,두산베어스파크(이천)
20210420,20210420HTLG02021,LG,HT,잠실
20210420,20210420KTNC02021,NC,KT,창원
20210420,20210420OBLT02021,LT,OB,사직
20210420,20210420SKSS02021,SS,SK,대구
20210420,20210420WOHH02021,HH,WO,대전
20210421,20210421FUTURE1,,,두산베어스파크(이천)
20210421,20210421HTLG02021,LG,HT,잠실
20210421,20210421KTNC02021,NC,KT,창원
20210421,20210421OBLT02021,LT,OB,사직
20210421,20210421SKSS02021,SS,SK,대구
20210421,20210421WOHH02021,HH,WO,대전
20210422,20210422UBASEBALL1,,,군산 월명야구장
20210422,20210422HTLG02021,LG,HT,잠실
20210422,20210422KTNC02021,NC,KT,창원
20210422,20210422OBLT02021,LT,OB,사직
20210422,20210422SKSS02021,SS,SK,대구
20210422,20210422WOHH02021,HH,WO,대전
20210423,20210423LGHH02021,HH,LG,대전
20210423,20210423LTKT02021,KT,LT,수원
20210423,20210423NCOB02021,OB,NC,잠실
20210423,20210423SKWO02021,WO,SK,고척
20210423,20210423SSHT02021,HT,SS,광주
20210424,20210424LGHH02021,HH,LG,대전
20210424,20210424SKWO02021,WO,SK,고척
20210424,20210424LTKT02021,KT,LT,수원
20210424,20210424NCOB02021,OB,NC,잠실
20210424,20210424SSHT02021,HT,SS,광주
20210425,20210425LGHH02021,HH,LG,대전
20210425,20210425LTKT02021,KT,LT,수원
20210425,20210425NCOB02021,OB,NC,잠실
20210425,20210425SKWO02021,WO,SK,고척
20210425,20210425SSHT02021,HT,SS,광주
20210426,20210426SBO1,,,
20210426,20210426SBO2,,,
20210427,20210427HHKIA1,,,함평
20210427,20210427RDS1,,,
20210427,20210427HHHT02021,HT,HH,광주
20210427,20210427KTSK02021,SK,KT,문학
20210427,20210427LTLG02021,LG,LT,잠실
20210427,20210427NCSS02021,SS,NC,대구
20210427,20210427OBWO02021,WO,OB,고척
20210428,20210428HHKIA1,,,함평
20210428,20210428RDS1,,,
20210428,20210428HHHT02021,HT,HH,광주
20210428,20210428KTSK02021,SK,KT,문학
20210428,20210428LTLG02021,LG,LT,잠실
20210428,20210428NCSS02021,SS,NC,대구
20210428,20210428OBWO02021,WO,OB,고척
20210429,20210429HHKIA1,,,함평
20210429,20210429UBASEBALL1,,,군산 월명야구장
20210429,20210429RDS1,,,
20210429,20210429HHHT02021,HT,HH,광주
20210429,20210429KTSK02021,SK,KT,문학
20210429,20210429LTLG02021,LG,LT,잠실
20210429,20210429NCSS02021,SS,NC,대구
20210429,20210429OBWO02021,WO,OB,고척
20210430,20210430UBASEBALL1,,,기장 현대드림볼파크
20210430,20210430UBASEBALL2,,,기장 현대드림볼파크
20210430,20210430HHLT02021,LT,HH,사직
20210430,20210430HTKT02021,KT,HT,수원
20210430,20210430LGSS02021,SS,LG,대구
20210430,20210430SKOB02021,OB,SK,잠실
20210430,20210430WONC02021,NC,WO,창원
20210501,20210501HHLT02021,LT,HH,사직
20210501,20210501HTKT02021,KT,HT,수원
20210501,20210501LGSS02021,SS,LG,대구
20210501,20210501SKOB02021,OB,SK,잠실
20210501,20210501WONC02021,NC,WO,창원
20210502,20210502HHLT02021,LT,HH,사직
20210502,20210502HTKT02021,KT,HT,수원
20210502,20210502LGSS02021,SS,LG,대구
20210502,20210502SKOB02021,OB,SK,잠실
20210502,20210502WONC02021,NC,WO,창원
20210503,20210503KBASEETC1,,,장항야구장
20210503,20210503KBASEETC2,,,장항야구장
20210505,20210505HTLT02021,LT,HT,사직
20210505,20210505KTWO02021,WO,KT,고척
20210505,20210505LGOB02021,OB,LG,잠실
20210505,20210505SKNC02021,NC,SK,창원
20210505,20210505SSHH02021,HH,SS,대전
20210506,20210506HTLT02021,LT,HT,사직
20210506,20210506KTWO02021,WO,KT,고척
20210506,20210506LGOB02021,OB,LG,잠실
20210506,20210506SKNC02021,NC,SK,창원
20210506,20210506SSHH02021,HH,SS,대전
20210507,20210507SMGY1,,,고양
20210507,20210507LTSS02021,SS,LT,대구
20210508,20210508RDS1,,,
20210508,20210508HHLG02021,LG,HH,잠실
20210508,20210508LTSS02021,SS,LT,대구
20210508,20210508NCKT02021,KT,NC,수원
20210508,20210508OBHT02021,HT,OB,광주
20210508,20210508WOSK02021,SK,WO,문학
20210509,20210509SMGY1,,,고양	
20210509,20210509RDS1,,,
20210509,20210509HHLG12021,LG,HH,잠실
20210509,20210509LTSS02021,SS,LT,대구
20210509,20210509NCKT12021,KT,NC,수원
20210509,20210509OBHT12021,HT,OB,광주
20210509,20210509WOSK12021,SK,WO,문학
20210509,20210509WOSK22021,SK,WO,문학
20210509,20210509HHLG22021,LG,HH,잠실
20210509,20210509OBHT22021,HT,OB,광주
20210509,20210509NCKT22021,KT,NC,수원
20210510,20210510BASEETC1,,,장항야구장
20210510,20210510BASEETC2,,,장항야구장
20210511,20210511NCSSG1,,,강화
20210511,20210511LGHT02021,HT,LG,광주
20210511,20210511NCHH02021,HH,NC,대전
20210511,20210511SKLT02021,LT,SK,사직
20210511,20210511SSKT02021,KT,SS,수원
20210511,20210511WOOB02021,OB,WO,잠실
20210512,20210512NCSSG1,,,강화
20210512,20210512LGHT02021,HT,LG,광주
20210512,20210512NCHH02021,HH,NC,대전
20210512,20210512SKLT02021,LT,SK,사직
20210512,20210512SSKT02021,KT,SS,수원
20210512,20210512WOOB02021,OB,WO,잠실
20210513,20210513NCSSG1,,,강화
20210513,20210513LGHT02021,HT,LG,광주
20210513,20210513NCHH02021,HH,NC,대전
20210513,20210513SKLT02021,LT,SK,사직
20210513,20210513SSKT02021,KT,SS,수원
20210513,20210513WOOB02021,OB,WO,잠실
20210514,20210514RDS1,,,
20210514,20210514HHWO02021,WO,HH,고척
20210514,20210514KTLT02021,LT,KT,사직
20210514,20210514OBSK02021,SK,OB,문학
20210514,20210514SSLG02021,LG,SS,잠실
20210514,20210514HTNC02021,NC,HT,창원
20210515,20210515HHWO02021,WO,HH,고척
20210515,20210515HTNC02021,NC,HT,창원
20210515,20210515RDS1,,,
20210515,20210515KTLT02021,LT,KT,사직
20210515,20210515SSLG02021,LG,SS,잠실
20210516,20210516HHWO02021,WO,HH,고척
20210517,20210517SBO1,,,장항야구장
20210517,20210516RDS1,,,
20210517,20210517OBSK02021,SK,OB,문학
20210517,20210517SSLG02021,LG,SS,잠실
20210517,20210517SBO2,,,장항야구장
20210518,20210518KIALG1,,,이천(LG)
20210518,20210518LTHH02021,HH,LT,대전
20210518,20210518NCLG02021,LG,NC,잠실
20210518,20210518OBKT02021,KT,OB,수원
20210518,20210518SKHT02021,HT,SK,광주
20210518,20210518WOSS02021,SS,WO,대구
20210519,20210519KIALG1,,,이천(LG)
20210519,20210519LTHH02021,HH,LT,대전
20210519,20210519NCLG02021,LG,NC,잠실
20210519,20210519OBKT02021,KT,OB,수원
20210519,20210519SKHT02021,HT,SK,광주
20210519,20210519WOSS02021,SS,WO,대구
20210520,20210520CADK,,,보은 스포츠파크 야구장
20210520,20210520NCLG02021,LG,NC,잠실
20210521,20210521RDS1,,,
20210521,20210521HTSS02021,SS,HT,대구
20210521,20210521KTHH02021,HH,KT,대전
20210521,20210521LGSK02021,SK,LG,문학
20210521,20210521LTOB02021,OB,LT,잠실
20210521,20210521NCWO02021,WO,NC,고척
20210522,20210522SSG1,,,
20210522,20210522HTSS02021,SS,HT,대구
20210522,20210522KTHH02021,HH,KT,대전
20210522,20210522LGSK02021,SK,LG,문학
20210522,20210522LTOB02021,OB,LT,잠실
20210522,20210522NCWO02021,WO,NC,고척
20210523,20210523RDS1,,,
20210523,20210523HTSS02021,SS,HT,대구
20210523,20210523KTHH02021,HH,KT,대전
20210523,20210523LGSK02021,SK,LG,문학
20210523,20210523LTOB02021,OB,LT,잠실
20210523,20210523NCWO02021,WO,NC,고척
20210524,20210524SBO1,,,장항야구장
20210524,20210524SBO2,,,장항야구장
20210526,20210526HHOB02021,OB,HH,잠실
20210526,20210526LGLT02021,LT,LG,사직
20210526,20210526SKKT02021,KT,SK,수원
20210526,20210526SSNC02021,NC,SS,창원
20210526,20210526WOHT02021,HT,WO,광주
20210527,20210527SKKH,,,
20210527,20210422KUSF1,,,횡성
20210527,20210527HHOB02021,OB,HH,잠실
20210527,20210527LGLT02021,LT,LG,사직
20210527,20210527SKKT02021,KT,SK,수원
20210527,20210527SSNC02021,NC,SS,창원
20210527,20210527WOHT02021,HT,WO,광주
20210528,20210528KTHT02021,HT,KT,광주
20210528,20210528OBSS02021,SS,OB,대구
20210528,20210528SKHH02021,HH,SK,대전
20210528,20210528WOLG02021,LG,WO,잠실
20210529,20210529SMGY1,,,서산야구장
20210529,20210529NCLT12021,LT,NC,사직
20210529,20210529KTHT02021,HT,KT,광주
20210529,20210529OBSS02021,SS,OB,대구
20210529,20210529SKHH02021,HH,SK,대전
20210529,20210529WOLG02021,LG,WO,잠실
20210529,20210529NCLT22021,LT,NC,사직
20210530,20210530SMGY1,,,서산 야구장
20210530,20210530KTHT02021,HT,KT,광주
20210530,20210530NCLT02021,LT,NC,사직
20210530,20210530OBSS02021,SS,OB,대구
20210530,20210530SKHH02021,HH,SK,대전
20210530,20210530WOLG02021,LG,WO,잠실
20210601,20210601RDS1,,,
20210601,20210601HTHH02021,HH,HT,대전
20210601,20210601KTLG02021,LG,KT,잠실
20210601,20210601LTWO02021,WO,LT,고척
20210601,20210601OBNC02021,NC,OB,창원
20210601,20210601SSSK02021,SK,SS,문학
20210602,20210602KBASEETC1,,,베어스 파크
20210602,20210602RDS1,,,
20210602,20210602HTHH02021,HH,HT,대전
20210602,20210602KTLG02021,LG,KT,잠실
20210602,20210602LTWO02021,WO,LT,고척
20210602,20210602OBNC02021,NC,OB,창원
20210602,20210602SSSK02021,SK,SS,문학
20210603,20210603KBASEETC1,,,베어스 파크
20210603,20210603LTWO02021,WO,LT,고척
20210604,20210604LGHT02021,HT,LG,광주
20210604,20210604LTKT02021,KT,LT,수원
20210604,20210604SKOB02021,OB,SK,잠실
20210604,20210604SSWO02021,WO,SS,고척
20210604,20210604HHNC02021,NC,HH,창원
20210605,20210605HHNC02021,NC,HH,창원
20210605,20210605LGHT02021,HT,LG,광주
20210605,20210605LTKT02021,KT,LT,수원
20210605,20210605SKOB02021,OB,SK,잠실
20210605,20210605SSWO02021,WO,SS,고척
20210606,20210606HHNC02021,NC,HH,창원
20210606,20210606LGHT02021,HT,LG,광주
20210606,20210606LTKT02021,KT,LT,수원
20210606,20210606SKOB02021,OB,SK,잠실
20210606,20210606SSWO02021,WO,SS,고척
20210608,20210608RDS1,,,
20210608,20210608HTSS02021,SS,HT,대구
20210608,20210608KTSK02021,SK,KT,문학
20210608,20210608NCLG02021,LG,NC,잠실
20210608,20210608OBLT02021,LT,OB,사직
20210608,20210608WOHH02021,HH,WO,대전
20210609,20210609RDS1,,,
20210609,20210609HTSS02021,SS,HT,대구
20210609,20210609KTSK02021,SK,KT,문학
20210609,20210609NCLG02021,LG,NC,잠실
20210609,20210609OBLT02021,LT,OB,사직
20210609,20210609WOHH02021,HH,WO,대전
20210610,20210610RDS1,,,
20210610,20210610HTSS02021,SS,HT,대구
20210610,20210610NCLG02021,LG,NC,잠실
20210610,20210610OBLT02021,LT,OB,사직
20210610,20210610WOHH02021,HH,WO,대전
20210611,20210611RDS1,,,
20210611,20210611HHKT02021,KT,HH,수원
20210611,20210611NCSS02021,SS,NC,대구
20210611,20210611OBLG02021,LG,OB,잠실
20210611,20210611WOSK02021,SK,WO,문학
20210612,20210612RDS1,,,
20210612,20210612HHKT02021,KT,HH,수원
20210612,20210612NCSS02021,SS,NC,대구
20210612,20210612OBLG02021,LG,OB,잠실
20210612,20210612WOSK02021,SK,WO,문학
20210613,20210613HTLT12021,LT,HT,사직
20210613,20210613RDS2,,,
20210613,20210613HHKT02021,KT,HH,수원
20210613,20210613NCSS02021,SS,NC,대구
20210613,20210613OBLG02021,LG,OB,잠실
20210613,20210613WOSK02021,SK,WO,문학
20210613,20210613HTLT22021,LT,HT,사직
20210614,20210614SBO1,,,고양장항야구장
20210614,20210614SBO2,,,고양장항야구장
20210615,20210615LGWO02021,WO,LG,고척
20210615,20210615LTHH02021,HH,LT,대전
20210615,20210615SSOB02021,OB,SS,잠실
20210616,20210616LTHH12021,HH,LT,대전
20210616,20210616SKHT12021,HT,SK,광주
20210616,20210616KTNC02021,NC,KT,창원
20210616,20210616LGWO02021,WO,LG,고척
20210616,20210616SSOB02021,OB,SS,잠실
20210616,20210616SKHT22021,HT,SK,광주
20210616,20210616LTHH22021,HH,LT,대전
20210617,20210617UBASEBALL1,,,목동야구장
20210617,20210617UBASEBALL2,,,목동야구장
20210617,20210617UBASEBALL3,,,목동야구장
20210617,20210617KTNC02021,NC,KT,창원
20210617,20210617LGWO02021,WO,LG,고척
20210617,20210617LTHH02021,HH,LT,대전
20210617,20210617SKHT02021,HT,SK,광주
20210617,20210617SSOB02021,OB,SS,잠실
20210618,20210618UBASEBALL2,,,횡성베이스볼파크 B구장
20210618,20210617UBASEBALL4,,,목동야구장
20210618,20210618UBASEBALL1,,,목동야구장
20210618,20210618UBASEBALL3,,,횡성베이스볼파크 B구장
20210618,20210618FU1,,,이천
20210618,20210618UBASEBALL4,,,횡성베이스볼파크 B구장
20210618,20210618UBASEBALL6,,,목동야구장
20210618,20210618HTLG02021,LG,HT,잠실
20210618,20210618OBKT02021,KT,OB,수원
20210618,20210618SKHH02021,HH,SK,대전
20210618,20210618SSLT02021,LT,SS,사직
20210618,20210618WONC02021,NC,WO,창원
20210618,20210618UBASEBALL5,,,횡성베이스볼파크 B구장
20210618,20210618UBASEBALL7,,,목동야구장
20210619,20210619FU1,,,이천
20210619,20210619OBKT12021,KT,OB,수원
20210619,20210619HTLG02021,LG,HT,잠실
20210619,20210619SKHH02021,HH,SK,대전
20210619,20210619SSLT02021,LT,SS,사직
20210619,20210619WONC02021,NC,WO,창원
20210619,20210619OBKT22021,KT,OB,수원
20210619,20210619UBASEBALL1,,,목동야구장
20210620,20210620HTLG02021,LG,HT,잠실
20210620,20210620OBKT02021,KT,OB,수원
20210620,20210620SKHH02021,HH,SK,대전
20210620,20210620SSLT02021,LT,SS,사직
20210620,20210620WONC02021,NC,WO,창원
20210620,20210620UBASEBALL1,,,목동야구장
20210621,20210621UBASEBALL1,,,목동야구장
20210621,20210621UBASEBALL2,,,목동야구장
20210621,20210621SBO1,,,고양장항야구장
20210621,20210621UBASEBALL3,,,목동야구장
20210621,20210621SBO2,,,고양장항야구장
20210621,20210621UBASEBALL4,,,목동야구장
20210622,20210622UBASEBALL3,,,목동야구장
20210622,20210622UBASEBALL1,,,목동야구장
20210622,20210622UBASEBALL4,,,목동야구장
20210622,20210622RDS1,,,
20210622,20210622HHSS02021,SS,HH,대구
20210622,20210622HTKT02021,KT,HT,수원
20210622,20210622LGSK02021,SK,LG,문학
20210622,20210622NCLT02021,LT,NC,사직
20210622,20210622WOOB02021,OB,WO,잠실
20210623,20210623UBASEBALL1,,,목동야구장
20210623,20210623FU1,,,익산
20210623,20210622UBASEBALL2,,,목동야구장
20210623,20210623RDS1,,,
20210623,20210623HHSS02021,SS,HH,대구
20210623,20210623HTKT02021,KT,HT,수원
20210623,20210623LGSK02021,SK,LG,문학
20210623,20210623NCLT02021,LT,NC,사직
20210623,20210623WOOB02021,OB,WO,잠실
20210623,20210622UBASEBALL5,,,목동야구장
20210624,20210624UBASEBALL1,,,목동야구장
20210624,20210624FU1,,,익산
20210624,20210624UBASEBALL2,,,목동야구장
20210624,20210624RDS1,,,
20210624,20210624HHSS02021,SS,HH,대구
20210624,20210624HTKT02021,KT,HT,수원
20210624,20210624LGSK02021,SK,LG,문학
20210624,20210624NCLT02021,LT,NC,사직
20210624,20210624WOOB02021,OB,WO,잠실
20210625,20210625UBASEBALL1,,,목동야구장
20210625,20210625HTWO02021,WO,HT,고척
20210625,20210625KTHH02021,HH,KT,대전
20210625,20210625LTOB02021,OB,LT,잠실
20210625,20210625SKNC02021,NC,SK,창원
20210626,20210626LGSS12021,SS,LG,대구
20210626,20210626HTWO02021,WO,HT,고척
20210626,20210626KTHH02021,HH,KT,대전
20210626,20210626LTOB02021,OB,LT,잠실
20210626,20210626SKNC02021,NC,SK,창원
20210626,20210626LGSS22021,SS,LG,대구
20210627,20210627HTWO02021,WO,HT,고척
20210627,20210627KTHH02021,HH,KT,대전
20210627,20210627LGSS02021,SS,LG,대구
20210627,20210627SKNC02021,NC,SK,창원
20210629,20210629RDS1,,,
20210629,20210629LTWO02021,WO,LT,고척
20210629,20210629NCHT02021,HT,NC,광주
20210629,20210629SSSK02021,SK,SS,문학
20210630,20210630RDS1,,,
20210630,20210630SSSK12021,SK,SS,문학
20210630,20210630KTLG02021,LG,KT,잠실
20210630,20210630LTWO02021,WO,LT,고척
20210630,20210630OBHH02021,HH,OB,대전
20210630,20210630SSSK22021,SK,SS,문학
20210701,20210701RDS1,,,
20210701,20210701KTLG02021,LG,KT,잠실
20210701,20210701LTWO02021,WO,LT,고척
20210701,20210701NCHT02021,HT,NC,광주
20210701,20210701OBHH02021,HH,OB,대전
20210701,20210701SSSK02021,SK,SS,문학
20210702,20210702RDS1,,,
20210702,20210702HHLG02021,LG,HH,잠실
20210702,20210702LTSK02021,SK,LT,문학
20210702,20210702OBHT02021,HT,OB,광주
20210702,20210702WOKT02021,KT,WO,수원
20210702,20210702SSNC02021,NC,SS,창원
20210704,20210704RDS1,,,
20210704,20210704HHLG02021,LG,HH,잠실
20210704,20210704LTSK02021,SK,LT,문학
20210704,20210704OBHT02021,HT,OB,광주
20210704,20210704SSNC02021,NC,SS,창원
20210704,20210704WOKT02021,KT,WO,수원
20210705,20210705SBOBB1,,,고양장항야구장
20210705,20210705RDS1,,,
20210705,20210705HHLG02021,LG,HH,잠실
20210705,20210705LTSK02021,SK,LT,문학
20210705,20210705WOKT02021,KT,WO,수원
20210705,20210705SBOBB2,,,고양장항야구장
20210706,20210706NCLG1,,,이천(LG)
20210706,20210706NCOB02021,OB,NC,잠실
20210706,20210706SKWO02021,WO,SK,고척
20210707,20210707HTHH02021,HH,HT,대전
20210707,20210707NCOB02021,OB,NC,잠실
20210707,20210707SKWO02021,WO,SK,고척
20210708,20210708NCLG1,,,이천(LG)
20210708,20210708KTSS02021,SS,KT,대구
20210708,20210708SKWO02021,WO,SK,고척
20210709,20210709RDS1,,,
20210709,20210709HHSK02021,SK,HH,문학
20210709,20210709KTHT02021,HT,KT,광주
20210709,20210709LTSS02021,SS,LT,대구
20210710,20210710SSG1,,,
20210710,20210710HHSK02021,SK,HH,문학
20210710,20210710LTSS02021,SS,LT,대구
20210711,20210711SSG1,,,
20210711,20210711HHSK02021,SK,HH,문학
20210711,20210711KTHT02021,HT,KT,광주
20210711,20210711LTSS02021,SS,LT,대구
20210712,20210712DOCU1,,,
20210719,20210719fgro2,,,
20210723,20210723KBOPG1,,,고척스카이돔
20210724,20210724KBOPG1,,,고척스카이돔
20210725,20210725KBO1,,,고척 스카이돔
20210726,20210726BB1,,,
20210802,20210802OBS1,,,
20210803,20210803FUTURESSGDS1,,,잠실
20210804,KBOFUTURESSGDS1,,,잠실
20210805,20210805KBOFUTURESSGDS1,,,잠실
20210809,20210809OBS1,,,
20210810,20210810HHHT02021,HT,HH,광주
20210810,20210810KTWO02021,WO,KT,고척
20210810,20210810LTNC02021,NC,LT,창원
20210810,20210810SKLG02021,LG,SK,잠실
20210811,20210811FU1,,,서산
20210811,20210811HHHT02021,HT,HH,광주
20210811,20210811KTWO02021,WO,KT,고척
20210811,20210811LTNC02021,NC,LT,창원
20210811,20210811OBSS02021,SS,OB,대구
20210811,20210811SKLG02021,LG,SK,잠실
20210812,20210812HHBB8,,,
20210812,20210812HHBB802,,,
20210812,20210812FU1,,,서산
20210812,20210812KTWO02021,WO,KT,고척
20210812,20210812LTNC02021,NC,LT,창원
20210812,20210812OBSS02021,SS,OB,대구
20210813,20210813HHBB1,,,
20210813,20210813HHBB2,,,
20210813,20210813SSG1,,,
20210813,20210813HTSK02021,SK,HT,문학
20210813,20210813LTLG02021,LG,LT,잠실
20210813,20210813NCHH02021,HH,NC,대전
20210813,20210813OBWO02021,WO,OB,고척
20210813,20210813SSKT02021,KT,SS,수원
20210814,20210814SSG1,,,
20210814,20210814HTSK02021,SK,HT,문학
20210814,20210814LTLG02021,LG,LT,잠실
20210814,20210814NCHH02021,HH,NC,대전
20210814,20210814OBWO02021,WO,OB,고척
20210814,20210814SSKT02021,KT,SS,수원
20210815,20210815HHBB1,,,
20210815,20210815SSG1,,,
20210815,20210815HTSK02021,SK,HT,문학
20210815,20210815LTLG02021,LG,LT,잠실
20210815,20210815NCHH02021,HH,NC,대전
20210815,20210815OBWO02021,WO,OB,고척
20210815,20210815SSKT02021,KT,SS,수원
20210816,20210816OBS1,,,
20210817,20210817SSG1,,,
20210817,20210817LGKT02021,KT,LG,수원
20210817,20210817SSHH02021,HH,SS,대전
20210817,20210817WOLT02021,LT,WO,사직
20210818,20210818HSBB1,,,
20210818,20210818HSBB2,,,
20210818,20210818SSG1,,,
20210818,20210818FU1,,,춘천
20210818,20210818HTOB02021,OB,HT,잠실
20210818,20210818LGKT02021,KT,LG,수원
20210818,20210818NCSK02021,SK,NC,문학
20210818,20210818SSHH02021,HH,SS,대전
20210818,20210818WOLT02021,LT,WO,사직
20210819,20210819HSBB1,,,
20210819,20210819HSBB2,,,
20210819,20210819SSG1,,,
20210819,20210819FU1,,,춘천
20210819,20210819HTOB02021,OB,HT,잠실
20210819,20210819LGKT02021,KT,LG,수원
20210819,20210819NCSK02021,SK,NC,문학
20210819,20210819SSHH02021,HH,SS,대전
20210820,20210820HSBB1,,,
20210820,20210820HSBB2,,,
20210820,20210820HHOB02021,OB,HH,잠실
20210820,20210820KTLT02021,LT,KT,사직
20210820,20210820SKSS02021,SS,SK,대구
20210820,20210820WOHT02021,HT,WO,광주
20210820,20210820LGNC02021,NC,LG,창원
20210821,20210821HHOB02021,OB,HH,잠실
20210822,20210822HSBB1,,,
20210822,20210822HHOB02021,OB,HH,잠실
20210822,20210822KTLT02021,LT,KT,사직
20210822,20210822LGNC02021,NC,LG,창원
20210822,20210822SKSS02021,SS,SK,대구
20210822,20210822WOHT02021,HT,WO,광주
20210823,20210823KTLT02021,LT,KT,사직
20210823,20210823FBS1,,,
20210824,20210824HHOB02021,OB,HH,잠실
20210824,20210824SKSS02021,SS,SK,대구
20210824,20210824WOHT02021,HT,WO,광주
20210825,20210825HHWO02021,WO,HH,고척
20210825,20210825LTHT02021,HT,LT,광주
20210825,20210825SKKT02021,KT,SK,수원
20210825,20210825SSLG02021,LG,SS,잠실
20210826,20210826FLKBO1,,,이천
20210826,20210826OBNC12021,NC,OB,창원
20210826,20210826HHWO02021,WO,HH,고척
20210826,20210826LTHT02021,HT,LT,광주
20210826,20210826SKKT02021,KT,SK,수원
20210826,20210826SSLG02021,LG,SS,잠실
20210826,20210826OBNC22021,NC,OB,창원
20210827,20210827FUKBO1,,,이천
20210827,20210827HHWO02021,WO,HH,고척
20210827,20210827SKKT02021,KT,SK,수원
20210827,20210827SSLG02021,LG,SS,잠실
20210827,20210827OBNC02021,NC,OB,창원
20210828,20210828SSG1,,,
20210828,20210828HTSK02021,SK,HT,문학
20210828,20210828NCHH02021,HH,NC,대전
20210828,20210828OBLT02021,LT,OB,사직
20210828,20210828SSKT02021,KT,SS,수원
20210828,20210828WOLG02021,LG,WO,잠실
20210829,20210829SSG1,,,
20210829,20210829HTSK02021,SK,HT,문학
20210829,20210829NCHH02021,HH,NC,대전
20210829,20210829OBLT02021,LT,OB,사직
20210829,20210829SSKT02021,KT,SS,수원
20210829,20210829WOLG02021,LG,WO,잠실
20210830,20210830DBG1,,,
20210831,20210831KTHH02021,HH,KT,대전
20210831,20210831LGLT02021,LT,LG,사직
20210831,20210831WOSS02021,SS,WO,대구
20210901,20210901HIGHBB1,,,
20210901,20210901SSG1,,,
20210901,20210901HTOB12021,OB,HT,잠실
20210901,20210901NCSK12021,SK,NC,문학
20210901,20210901WOSS12021,SS,WO,대구
20210901,20210901HIGHBB2,,,
20210901,20210901HTOB22021,OB,HT,잠실
20210901,20210901KTHH02021,HH,KT,대전
20210901,20210901NCSK22021,SK,NC,문학
20210902,20210902HIGHBB1,,,
20210902,20210902HIGHBB2,,,
20210902,20210902SSG1,,,
20210902,20210902KTWO02021,WO,KT,고척
20210902,20210902NCLG02021,LG,NC,잠실
20210902,20210902OBSK02021,SK,OB,문학
20210902,20210902SSHT02021,HT,SS,광주
20210903,20210903HIGHBB1,,,
20210903,20210903FULGLTSSG1,,,강화
20210903,20210903HIGHBB2,,,
20210903,20210903HHLT12021,LT,HH,사직
20210903,20210903SSG1,,,
20210903,20210903KTWO02021,WO,KT,고척
20210903,20210903NCLG02021,LG,NC,잠실
20210903,20210903OBSK02021,SK,OB,문학
20210903,20210903SSHT02021,HT,SS,광주
20210903,20210903HHLT22021,LT,HH,사직
20210904,20210904HTHH02021,HH,HT,대전
20210904,20210904KTLG02021,LG,KT,잠실
20210904,20210904LTNC02021,NC,LT,창원
20210904,20210904OBSS02021,SS,OB,대구
20210904,20210904SKWO02021,WO,SK,고척
20210905,20210905HSBB2,,,충남 공주시립야구장
20210905,20210905FU1,,,강화
20210905,20210905HTHH02021,HH,HT,대전
20210905,20210905KTLG02021,LG,KT,잠실
20210905,20210905LTNC02021,NC,LT,창원
20210905,20210905OBSS02021,SS,OB,대구
20210905,20210905SKWO02021,WO,SK,고척
20210906,20210906OBS1,,,
20210907,20210907HHNC02021,NC,HH,창원
20210907,20210907LTSS02021,SS,LT,대구
20210908,20210908SSG1,,,
20210908,20210908HHNC02021,NC,HH,창원
20210908,20210908HTKT02021,KT,HT,수원
20210908,20210908LGSK02021,SK,LG,문학
20210908,20210908LTSS02021,SS,LT,대구
20210908,20210908WOOB02021,OB,WO,잠실
20210909,20210909HHLG02021,LG,HH,잠실
20210909,20210909HTWO02021,WO,HT,고척
20210909,20210909KTSS02021,SS,KT,대구
20210909,20210909OBNC02021,NC,OB,창원
20210909,20210909SKLT02021,LT,SK,사직
20210910,20210910FUTURE1,,,익산
20210910,20210910HHLG02021,LG,HH,잠실
20210910,20210910HTWO02021,WO,HT,고척
20210910,20210910KTSS02021,SS,KT,대구
20210910,20210910SKLT02021,LT,SK,사직
20210910,20210910OBNC02021,NC,OB,창원
20210911,20210911FUTURE1,,,익산
20210911,20210911LGOB02021,OB,LG,잠실
20210911,20210911NCHT02021,HT,NC,광주
20210911,20210911SKKT02021,KT,SK,수원
20210911,20210911SSHH02021,HH,SS,대전
20210911,20210911WOLT02021,LT,WO,사직
20210912,20210912LGOB12021,OB,LG,잠실
20210912,20210912NCHT12021,HT,NC,광주
20210912,20210912SKKT12021,KT,SK,수원
20210912,20210912SSHH12021,HH,SS,대전
20210912,20210912WOLT12021,LT,WO,사직
20210912,20210912SSHH22021,HH,SS,대전
20210912,20210912SKKT22021,KT,SK,수원
20210912,20210912NCHT22021,HT,NC,광주
20210912,20210912WOLT22021,LT,WO,사직
20210912,20210912LGOB22021,OB,LG,잠실
20210913,20210913KBO1,,,서울 용산구 블루스퀘어 카오스홀
20210913,20210913OBS1,,,
20210914,20210914SSG1,,,
20210914,20210914HHSK02021,SK,HH,문학
20210914,20210914KTOB02021,OB,KT,잠실
20210914,20210914LGSS02021,SS,LG,대구
20210914,20210914LTHT02021,HT,LT,광주
20210914,20210914WONC02021,NC,WO,창원
20210915,20210915FUTURE1,,,삼성 라이온즈 볼파크
20210915,20210915LTHT12021,HT,LT,광주
20210915,20210915SSG1,,,
20210915,20210915HHSK02021,SK,HH,문학
20210915,20210915KTOB02021,OB,KT,잠실
20210915,20210915LGSS02021,SS,LG,대구
20210915,20210915WONC02021,NC,WO,창원
20210915,20210915LTHT22021,HT,LT,광주
20210916,20210916FUTURE1,,,삼성 라이온즈 볼파크
20210916,20210916HHWO02021,WO,HH,고척
20210916,20210916HTSS02021,SS,HT,대구
20210916,20210916LGNC02021,NC,LG,창원
20210916,20210916LTKT02021,KT,LT,수원
20210916,20210916SKOB02021,OB,SK,잠실
20210917,20210917HHWO02021,WO,HH,고척
20210917,20210917HTSS02021,SS,HT,대구
20210917,20210917LGNC02021,NC,LG,창원
20210917,20210917LTKT02021,KT,LT,수원
20210917,20210917SKOB02021,OB,SK,잠실
20210918,20210918SSG1,,,
20210918,20210918HTLG02021,LG,HT,잠실
20210918,20210918KTNC02021,NC,KT,창원
20210918,20210918LTHH02021,HH,LT,대전
20210918,20210918OBWO02021,WO,OB,고척
20210918,20210918SSSK02021,SK,SS,문학
20210919,20210919SSG1,,,
20210919,20210919HTLG02021,LG,HT,잠실
20210919,20210919KTNC02021,NC,KT,창원
20210919,20210919LTHH02021,HH,LT,대전
20210919,20210919OBWO02021,WO,OB,고척
20210919,20210919SSSK02021,SK,SS,문학
20210920,20210920OBS1,,,
20210921,20210921SSG1,,,
20210921,20210921KTHT02021,HT,KT,광주
20210921,20210921LGHH02021,HH,LG,대전
20210921,20210921NCOB02021,OB,NC,잠실
20210921,20210921SSLT02021,LT,SS,사직
20210921,20210921WOSK02021,SK,WO,문학
20210922,20210922SSG1,,,
20210922,20210922KTHT02021,HT,KT,광주
20210922,20210922LGHH02021,HH,LG,대전
20210922,20210922NCOB02021,OB,NC,잠실
20210922,20210922SSLT02021,LT,SS,사직
20210922,20210922WOSK02021,SK,WO,문학
20210923,20210923SSG1,,,
20210923,20210923HHKT02021,KT,HH,수원
20210923,20210923LTSK02021,SK,LT,문학
20210923,20210923NCWO02021,WO,NC,고척
20210923,20210923OBHT02021,HT,OB,광주
20210923,20210923SSLG02021,LG,SS,잠실
20210924,20210924SSG1,,,
20210924,20210924LTSK12021,SK,LT,문학
20210924,20210924HHKT02021,KT,HH,수원
20210924,20210924NCWO02021,WO,NC,고척
20210924,20210924OBHT02021,HT,OB,광주
20210924,20210924SSLG02021,LG,SS,잠실
20210924,20210924LTSK22021,SK,LT,문학
20210925,20210925HHOB02021,OB,HH,잠실
20210925,20210925LGKT02021,KT,LG,수원
20210925,20210925LTWO02021,WO,LT,고척
20210925,20210925NCSS02021,SS,NC,대구
20210925,20210925SKHT02021,HT,SK,광주
20210926,20210926HHOB02021,OB,HH,잠실
20210926,20210926LGKT02021,KT,LG,수원
20210926,20210926LTWO02021,WO,LT,고척
20210926,20210926NCSS02021,SS,NC,대구
20210926,20210926SKHT02021,HT,SK,광주
20210927,20210926OBS1,,,
20210928,20210928KIAKT1,,,익산
20210928,20210928HTNC02021,NC,HT,창원
20210928,20210928LTLG02021,LG,LT,잠실
20210928,20210928OBKT02021,KT,OB,수원
20210928,20210928SKSS02021,SS,SK,대구
20210928,20210928WOHH02021,HH,WO,대전
20210929,20210929HTNC12021,NC,HT,창원
20210929,20210929OBKT02021,KT,OB,수원
20210930,20210930HHSS02021,SS,HH,대구
20210930,20210930KTLT02021,LT,KT,사직
20210930,20210930OBLG02021,LG,OB,잠실
20210930,20210930SKNC02021,NC,SK,창원
20210930,20210930WOHT02021,HT,WO,광주
20211001,20211001KTLT12021,LT,KT,사직
20211001,20211001HHSS02021,SS,HH,대구
20211001,20211001KTLT22021,LT,KT,사직
20211001,20211001OBLG02021,LG,OB,잠실
20211001,20211001WOHT02021,HT,WO,광주
20211001,20211001SKNC02021,NC,SK,창원
20211002,20211002RDS1,,,
20211002,20211002HHHT02021,HT,HH,광주
20211002,20211002KTSK02021,SK,KT,문학
20211002,20211002LGWO02021,WO,LG,고척
20211002,20211002NCLT02021,LT,NC,사직
20211002,20211002SSOB02021,OB,SS,잠실
20211003,20211003RDS1,,,
20211003,20211003HHHT02021,HT,HH,광주
20211003,20211003KTSK02021,SK,KT,문학
20211003,20211003LGWO02021,WO,LG,고척
20211003,20211003NCLT02021,LT,NC,사직
20211003,20211003SSOB02021,OB,SS,잠실
20211005,20211005HTLT02021,LT,HT,사직
20211005,20211005NCKT02021,KT,NC,수원
20211005,20211005OBHH02021,HH,OB,대전
20211005,20211005SKLG02021,LG,SK,잠실
20211005,20211005SSWO02021,WO,SS,고척
20211006,20211006FU1,,,이천
20211006,20211006SKLG12021,LG,SK,잠실
20211006,20211006HTLT02021,LT,HT,사직
20211006,20211006NCKT02021,KT,NC,수원
20211006,20211006OBHH02021,HH,OB,대전
20211006,20211006SKLG22021,LG,SK,잠실
20211006,20211006SSWO02021,WO,SS,고척
20211007,2021007FU1,,,이천
20211007,20210627LTOB02021,OB,LT,잠실
20211007,20211007LGHT02021,HT,LG,광주
20211007,20211007LTOB02021,OB,LT,잠실
20211007,20211007SKHH02021,HH,SK,대전
20211007,20211007SSNC02021,NC,SS,창원
20211007,20211007WOKT02021,KT,WO,수원
20211008,20211008LGHT02021,HT,LG,광주
20211008,20211008LTOB02021,OB,LT,잠실
20211008,20211008SKHH02021,HH,SK,대전
20211008,20211008SSNC02021,NC,SS,창원
20211009,20211109RDS1,,,인천 SSG랜더스필드
20211009,20211009HTHH02021,HH,HT,대전
20211009,20211009KTLG02021,LG,KT,잠실
20211009,20211009LTSK02021,SK,LT,문학
20211010,20211010HTHH12021,HH,HT,대전
20211010,20211010OBNC02021,NC,OB,창원
20211010,20211010HTHH22021,HH,HT,대전
20211011,20211011KUSFBB1,,,기장현대차드림볼파크
20211011,20211011KTLG02021,LG,KT,잠실
20211011,20211011OBS1,,,
20211012,20211012SSG1,,,
20211012,20211012KTOB02021,OB,KT,잠실
20211012,20211012LGSK02021,SK,LG,문학
20211012,20211012NCWO02021,WO,NC,고척
20211012,20211012SSHT02021,HT,SS,광주
20211013,20211013KTOB02021,OB,KT,잠실
20211013,20211013LGLT02021,LT,LG,사직
20211013,20211013NCWO02021,WO,NC,고척
20211013,20211013SSHT02021,HT,SS,광주
20211014,20211014KTOB02021,OB,KT,잠실
20211014,20211014LGLT02021,LT,LG,사직
20211014,20211014NCWO02021,WO,NC,고척
20211014,20211014SSHT02021,HT,SS,광주
20211015,20211015SLLL1,,,
20211015,20211015HTKT02021,KT,HT,수원
20211015,20211015LGLT02021,LT,LG,사직
20211015,20211015NCOB02021,OB,NC,잠실
20211015,20211015WOSS02021,SS,WO,대구
20211016,20211016WOSS12021,SS,WO,대구
20211016,20211016HHKT02021,KT,HH,수원
20211016,20211016HTOB02021,OB,HT,잠실
20211016,20211016LGNC02021,NC,LG,창원
20211016,20211016SKLT02021,LT,SK,사직
20211016,20211016WOSS22021,SS,WO,대구
20211017,20211017HHKT02021,KT,HH,수원
20211017,20211017HTOB12021,OB,HT,잠실
20211017,20211017LGNC12021,NC,LG,창원
20211017,20211017SKLT12021,LT,SK,사직
20211017,20211017WOSS02021,SS,WO,대구
20211017,20211017LGNC22021,NC,LG,창원
20211017,20211017SKLT22021,LT,SK,사직
20211017,20211017HTOB22021,OB,HT,잠실
20211018,20211018OBS1,,,
20211019,20211019KTNC02021,NC,KT,창원
20211019,20211019OBSS02021,SS,OB,대구
20211019,20211019SKHT02021,HT,SK,광주
20211019,20211019WOLG02021,LG,WO,잠실
20211020,20211020SSG1,,,
20211020,20211020KTHT02021,HT,KT,광주
20211020,20211020NCSK02021,SK,NC,문학
20211020,20211020WOLG02021,LG,WO,잠실
20211021,20211021SSG1,,,
20211021,20211021HHHT02021,HT,HH,광주
20211021,20211021OBSK02021,SK,OB,문학
20211021,20211021WOLG02021,LG,WO,잠실
20211022,20211022SSG1,,,
20211022,20211022HHLT02021,LT,HH,사직
20211022,20211022KTSS02021,SS,KT,대구
20211022,20211022OBSK02021,SK,OB,문학
20211022,20211022HTNC02021,NC,HT,창원
20211023,20211023HTNC12021,NC,HT,창원
20211023,20211023HHLT02021,LT,HH,사직
20211023,20211023KTSS02021,SS,KT,대구
20211023,20211023LGOB02021,OB,LG,잠실
20211023,20211023HTNC22021,NC,HT,창원
20211024,20211024HHLT02021,LT,HH,사직
20211024,20211024HTNC02021,NC,HT,창원
20211024,20211024LGOB12021,OB,LG,잠실
20211024,20211024SKSS02021,SS,SK,대구
20211024,20211024WOKT02021,KT,WO,수원
20211024,20211024LGOB22021,OB,LG,잠실
20211025,20211025LTLG02021,LG,LT,잠실
20211025,20211025WOHH02021,HH,WO,대전
20211025,20211025OBS1,,,
20211026,20211026LGHH02021,HH,LG,대전
20211026,20211026SKNC02021,NC,SK,창원
20211026,20211026WOOB02021,OB,WO,잠실
20211027,20211027SSG1,,,
20211027,20211027HTLT02021,LT,HT,사직
20211027,20211027LGHH02021,HH,LG,대전
20211027,20211027NCKT02021,KT,NC,수원
20211027,20211027OBSK02021,SK,OB,문학
20211027,20211027SSWO02021,WO,SS,고척
20211028,20211028NCKT12021,KT,NC,수원
20211028,20211028SSG1,,,
20211028,20211028HTLT02021,LT,HT,사직
20211028,20211028LGHH02021,HH,LG,대전
20211028,20211028OBSK02021,SK,OB,문학
20211028,20211028NCKT22021,KT,NC,수원
20211029,20211029KTWO02021,WO,KT,고척
20211029,20211029LGLT02021,LT,LG,사직
20211029,20211029OBHT02021,HT,OB,광주
20211029,20211029SSNC02021,NC,SS,창원
20211030,20211030SSG1,,,
20211030,20211030KTSK02021,SK,KT,문학
20211030,20211030LGLT02021,LT,LG,사직
20211030,20211030OBHH02021,HH,OB,대전
20211030,20211030SSNC02021,NC,SS,창원
20211030,20211030WOHT02021,HT,WO,광주
20211031,66661031KTSS02021,SS,KT,대구
20211101,44441101WOOB02021,OB,WO,잠실
20211101,20211101OBS1,,,
20211102,44441102WOOB02021,OB,WO,잠실
20211104,33331104OBLG02021,LG,OB,잠실
20211105,33331105LGOB02021,OB,LG,잠실
20211107,33331107OBLG02021,LG,OB,잠실
20211108,20211108OBS1,,,
20211109,55551109OBSS02021,SS,OB,대구
20211110,20211110KUSF1,,,농협대학교 야구장
20211110,55551110SSOB02021,OB,SS,잠실
20211112,20211112HSBB1,,,목동야구장
20211112,20211112HSBB2,,,목동야구장
20211113,20211113HHBB1,,,목동야구장
20211113,20211113KBO1,,,
20211113,20211113HSBB2,,,목동야구장
20211114,20211114HSBB1,,,목동야구장
20211114,20211114HSBB2,,,목동야구장
20211114,77771114OBKT02021,KT,OB,고척
20211115,77771115OBKT02021,KT,OB,고척
20211115,20211115FG1,,,
20211116,20211116HSBB1,,,목동야구장
20211117,77771117KTOB02021,OB,KT,고척
20211118,77771118KTOB02021,OB,KT,고척
20211122,20211122OBS1,,,
20211127,20211127SAM01,,,
20211128,20211128SAM01,,,
20211129,20211129SOLKBO1,,,임피리얼 팰리스 호텔 두베홀
20220303,20220303HTSS1,,,
20220303,20220303KBODHKT01,,,
20220304,20220304KBOLN01,,,
20220304,20220304WOHH1,,,
20220305,20220305KIAKT01,,,
20220305,20220305WOHH1,,,
20220306,20220306SKSS1,,,
20220308,20220308KBO01,,,
20220309,20220309KBO01,,,
20220312,20220312HHSS02022,SS,HH,대구
20220312,20220312HTNC02022,NC,HT,창원
20220312,20220312LGKT02022,KT,LG,수원
20220312,20220312OBWO02022,WO,OB,고척
20220312,20220312SKLT02022,LT,SK,사직
20220313,20220313OBWO02022,WO,OB,고척
20220314,20220314HHLT02022,LT,HH,사직
20220314,20220314HTSS02022,SS,HT,대구
20220314,20220314LGWO02022,WO,LG,고척
20220314,20220314SKNC02022,NC,SK,창원
20220315,20220315HSB1,,,부산 기장 현대차드림볼파크
20220315,20220315HHLT02022,LT,HH,사직
20220315,20220315HTSS02022,SS,HT,대구
20220315,20220315LGWO02022,WO,LG,고척
20220315,20220315OBKT02022,KT,OB,수원
20220315,20220315SKNC02022,NC,SK,창원
20220317,20220317HHNC02022,NC,HH,창원
20220317,20220317HTKT02022,KT,HT,수원
20220317,20220317OBLT02022,LT,OB,사직
20220317,20220317SKWO02022,WO,SK,고척
20220318,20220318HHNC02022,NC,HH,창원
20220318,20220318HTKT02022,KT,HT,수원
20220318,20220318LGSS02022,SS,LG,대구
20220318,20220318SKWO02022,WO,SK,고척
20220319,20220319HHWO02022,WO,HH,고척
20220320,20220320HHWO02022,WO,HH,고척
20220320,20220320HTLT02022,LT,HT,사직
20220320,20220320LGNC02022,NC,LG,창원
20220320,20220320OBSS02022,SS,OB,대구
20220320,20220320SKKT02022,KT,SK,수원
20220321,20220321HHKT02022,KT,HH,수원
20220321,20220321NCLT02022,LT,NC,사직
20220321,20220321OBHT02022,HT,OB,광주
20220321,20220321WOSS02022,SS,WO,대구
20220321,20220321LGSK02022,SK,LG,문학
20220322,20220322HHKT02022,KT,HH,수원
20220322,20220322LGSK02022,SK,LG,문학
20220322,20220322OBHT02022,HT,OB,광주
20220322,20220322WOSS02022,SS,WO,대구
20220322,20220322NCLT02022,LT,NC,사직
20220324,20220324HHSK02022,SK,HH,문학
20220324,20220324KTLT02022,LT,KT,사직
20220324,20220324LGOB02022,OB,LG,잠실
20220324,20220324SSNC02022,NC,SS,창원
20220324,20220324WOHT02022,HT,WO,광주
20220325,20220325HHSK02022,SK,HH,문학
20220325,20220325KTLT02022,LT,KT,사직
20220325,20220325OBLG02022,LG,OB,잠실
20220325,20220325SSNC02022,NC,SS,창원
20220325,20220325WOHT02022,HT,WO,광주
20220326,20220326LTLG02022,LG,LT,잠실
20220326,20220326NCWO02022,WO,NC,고척
20220327,20220327HTHH02022,HH,HT,대전
20220327,20220327LTLG02022,LG,LT,잠실
20220327,20220327NCWO02022,WO,NC,고척
20220327,20220327OBSK02022,SK,OB,문학
20220327,20220327SSKT02022,KT,SS,수원
20220328,20220328KTWO02022,WO,KT,고척
20220328,20220328LGHH02022,HH,LG,대전
20220328,20220328NCOB02022,OB,NC,잠실
20220328,20220328LTSS02022,SS,LT,대구
20220328,20220328SKHT02022,HT,SK,광주
20220329,20220329KTWO02022,WO,KT,고척
20220329,20220329LGHH02022,HH,LG,대전
20220329,20220329NCOB02022,OB,NC,잠실
20220329,20220329SKHT02022,HT,SK,광주
20220329,20220329LTSS02022,SS,LT,대구
20220331,20220331SOLKBO1,,,그랜드 하얏트 서울
20220402,20220402HHOB02022,OB,HH,잠실
20220402,20220402LGHT02022,HT,LG,광주
20220402,20220402LTWO02022,WO,LT,고척
20220402,20220402SKNC02022,NC,SK,창원
20220402,20220402SSKT02022,KT,SS,수원
20220403,20220403HHOB02022,OB,HH,잠실
20220403,20220403LGHT02022,HT,LG,광주
20220403,20220403LTWO02022,WO,LT,고척
20220403,20220403SKNC02022,NC,SK,창원
20220403,20220403SSKT02022,KT,SS,수원
20220405,20220405HHHT02022,HT,HH,광주
20220405,20220405LGWO02022,WO,LG,고척
20220405,20220405LTNC02022,NC,LT,창원
20220405,20220405SKKT02022,KT,SK,수원
20220405,20220405SSOB02022,OB,SS,잠실
20220406,20220406HHHT02022,HT,HH,광주
20220406,20220406LGWO02022,WO,LG,고척
20220406,20220406LTNC02022,NC,LT,창원
20220406,20220406SKKT02022,KT,SK,수원
20220406,20220406SSOB02022,OB,SS,잠실
20220407,20220407HSBSS1,,,목동야구장
20220407,20220407HSBSS2,,,목동야구장
20220407,20220407HHHT02022,HT,HH,광주
20220407,20220407LGWO02022,WO,LG,고척
20220407,20220407LTNC02022,NC,LT,창원
20220407,20220407SKKT02022,KT,SK,수원
20220407,20220407SSOB02022,OB,SS,잠실
20220408,20220408HSBSS1,,,목동야구장
20220408,20220408HSBSS2,,,목동야구장
20220408,20220408SSG1,,,
20220408,20220408HTSK02022,SK,HT,문학
20220408,20220408KTHH02022,HH,KT,대전
20220408,20220408NCLG02022,LG,NC,잠실
20220408,20220408OBLT02022,LT,OB,사직
20220408,20220408WOSS02022,SS,WO,대구
20220409,20220409HSBSS1,,,목동야구장
20220409,20220409HSBSS2,,,목동야구장
20220409,20220409SSG1,,,
20220409,20220409HTSK02022,SK,HT,문학
20220409,20220409KTHH02022,HH,KT,대전
20220409,20220409NCLG02022,LG,NC,잠실
20220409,20220409OBLT02022,LT,OB,사직
20220409,20220409WOSS02022,SS,WO,대구
20220410,20220410SSG1,,,
20220410,20220410HTSK02022,SK,HT,문학
20220410,20220410KTHH02022,HH,KT,대전
20220410,20220410NCLG02022,LG,NC,잠실
20220410,20220410OBLT02022,LT,OB,사직
20220410,20220410WOSS02022,SS,WO,대구
20220411,20220411HSBSS1,,,SSG랜더스 필드
20220412,20220412HHSS02022,SS,HH,대구
20220412,20220412LTHT02022,HT,LT,광주
20220412,20220412NCWO02022,WO,NC,고척
20220412,20220412OBKT02022,KT,OB,수원
20220412,20220412SKLG02022,LG,SK,잠실
20220413,20220413HHSS02022,SS,HH,대구
20220413,20220413NCWO02022,WO,NC,고척
20220413,20220413SKLG02022,LG,SK,잠실
20220414,20220414HHSS02022,SS,HH,대구
20220414,20220414LTHT02022,HT,LT,광주
20220414,20220414NCWO02022,WO,NC,고척
20220414,20220414OBKT02022,KT,OB,수원
20220414,20220414SKLG02022,LG,SK,잠실
20220415,20220415SSG1,,,
20220415,20220415HTNC02022,NC,HT,창원
20220415,20220415KTLT02022,LT,KT,사직
20220415,20220415LGHH02022,HH,LG,대전
20220415,20220415SSSK02022,SK,SS,문학
20220415,20220415WOOB02022,OB,WO,잠실
20220416,20220416SSG1,,,
20220416,20220416SSSK02022,SK,SS,문학
20220416,20220416HTNC02022,NC,HT,창원
20220416,20220416KTLT02022,LT,KT,사직
20220416,20220416LGHH02022,HH,LG,대전
20220416,20220416WOOB02022,OB,WO,잠실
20220417,20220417SSG1,,,
20220417,20220417HTNC02022,NC,HT,창원
20220417,20220417KTLT02022,LT,KT,사직
20220417,20220417LGHH02022,HH,LG,대전
20220417,20220417SSSK02022,SK,SS,문학
20220417,20220417WOOB02022,OB,WO,잠실
20220419,20220419SSG1,,,
20220419,20220419HHLT02022,LT,HH,사직
20220419,20220419KTLG02022,LG,KT,잠실
20220419,20220419OBHT02022,HT,OB,광주
20220419,20220419SSNC02022,NC,SS,창원
20220419,20220419WOSK02022,SK,WO,문학
20220420,20220420SSG1,,,
20220420,20220420HHLT02022,LT,HH,사직
20220420,20220420KTLG02022,LG,KT,잠실
20220420,20220420OBHT02022,HT,OB,광주
20220420,20220420SSNC02022,NC,SS,창원
20220420,20220420WOSK02022,SK,WO,문학
20220421,20220421UBASEBALL1,,,목동야구장
20220421,20220421UBASEBALL2,,,목동야구장
20220421,20220421SSG1,,,
20220421,20220421HHLT02022,LT,HH,사직
20220421,20220421KTLG02022,LG,KT,잠실
20220421,20220421OBHT02022,HT,OB,광주
20220421,20220421SSNC02022,NC,SS,창원
20220421,20220421WOSK02022,SK,WO,문학
20220422,20220422HTWO02022,WO,HT,고척
20220422,20220422LGOB02022,OB,LG,잠실
20220422,20220422LTSS02022,SS,LT,대구
20220422,20220422NCKT02022,KT,NC,수원
20220422,20220422SKHH02022,HH,SK,대전
20220423,20220423HTWO02022,WO,HT,고척
20220423,20220423LGOB02022,OB,LG,잠실
20220423,20220423LTSS02022,SS,LT,대구
20220423,20220423NCKT02022,KT,NC,수원
20220423,20220423SKHH02022,HH,SK,대전
20220424,20220424HTWO02022,WO,HT,고척
20220424,20220424LGOB02022,OB,LG,잠실
20220424,20220424LTSS02022,SS,LT,대구
20220424,20220424NCKT02022,KT,NC,수원
20220424,20220424SKHH02022,HH,SK,대전
20220426,20220426HTKT02022,KT,HT,수원
20220426,20220426LGSS02022,SS,LG,대구
20220426,20220426NCOB02022,OB,NC,잠실
20220426,20220426SKLT02022,LT,SK,사직
20220426,20220426WOHH02022,HH,WO,대전
20220427,20220427HTKT02022,KT,HT,수원
20220427,20220427LGSS02022,SS,LG,대구
20220427,20220427NCOB02022,OB,NC,잠실
20220427,20220427SKLT02022,LT,SK,사직
20220427,20220427WOHH02022,HH,WO,대전
20220428,20220428UBB1,,,경주야구장
20220428,20220428UBB2,,,경주야구장
20220428,20220428HTKT02022,KT,HT,수원
20220428,20220428LGSS02022,SS,LG,대구
20220428,20220428NCOB02022,OB,NC,잠실
20220428,20220428SKLT02022,LT,SK,사직
20220428,20220428WOHH02022,HH,WO,대전
20220429,20220429SSG1,,,
20220429,20220429HHNC02022,NC,HH,창원
20220429,20220429KTWO02022,WO,KT,고척
20220429,20220429LTLG02022,LG,LT,잠실
20220429,20220429OBSK02022,SK,OB,문학
20220429,20220429SSHT02022,HT,SS,광주
20220430,20220430SSHT02022,HT,SS,광주
20220430,20220430SSG1,,,
20220430,20220430HHNC02022,NC,HH,창원
20220430,20220430KTWO02022,WO,KT,고척
20220430,20220430LTLG02022,LG,LT,잠실
20220430,20220430OBSK02022,SK,OB,문학
20220501,20220501SSG1,,,
20220501,20220501HHNC02022,NC,HH,창원
20220501,20220501KTWO02022,WO,KT,고척
20220501,20220501LTLG02022,LG,LT,잠실
20220501,20220501OBSK02022,SK,OB,문학
20220501,20220501SSHT02022,HT,SS,광주
20220503,20220503SSG1,,,
20220503,20220503HHSK02022,SK,HH,문학
20220503,20220503LTKT02022,KT,LT,수원
20220503,20220503NCSS02022,SS,NC,대구
20220503,20220503OBLG02022,LG,OB,잠실
20220503,20220503WOHT02022,HT,WO,광주
20220504,20220504SSG1,,,
20220504,20220504HHSK02022,SK,HH,문학
20220504,20220504LTKT02022,KT,LT,수원
20220504,20220504NCSS02022,SS,NC,대구
20220504,20220504OBLG02022,LG,OB,잠실
20220504,20220504WOHT02022,HT,WO,광주
20220505,20220505SSG1,,,
20220505,20220505HHSK02022,SK,HH,문학
20220505,20220505LTKT02022,KT,LT,수원
20220505,20220505NCSS02022,SS,NC,대구
20220505,20220505OBLG02022,LG,OB,잠실
20220505,20220505WOHT02022,HT,WO,광주
20220506,20220506UBB1,,,목동야구장
20220506,20220506UBB2,,,목동야구장
20220506,20220506HTHH02022,HH,HT,대전
20220506,20220506KTOB02022,OB,KT,잠실
20220506,20220506LGNC02022,NC,LG,창원
20220506,20220506SKWO02022,WO,SK,고척
20220506,20220506SSLT02022,LT,SS,사직
20220507,20220507HTHH02022,HH,HT,대전
20220507,20220507KTOB02022,OB,KT,잠실
20220507,20220507LGNC02022,NC,LG,창원
20220507,20220507SKWO02022,WO,SK,고척
20220507,20220507SSLT02022,LT,SS,사직
20220508,20220508HTHH02022,HH,HT,대전
20220508,20220508KTOB02022,OB,KT,잠실
20220508,20220508LGNC02022,NC,LG,창원
20220508,20220508SKWO02022,WO,SK,고척
20220508,20220508SSLT02022,LT,SS,사직
20220510,20220510HHLG02022,LG,HH,잠실
20220510,20220510KTHT02022,HT,KT,광주
20220510,20220510NCLT02022,LT,NC,사직
20220510,20220510OBWO02022,WO,OB,고척
20220510,20220510SKSS02022,SS,SK,대구
20220511,20220511HHLG02022,LG,HH,잠실
20220511,20220511KTHT02022,HT,KT,광주
20220511,20220511NCLT02022,LT,NC,사직
20220511,20220511OBWO02022,WO,OB,고척
20220511,20220511SKSS02022,SS,SK,대구
20220512,20220512HHLG02022,LG,HH,잠실
20220512,20220512KTHT02022,HT,KT,광주
20220512,20220512NCLT02022,LT,NC,사직
20220512,20220512OBWO02022,WO,OB,고척
20220512,20220512SKSS02022,SS,SK,대구
20220513,20220513SSG1,,,
20220513,20220513HTLG02022,LG,HT,잠실
20220513,20220513LTHH02022,HH,LT,대전
20220513,20220513NCSK02022,SK,NC,문학
20220513,20220513WOKT02022,KT,WO,수원
20220514,20220514SSG1,,,
20220514,20220514HTLG02022,LG,HT,잠실
20220514,20220514LTHH02022,HH,LT,대전
20220514,20220514NCSK02022,SK,NC,문학
20220514,20220514OBSS02022,SS,OB,대구
20220514,20220514WOKT02022,KT,WO,수원
20220515,20220515SSG1,,,
20220515,20220515HTLG02022,LG,HT,잠실
20220515,20220515LTHH02022,HH,LT,대전
20220515,20220515NCSK02022,SK,NC,문학
20220515,20220515OBSS02022,SS,OB,대구
20220515,20220515WOKT02022,KT,WO,수원
20220517,20220517HTLT02022,LT,HT,사직
20220517,20220517LGKT02022,KT,LG,수원
20220517,20220517SKOB02022,OB,SK,잠실
20220517,20220517SSHH02022,HH,SS,대전
20220517,20220517WONC02022,NC,WO,창원
20220518,20220518HTLT02022,LT,HT,사직
20220518,20220518LGKT02022,KT,LG,수원
20220518,20220518SKOB02022,OB,SK,잠실
20220518,20220518SSHH02022,HH,SS,대전
20220518,20220518WONC02022,NC,WO,창원
20220519,20220519HTLT02022,LT,HT,사직
20220519,20220519LGKT02022,KT,LG,수원
20220519,20220519SKOB02022,OB,SK,잠실
20220519,20220519SSHH02022,HH,SS,대전
20220519,20220519WONC02022,NC,WO,창원
20220520,20220520UBB1,,,보은야구장
20220520,20220520UBB2,,,보은야구장
20220520,20220520SSG1,,,
20220520,20220520HHWO02022,WO,HH,고척
20220520,20220520KTSS02022,SS,KT,대구
20220520,20220520LGSK02022,SK,LG,문학
20220520,20220520LTOB02022,OB,LT,잠실
20220520,20220520NCHT02022,HT,NC,광주
20220521,20220521LTOB02022,OB,LT,잠실
20220521,20220521SSG1,,,
20220521,20220521HHWO02022,WO,HH,고척
20220521,20220521KTSS02022,SS,KT,대구
20220521,20220521LGSK02022,SK,LG,문학
20220521,20220521NCHT02022,HT,NC,광주
20220522,20220522SSG1,,,
20220522,20220522HHWO02022,WO,HH,고척
20220522,20220522KTSS02022,SS,KT,대구
20220522,20220522LGSK02022,SK,LG,문학
20220522,20220522LTOB02022,OB,LT,잠실
20220522,20220522NCHT02022,HT,NC,광주
20220524,20220524SSG1,,,
20220524,20220524HTSS02022,SS,HT,대구
20220524,20220524KTNC02022,NC,KT,창원
20220524,20220524LTSK02022,SK,LT,문학
20220524,20220524OBHH02022,HH,OB,대전
20220524,20220524WOLG02022,LG,WO,잠실
20220525,20220525SSG1,,,
20220525,20220525HTSS02022,SS,HT,대구
20220525,20220525KTNC02022,NC,KT,창원
20220525,20220525LTSK02022,SK,LT,문학
20220525,20220525OBHH02022,HH,OB,대전
20220525,20220525WOLG02022,LG,WO,잠실
20220526,20220526SPOBB1,,,목동야구장
20220526,20220526SPOBB2,,,목동야구장
20220526,20220526SSG1,,,
20220526,20220526HTSS02022,SS,HT,대구
20220526,20220526KTNC02022,NC,KT,창원
20220526,20220526LTSK02022,SK,LT,문학
20220526,20220526OBHH02022,HH,OB,대전
20220526,20220526WOLG02022,LG,WO,잠실
20220527,20220527SPOBB3,,,목동야구장
20220527,20220527SPOBB2,,,목동야구장
20220527,20220527HHKT02022,KT,HH,수원
20220527,20220527OBNC02022,NC,OB,창원
20220527,20220527SKHT02022,HT,SK,광주
20220527,20220527SSLG02022,LG,SS,잠실
20220527,20220527WOLT02022,LT,WO,사직
20220528,20220528SPOBB1,,,목동야구장
20220528,20220528SPOBB2,,,목동야구장
20220528,20220528SKHT02022,HT,SK,광주
20220528,20220528WOLT02022,LT,WO,사직
20220528,20220528HHKT02022,KT,HH,수원
20220528,20220528OBNC02022,NC,OB,창원
20220528,20220528SSLG02022,LG,SS,잠실
20220529,20220529HHKT02022,KT,HH,수원
20220529,20220529OBNC02022,NC,OB,창원
20220529,20220529SKHT02022,HT,SK,광주
20220529,20220529SSLG02022,LG,SS,잠실
20220529,20220529WOLT02022,LT,WO,사직
20220530,20220530SPOBB1,,,목동야구장
20220531,20220531SSG1,,,
20220531,20220531HTOB02022,OB,HT,잠실
20220531,20220531KTSK02022,SK,KT,문학
20220531,20220531LGLT02022,LT,LG,사직
20220531,20220531NCHH02022,HH,NC,대전
20220531,20220531SSWO02022,WO,SS,고척
20220601,20220601SSG1,,,
20220601,20220601HTOB02022,OB,HT,잠실
20220601,20220601KTSK02022,SK,KT,문학
20220601,20220601LGLT02022,LT,LG,사직
20220601,20220601NCHH02022,HH,NC,대전
20220601,20220601SSWO02022,WO,SS,고척
20220602,20220602SSG1,,,
20220602,20220602HTOB02022,OB,HT,잠실
20220602,20220602KTSK02022,SK,KT,문학
20220602,20220602LGLT02022,LT,LG,사직
20220602,20220602NCHH02022,HH,NC,대전
20220602,20220602SSWO02022,WO,SS,고척
20220603,20220603HTKT02022,KT,HT,수원
20220603,20220603LTNC02022,NC,LT,창원
20220603,20220603OBSS02022,SS,OB,대구
20220603,20220603SKLG02022,LG,SK,잠실
20220603,20220603WOHH02022,HH,WO,대전
20220604,20220604HTKT02022,KT,HT,수원
20220604,20220604LTNC02022,NC,LT,창원
20220604,20220604OBSS02022,SS,OB,대구
20220604,20220604SKLG02022,LG,SK,잠실
20220604,20220604WOHH02022,HH,WO,대전
20220605,20220605HTKT02022,KT,HT,수원
20220605,20220605SKLG02022,LG,SK,잠실
20220607,20220607HHOB02022,OB,HH,잠실
20220607,20220607KTWO02022,WO,KT,고척
20220607,20220607SKNC02022,NC,SK,창원
20220607,20220607SSLT02022,LT,SS,사직
20220608,20220608HHOB02022,OB,HH,잠실
20220608,20220608KTWO02022,WO,KT,고척
20220608,20220608LGHT02022,HT,LG,광주
20220608,20220608SKNC02022,NC,SK,창원
20220608,20220608SSLT02022,LT,SS,사직
20220609,20220609HHOB02022,OB,HH,잠실
20220609,20220609KTWO02022,WO,KT,고척
20220609,20220609LGHT02022,HT,LG,광주
20220609,20220609SKNC02022,NC,SK,창원
20220609,20220609SSLT02022,LT,SS,사직
20220610,20220610SSG1,,,
20220610,20220610HHSK02022,SK,HH,문학
20220610,20220610KTLT02022,LT,KT,사직
20220610,20220610NCSS02022,SS,NC,대구
20220610,20220610OBLG02022,LG,OB,잠실
20220610,20220610WOHT02022,HT,WO,광주
20220611,20220611SSG1,,,
20220611,20220611HHSK02022,SK,HH,문학
20220611,20220611KTLT02022,LT,KT,사직
20220611,20220611NCSS02022,SS,NC,대구
20220611,20220611OBLG02022,LG,OB,잠실
20220611,20220611WOHT02022,HT,WO,광주
20220612,20220612SSG1,,,
20220612,20220612HHSK02022,SK,HH,문학
20220612,20220612KTLT02022,LT,KT,사직
20220612,20220612NCSS02022,SS,NC,대구
20220612,20220612OBLG02022,LG,OB,잠실
20220612,20220612WOHT02022,HT,WO,광주
20220614,20220614OBWO02022,WO,OB,고척
20220614,20220614SKKT02022,KT,SK,수원
20220614,20220614SSLG02022,LG,SS,잠실
20220615,20220615HTNC02022,NC,HT,창원
20220615,20220615LTHH02022,HH,LT,대전
20220615,20220615OBWO02022,WO,OB,고척
20220615,20220615SKKT02022,KT,SK,수원
20220615,20220615SSLG02022,LG,SS,잠실
20220616,20220616HTNC02022,NC,HT,창원
20220616,20220616LTHH02022,HH,LT,대전
20220616,20220616OBWO02022,WO,OB,고척
20220616,20220616SKKT02022,KT,SK,수원
20220616,20220616SSLG02022,LG,SS,잠실
20220617,20220617HHNC02022,NC,HH,창원
20220617,20220617KTOB02022,OB,KT,잠실
20220617,20220617LGWO02022,WO,LG,고척
20220617,20220617SKLT02022,LT,SK,사직
20220617,20220617SSHT02022,HT,SS,광주
20220618,20220618KODBF1,,,수원 KT위즈파크 야구장
20220618,20220618LGWO02022,WO,LG,고척
20220618,20220618HHNC02022,NC,HH,창원
20220618,20220618KTOB02022,OB,KT,잠실
20220618,20220618SKLT02022,LT,SK,사직
20220618,20220618SSHT02022,HT,SS,광주
20220619,20220619LGWO02022,WO,LG,고척
20220619,20220619HHNC02022,NC,HH,창원
20220619,20220619KTOB02022,OB,KT,잠실
20220619,20220619SKLT02022,LT,SK,사직
20220619,20220619SSHT02022,HT,SS,광주
20220621,20220621SSG1,,,
20220621,20220621HHLG02022,LG,HH,잠실
20220621,20220621LTHT02022,HT,LT,광주
20220621,20220621NCKT02022,KT,NC,수원
20220621,20220621OBSK02022,SK,OB,문학
20220621,20220621WOSS02022,SS,WO,대구
20220622,20220622SSG1,,,
20220622,20220622HHLG02022,LG,HH,잠실
20220622,20220622LTHT02022,HT,LT,광주
20220622,20220622NCKT02022,KT,NC,수원
20220622,20220622OBSK02022,SK,OB,문학
20220622,20220622WOSS02022,SS,WO,대구
20220623,20220623LTHT02022,HT,LT,광주
20220623,20220623WOSS02022,SS,WO,대구
20220624,20220624SSG1,,,
20220624,20220624HTOB02022,OB,HT,잠실
20220624,20220624LGKT02022,KT,LG,수원
20220624,20220624NCSK02022,SK,NC,문학
20220624,20220624SSHH02022,HH,SS,대전
20220624,20220624WOLT02022,LT,WO,사직
20220625,20220625SSG1,,,
20220625,20220625HTOB02022,OB,HT,잠실
20220625,20220625LGKT02022,KT,LG,수원
20220625,20220625NCSK02022,SK,NC,문학
20220625,20220625SSHH02022,HH,SS,대전
20220625,20220625WOLT02022,LT,WO,사직
20220626,20220626SSG1,,,
20220626,20220626HTOB02022,OB,HT,잠실
20220626,20220626LGKT02022,KT,LG,수원
20220626,20220626NCSK02022,SK,NC,문학
20220626,20220626SSHH02022,HH,SS,대전
20220626,20220626WOLT02022,LT,WO,사직
20220628,20220628HTWO02022,WO,HT,고척
20220628,20220628KTSS02022,SS,KT,대구
20220628,20220628NCLG02022,LG,NC,잠실
20220628,20220628OBLT02022,LT,OB,사직
20220628,20220628SKHH02022,HH,SK,대전
20220629,20220629HTWO02022,WO,HT,고척
20220629,20220629KTSS02022,SS,KT,대구
20220629,20220629SKHH02022,HH,SK,대전
20220630,20220630HTWO02022,WO,HT,고척
20220630,20220630KTSS02022,SS,KT,대구
20220630,20220630OBLT02022,LT,OB,사직
20220701,20220701SSG1,,,
20220701,20220701HHWO02022,WO,HH,고척
20220701,20220701HTSK02022,SK,HT,문학
20220701,20220701LTLG02022,LG,LT,잠실
20220701,20220701OBKT02022,KT,OB,수원
20220702,20220702HHWO02022,WO,HH,고척
20220702,20220702SSG1,,,
20220702,20220702HTSK02022,SK,HT,문학
20220702,20220702LTLG02022,LG,LT,잠실
20220702,20220702OBKT02022,KT,OB,수원
20220702,20220702SSNC02022,NC,SS,창원
20220703,20220703HHWO02022,WO,HH,고척
20220703,20220703SSG1,,,
20220703,20220703HTSK02022,SK,HT,문학
20220703,20220703LTLG02022,LG,LT,잠실
20220703,20220703OBKT02022,KT,OB,수원
20220703,20220703SSNC02022,NC,SS,창원
20220705,20220705SSG1,,,
20220705,20220705LGSS02022,SS,LG,대구
20220705,20220705LTSK02022,SK,LT,문학
20220705,20220705NCHH02022,HH,NC,대전
20220705,20220705WOOB02022,OB,WO,잠실
20220706,20220706SSG1,,,
20220706,20220706KTHT02022,HT,KT,광주
20220706,20220706LGSS02022,SS,LG,대구
20220706,20220706LTSK02022,SK,LT,문학
20220706,20220706NCHH02022,HH,NC,대전
20220706,20220706WOOB02022,OB,WO,잠실
20220707,20220707SSG1,,,
20220707,20220707LGSS02022,SS,LG,대구
20220707,20220707LTSK02022,SK,LT,문학
20220707,20220707NCHH02022,HH,NC,대전
20220707,20220707WOOB02022,OB,WO,잠실
20220708,20220708HHHT02022,HT,HH,광주
20220708,20220708LGOB02022,OB,LG,잠실
20220708,20220708LTKT02022,KT,LT,수원
20220708,20220708NCWO02022,WO,NC,고척
20220708,20220708SKSS02022,SS,SK,대구
20220709,20220709NCWO02022,WO,NC,고척
20220709,20220709HHHT02022,HT,HH,광주
20220709,20220709LGOB02022,OB,LG,잠실
20220709,20220709LTKT02022,KT,LT,수원
20220709,20220709SKSS02022,SS,SK,대구
20220710,20220710NCWO02022,WO,NC,고척
20220710,20220710HHHT02022,HT,HH,광주
20220710,20220710LGOB02022,OB,LG,잠실
20220710,20220710LTKT02022,KT,LT,수원
20220710,20220710SKSS02022,SS,SK,대구
20220712,20220712SSG1,,,
20220712,20220712HHLT02022,LT,HH,사직
20220712,20220712HTLG02022,LG,HT,잠실
20220712,20220712OBNC02022,NC,OB,창원
20220712,20220712SSKT02022,KT,SS,수원
20220712,20220712WOSK02022,SK,WO,문학
20220713,20220713HHLT02022,LT,HH,사직
20220713,20220713OBNC02022,NC,OB,창원
20220714,20220714SSG1,,,
20220714,20220714HHLT02022,LT,HH,사직
20220714,20220714HTLG02022,LG,HT,잠실
20220714,20220714OBNC02022,NC,OB,창원
20220714,20220714SSKT02022,KT,SS,수원
20220714,20220714WOSK02022,SK,WO,문학
20220715,20220715KBO1,,,잠실 야구장
20220716,99990716WEEA02022,EA,WE,잠실
20220721,20220721SPOBB1,,,목동야구장
20220721,20220721SPOBB2,,,목동야구장
20220722,20220722SPOBB1,,,목동야구장
20220722,20220722SPOBB2,,,목동야구장
20220722,20220722HTLT02022,LT,HT,사직
20220722,20220722KTHH02022,HH,KT,대전
20220722,20220722LGNC02022,NC,LG,창원
20220722,20220722SKOB02022,OB,SK,잠실
20220722,20220722SSWO02022,WO,SS,고척
20220723,20220723SPOBB1,,,목동야구장
20220723,20220723SPOBB2,,,목동야구장
20220723,20220723SSWO02022,WO,SS,고척
20220723,20220723HTLT02022,LT,HT,사직
20220723,20220723KTHH02022,HH,KT,대전
20220723,20220723LGNC02022,NC,LG,창원
20220724,20220724SSWO02022,WO,SS,고척
20220724,20220724HTLT02022,LT,HT,사직
20220724,20220724KTHH02022,HH,KT,대전
20220724,20220724LGNC02022,NC,LG,창원
20220724,20220724SKOB02022,OB,SK,잠실
20220725,20220725KUSF1,,,농협대학교 야구장
20220725,20220725SPOBB1,,,목동야구장
20220726,20220726SSG1,,,
20220726,20220726HHSS02022,SS,HH,포항
20220726,20220726LGSK02022,SK,LG,문학
20220726,20220726LTOB02022,OB,LT,잠실
20220726,20220726NCHT02022,HT,NC,광주
20220726,20220726WOKT02022,KT,WO,수원
20220727,20220727KUSF1,,,농협대학교 야구장
20220727,20220727SSG1,,,
20220727,20220727HHSS02022,SS,HH,포항
20220727,20220727LGSK02022,SK,LG,문학
20220727,20220727LTOB02022,OB,LT,잠실
20220727,20220727NCHT02022,HT,NC,광주
20220727,20220727WOKT02022,KT,WO,수원
20220728,20220728SSG1,,,
20220728,20220728HHSS02022,SS,HH,포항
20220728,20220728LGSK02022,SK,LG,문학
20220728,20220728LTOB02022,OB,LT,잠실
20220728,20220728NCHT02022,HT,NC,광주
20220728,20220728WOKT02022,KT,WO,수원
20220729,20220729KTLG02022,LG,KT,잠실
20220729,20220729LTSS02022,SS,LT,대구
20220729,20220729OBHH02022,HH,OB,대전
20220729,20220729SKHT02022,HT,SK,광주
20220729,20220729WONC02022,NC,WO,창원
20220730,20220730KTLG02022,LG,KT,잠실
20220730,20220730LTSS02022,SS,LT,대구
20220730,20220730OBHH02022,HH,OB,대전
20220730,20220730SKHT02022,HT,SK,광주
20220730,20220730WONC02022,NC,WO,창원
20220731,20220731LTSS02022,SS,LT,대구
20220731,20220731SKHT02022,HT,SK,광주
20220802,20220802HTHH02022,HH,HT,대전
20220802,20220802LGLT02022,LT,LG,사직
20220802,20220802SKWO02022,WO,SK,고척
20220803,20220803HTHH02022,HH,HT,대전
20220803,20220803KTNC02022,NC,KT,창원
20220803,20220803LGLT02022,LT,LG,사직
20220803,20220803SKWO02022,WO,SK,고척
20220803,20220803SSOB02022,OB,SS,잠실
20220804,20220804HTHH02022,HH,HT,대전
20220804,20220804KTNC02022,NC,KT,창원
20220804,20220804LGLT02022,LT,LG,사직
20220804,20220804SKWO02022,WO,SK,고척
20220804,20220804SSOB02022,OB,SS,잠실
20220805,20220805SSG1,,,
20220805,20220805HHKT02022,KT,HH,수원
20220805,20220805NCLT02022,LT,NC,사직
20220805,20220805OBHT02022,HT,OB,광주
20220805,20220805SSSK02022,SK,SS,문학
20220805,20220805WOLG02022,LG,WO,잠실
20220806,20220806SSG1,,,
20220806,20220806HHKT02022,KT,HH,수원
20220806,20220806NCLT02022,LT,NC,사직
20220806,20220806OBHT02022,HT,OB,광주
20220806,20220806SSSK02022,SK,SS,문학
20220806,20220806WOLG02022,LG,WO,잠실
20220807,20220807SSG1,,,
20220807,20220807HHKT02022,KT,HH,수원
20220807,20220807NCLT02022,LT,NC,사직
20220807,20220807OBHT02022,HT,OB,광주
20220807,20220807SSSK02022,SK,SS,문학
20220807,20220807WOLG02022,LG,WO,잠실
20220810,20220810RDS1,,,
20220810,20220810HTSS02022,SS,HT,대구
20220810,20220810KTSK02022,SK,KT,문학
20220810,20220810LTWO02022,WO,LT,고척
20220810,20220810NCOB02022,OB,NC,잠실
20220811,20220811RDS1,,,
20220811,20220811KTSK02022,SK,KT,문학
20220811,20220811LTWO02022,WO,LT,고척
20220811,20220811NCOB02022,OB,NC,잠실
20220812,20220812RDS1,,,
20220812,20220812HTSS02022,SS,HT,대구
20220812,20220812KTSK02022,SK,KT,문학
20220812,20220812LGHH02022,HH,LG,대전
20220812,20220812LTWO02022,WO,LT,고척
20220812,20220812NCOB02022,OB,NC,잠실
20220813,20220813LTHT02022,HT,LT,광주
20220813,20220813SKOB02022,OB,SK,잠실
20220813,20220813SSKT02022,KT,SS,수원
20220813,20220813WOHH02022,HH,WO,대전
20220814,20220814MSB1,,,기장현대차드림볼파크
20220814,20220814LGNC02022,NC,LG,창원
20220814,20220814LTHT02022,HT,LT,광주
20220814,20220814SKOB02022,OB,SK,잠실
20220814,20220814SSKT02022,KT,SS,수원
20220814,20220814WOHH02022,HH,WO,대전
20220815,20220815MSB1,,,기장현대차드림볼파크
20220816,20220816SSLG02022,LG,SS,잠실
20220816,20220816WOKT02022,KT,WO,수원
20220817,20220817HHNC02022,NC,HH,창원
20220817,20220817OBLT02022,LT,OB,사직
20220817,20220817SKHT02022,HT,SK,광주
20220817,20220817SSLG02022,LG,SS,잠실
20220817,20220817WOKT02022,KT,WO,수원
20220818,20220818SSG1,,,
20220818,20220818KTLT02022,LT,KT,사직
20220818,20220818LGSK02022,SK,LG,문학
20220818,20220818NCHT02022,HT,NC,광주
20220818,20220818SSHH02022,HH,SS,대전
20220818,20220818WOOB02022,OB,WO,잠실
20220819,20220819SSG1,,,
20220819,20220819KTLT02022,LT,KT,사직
20220819,20220819NCHT02022,HT,NC,광주
20220819,20220819SSHH02022,HH,SS,대전
20220820,20220820SKWO02022,WO,SK,고척
20220820,20220820HHLT02022,LT,HH,사직
20220820,20220820HTKT02022,KT,HT,수원
20220820,20220820OBLG02022,LG,OB,잠실
20220821,20220821SKWO02022,WO,SK,고척
20220821,20220821HHLT02022,LT,HH,사직
20220821,20220821HTKT02022,KT,HT,수원
20220821,20220821NCSS02022,SS,NC,대구
20220821,20220821OBLG02022,LG,OB,잠실
20220823,20220823RDS1,,,
20220823,20220823HTWO02022,WO,HT,고척
20220823,20220823KTOB02022,OB,KT,잠실
20220823,20220823LGHH02022,HH,LG,대전
20220823,20220823LTNC02022,NC,LT,창원
20220823,20220823SSSK02022,SK,SS,문학
20220824,20220824RDS1,,,
20220824,20220824HTWO02022,WO,HT,고척
20220824,20220824KTOB02022,OB,KT,잠실
20220824,20220824LGHH02022,HH,LG,대전
20220824,20220824LTNC02022,NC,LT,창원
20220824,20220824SSSK02022,SK,SS,문학
20220825,20220825HTLG02022,LG,HT,잠실
20220825,20220825OBHH02022,HH,OB,대전
20220825,20220825SKKT02022,KT,SK,수원
20220825,20220825SSLT02022,LT,SS,사직
20220825,20220825WONC02022,NC,WO,창원
20220826,20220826HTLG02022,LG,HT,잠실
20220826,20220826OBHH02022,HH,OB,대전
20220826,20220826SKKT02022,KT,SK,수원
20220826,20220826SSLT02022,LT,SS,사직
20220826,20220826WONC02022,NC,WO,창원
20220827,20220827RDS1,,,
20220827,20220827HHSS02022,SS,HH,대구
20220827,20220827KTNC02022,NC,KT,창원
20220827,20220827LTSK02022,SK,LT,문학
20220827,20220827OBHT02022,HT,OB,광주
20220827,20220827WOLG02022,LG,WO,잠실
20220828,20220828RDS1,,,
20220828,20220828HHSS02022,SS,HH,대구
20220828,20220828KTNC02022,NC,KT,창원
20220828,20220828LTSK02022,SK,LT,문학
20220828,20220828OBHT02022,HT,OB,광주
20220828,20220828WOLG02022,LG,WO,잠실
20220830,20220830LTWO02022,WO,LT,고척
20220831,20220831HTHH02022,HH,HT,대전
20220831,20220831LTWO02022,WO,LT,고척
20220831,20220831NCLG02022,LG,NC,잠실
20220831,20220831OBKT02022,KT,OB,수원
20220831,20220831SKSS02022,SS,SK,대구
20220901,20220901RDS1,,,
20220901,20220901HHWO02022,WO,HH,고척
20220901,20220901LGKT02022,KT,LG,수원
20220901,20220901LTOB02022,OB,LT,잠실
20220901,20220901NCSK02022,SK,NC,문학
20220901,20220901SSHT02022,HT,SS,광주
20220902,20220902RDS1,,,
20220902,20220902HHWO02022,WO,HH,고척
20220902,20220902LGKT02022,KT,LG,수원
20220902,20220902LTOB02022,OB,LT,잠실
20220902,20220902NCSK02022,SK,NC,문학
20220902,20220902SSHT02022,HT,SS,광주
20220903,20220903RDS1,,,
20220903,20220903KTHT02022,HT,KT,광주
20220903,20220903NCHH02022,HH,NC,대전
20220903,20220903SSOB02022,OB,SS,잠실
20220903,20220903WOSK02022,SK,WO,문학
20220904,20220904KTHT02022,HT,KT,광주
20220904,20220904LGLT02022,LT,LG,사직
20220904,20220904NCHH02022,HH,NC,대전
20220906,20220906HHKT02022,KT,HH,수원
20220906,20220906HTLT02022,LT,HT,울산
20220906,20220906OBNC02022,NC,OB,창원
20220906,20220906SKLG02022,LG,SK,잠실
20220906,20220906WOSS02022,SS,WO,대구
20220907,20220907HHKT02022,KT,HH,수원
20220907,20220907HTLT02022,LT,HT,울산
20220907,20220907OBNC02022,NC,OB,창원
20220907,20220907SKLG02022,LG,SK,잠실
20220907,20220907WOSS02022,SS,WO,대구
20220908,20220908RDS1,,,
20220908,20220908HHOB02022,OB,HH,잠실
20220908,20220908HTSK02022,SK,HT,문학
20220908,20220908LGWO02022,WO,LG,고척
20220908,20220908LTSS02022,SS,LT,대구
20220908,20220908NCKT02022,KT,NC,수원
20220909,20220909RDS1,,,
20220909,20220909HHOB02022,OB,HH,잠실
20220909,20220909HTSK02022,SK,HT,문학
20220909,20220909LGWO02022,WO,LG,고척
20220909,20220909LTSS02022,SS,LT,대구
20220909,20220909NCKT02022,KT,NC,수원
20220910,20220910HTOB02022,OB,HT,잠실
20220910,20220910KTWO02022,WO,KT,고척
20220910,20220910LGSS02022,SS,LG,대구
20220910,20220910NCLT02022,LT,NC,사직
20220910,20220910SKHH02022,HH,SK,대전
20220911,20220911HTOB02022,OB,HT,잠실
20220911,20220911KTWO02022,WO,KT,고척
20220911,20220911LGSS02022,SS,LG,대구
20220911,20220911NCLT02022,LT,NC,사직
20220911,20220911SKHH02022,HH,SK,대전
20220913,20220913KTHH02022,HH,KT,대전
20220913,20220913LGOB02022,OB,LG,잠실
20220913,20220913SKLT02022,LT,SK,사직
20220913,20220913SSNC02022,NC,SS,창원
20220913,20220913WOHT02022,HT,WO,광주
20220914,20220914UBASEBALL1,,,
20220914,20220914UBASEBALL2,,,
20220914,20220914UBASEBALL3,,,
20220914,20220914KTHH02022,HH,KT,대전
20220914,20220914LGOB02022,OB,LG,잠실
20220914,20220914SKLT02022,LT,SK,사직
20220914,20220914SSNC02022,NC,SS,창원
20220914,20220914WOHT02022,HT,WO,광주
20220915,20220915UBASEBALL1,,,목동야구장
20220915,20220915UBASEBALL2,,,
20220915,20220915KBODRAFT1,,,서울 웨스틴조선호텔 그랜드볼룸
20220915,20220915UBASEBALL3,,,목동야구장
20220915,20220915HHHT02022,HT,HH,광주
20220915,20220915KTLG02022,LG,KT,잠실
20220915,20220915OBSS02022,SS,OB,대구
20220915,20220915SKNC02022,NC,SK,창원
20220915,20220915WOLT02022,LT,WO,사직
20220916,20220916UBASEBALL1,,,목동야구장
20220916,20220916UBASEBALL2,,,목동야구장
20220916,20220916UBASEBALL3,,,목동야구장
20220916,20220916HHHT02022,HT,HH,광주
20220916,20220916OBSS02022,SS,OB,대구
20220916,20220916SKNC02022,NC,SK,창원
20220916,20220916WOLT02022,LT,WO,사직
20220917,20220917RDS1,,,
20220917,20220917HHLG02022,LG,HH,잠실
20220917,20220917HTSS02022,SS,HT,대구
20220917,20220917LTKT02022,KT,LT,수원
20220917,20220917NCWO02022,WO,NC,고척
20220917,20220917OBSK02022,SK,OB,문학
20220918,20220918RDS1,,,
20220918,20220918HHLG02022,LG,HH,잠실
20220918,20220918HTSS02022,SS,HT,대구
20220918,20220918LTKT02022,KT,LT,수원
20220918,20220918NCWO02022,WO,NC,고척
20220918,20220918OBSK02022,SK,OB,문학
20220919,20220919UBASEBALL1,,,목동야구장
20220919,20220919UBASEBALL2,,,목동야구장
20220919,20220919UBASEBALL3,,,목동야구장
20220920,20220920UBASEBALL1,,,목동야구장
20220920,20220920UBASEBALL2,,,목동야구장
20220920,20220920UBASEBALL3,,,목동야구장
20220920,20220920SSG1,,,
20220920,20220920SSG2,,,
20220920,20220920KTSK02022,SK,KT,문학
20220920,20220920LGHT02022,HT,LG,광주
20220920,20220920LTHH02022,HH,LT,대전
20220920,20220920NCOB02022,OB,NC,잠실
20220920,20220920SSWO02022,WO,SS,고척
20220921,20220921UBASEBALL1,,,목동야구장
20220921,20220921UBASEBALL2,,,목동야구장
20220921,20220921SSG1,,,
20220921,20220921SSG2,,,
20220921,20220921KTSK02022,SK,KT,문학
20220921,20220921LGHT02022,HT,LG,광주
20220921,20220921LTHH02022,HH,LT,대전
20220921,20220921NCOB02022,OB,NC,잠실
20220921,20220921SSWO02022,WO,SS,고척
20220922,20220922UBASEBALL1,,,목동야구장
20220922,20220922UBASEBALL2,,,목동야구장
20220922,20220922SSG1,,,
20220922,20220922SSG2,,,
20220922,20220922HHSK02022,SK,HH,문학
20220922,20220922HTNC02022,NC,HT,창원
20220922,20220922KTSS02022,SS,KT,대구
20220922,20220922LTLG02022,LG,LT,잠실
20220922,20220922OBWO02022,WO,OB,고척
20220923,20220923UBASEBALL1,,,2022 KUSF 대학야구 U리그
20220923,20220923SSGS1,,,
20220923,20220923SSGS2,,,
20220923,20220923HHSK02022,SK,HH,문학
20220923,20220923HTNC02022,NC,HT,창원
20220923,20220923KTSS02022,SS,KT,대구
20220923,20220923LTLG02022,LG,LT,잠실
20220923,20220923OBWO02022,WO,OB,고척
20220924,20220924SSGS1,,,
20220924,20220924HHLG02022,LG,HH,잠실
20220924,20220924HTNC02022,NC,HT,창원
20220924,20220924LTWO02022,WO,LT,고척
20220924,20220924OBSK02022,SK,OB,문학
20220925,20220925SSGS1,,,
20220925,20220925HHOB02022,OB,HH,잠실
20220925,20220925HTSS02022,SS,HT,대구
20220925,20220925KTNC02022,NC,KT,창원
20220925,20220925LGSK02022,SK,LG,문학
20220927,20220927LGHH02022,HH,LG,대전
20220927,20220927OBKT02022,KT,OB,수원
20220927,20220927WONC02022,NC,WO,창원
20220928,20220928LGHH02022,HH,LG,대전
20220928,20220928OBKT02022,KT,OB,수원
20220928,20220928SSNC02022,NC,SS,창원
20220929,20220929SSG1,,,
20220929,20220929KTLG02022,LG,KT,잠실
20220929,20220929LTHT02022,HT,LT,광주
20220929,20220929NCSS02022,SS,NC,대구
20220929,20220929OBHH02022,HH,OB,대전
20220929,20220929WOSK02022,SK,WO,문학
20220930,20220930SSG1,,,
20220930,20220930LTHH02022,HH,LT,대전
20220930,20220930NCLG02022,LG,NC,잠실
20220930,20220930OBSS02022,SS,OB,대구
20220930,20220930WOSK02022,SK,WO,문학
20221001,20221001NCLG02022,LG,NC,잠실
20221001,20221001OBSS02022,SS,OB,대구
20221001,20221001SKHT02022,HT,SK,광주
20221002,20221002HTHH02022,HH,HT,대전
20221002,20221002NCLG02022,LG,NC,잠실
20221002,20221002OBLT02022,LT,OB,사직
20221003,20221003OBLT02022,LT,OB,사직
20221003,20221003SKHH02022,HH,SK,대전
20221004,20221004HTLG02022,LG,HT,잠실
20221004,20221004SSKT02022,KT,SS,수원
20221005,20221005LGHT02022,HT,LG,광주
20221005,20221005LTNC02022,NC,LT,창원
20221005,20221005SKOB02022,OB,SK,잠실
20221005,20221005SSKT02022,KT,SS,수원
20221006,20221006LGHT02022,HT,LG,광주
20221006,20221006SKNC02022,NC,SK,창원
20221006,20221006SSOB02022,OB,SS,잠실
20221006,20221006WOHH02022,HH,WO,대전
20221007,20221007KTHT02022,HT,KT,광주
20221007,20221007LGNC02022,NC,LG,창원
20221007,20221007SSOB02022,OB,SS,잠실
20221008,20221008HHNC02022,NC,HH,창원
20221008,20221008KTHT02022,HT,KT,광주
20221008,20221008LGLT02022,LT,LG,사직
20221008,20221008SKSS02022,SS,SK,대구
20221008,20221008WOOB02022,OB,WO,잠실
20221010,20221010BB1,,,기장현대차드림볼파크
20221010,20221010NCKT02022,KT,NC,수원
20221011,20221011KTLG02022,LG,KT,잠실
20221013,44441013HTKT02022,KT,HT,수원
20221016,33331016KTWO02022,WO,KT,고척
20221017,33331017KTWO02022,WO,KT,고척
20221019,33331019WOKT02022,KT,WO,수원
20221020,33331020WOKT02022,KT,WO,수원
20221022,33331022KTWO02022,WO,KT,고척
20221024,55551024WOLG02022,LG,WO,잠실
20221025,55551025WOLG02022,LG,WO,잠실
20221027,55551027LGWO02022,WO,LG,고척
20221028,20221028YK1,,,잠실야구장
20221028,55551028LGWO02022,WO,LG,고척
20221031,20221031KBO1,,,
20221101,77771101WOSK02022,SK,WO,문학
20221102,77771102WOSK02022,SK,WO,문학
20221104,77771104SKWO02022,WO,SK,고척
20221105,77771105SKWO02022,WO,SK,고척
20221107,77771107WOSK02022,SK,WO,문학
20221108,77771108WOSK02022,SK,WO,문학
20221112,20221112UBB1,,,
20221113,20221113UBB1,,,
20221117,20221117KBO1,,,서울 웨스틴조선호텔 그랜드볼룸
20221117,20221117KBO2,,,부산 MBC 드림홀
20230303,20230303BASE1,,,
20230305,20230305BASE1,,,
20230312,20230312HSBB1,,,현대차드림볼파크 야구장
20230313,20230313HTHH02023,HH,HT,대전
20230313,20230313KTWO02023,WO,KT,고척
20230313,20230313LGNC02023,NC,LG,창원
20230313,20230313OBLT02023,LT,OB,사직
20230313,20230313SKSS02023,SS,SK,대구
20230314,20230314HTHH02023,HH,HT,대전
20230314,20230314KTWO02023,WO,KT,고척
20230314,20230314LGNC02023,NC,LG,창원
20230314,20230314OBLT02023,LT,OB,사직
20230314,20230314SKSS02023,SS,SK,대구
20230315,20230315HTWO02023,WO,HT,고척
20230315,20230315KTHH02023,HH,KT,대전
20230315,20230315LGSS02023,SS,LG,대구
20230315,20230315OBNC02023,NC,OB,창원
20230315,20230315SKLT02023,LT,SK,사직
20230316,20230316HTWO02023,WO,HT,고척
20230316,20230316KTHH02023,HH,KT,대전
20230316,20230316LGSS02023,SS,LG,대구
20230316,20230316OBNC02023,NC,OB,창원
20230316,20230316SKLT02023,LT,SK,사직
20230318,20230318KTSS02023,SS,KT,대구
20230318,20230318LGLT02023,LT,LG,사직
20230318,20230318OBHT02023,HT,OB,광주
20230318,20230318SKNC02023,NC,SK,창원
20230318,20230318WOHH02023,HH,WO,대전
20230319,20230319KTSS02023,SS,KT,대구
20230319,20230319LGLT02023,LT,LG,사직
20230319,20230319OBHT02023,HT,OB,광주
20230319,20230319SKNC02023,NC,SK,창원
20230319,20230319WOHH02023,HH,WO,대전
20230320,20230320LGHT02023,HT,LG,광주
20230320,20230320LTSS02023,SS,LT,대구
20230320,20230320OBKT02023,KT,OB,수원
20230320,20230320SKHH02023,HH,SK,대전
20230320,20230320WONC02023,NC,WO,창원
20230321,20230321LGHT02023,HT,LG,광주
20230321,20230321LTSS02023,SS,LT,대구
20230321,20230321OBKT02023,KT,OB,수원
20230321,20230321SKHH02023,HH,SK,대전
20230321,20230321WONC02023,NC,WO,창원
20230323,20230323LGKT02023,KT,LG,수원
20230323,20230323SSWO02023,WO,SS,고척
20230324,20230324LGKT02023,KT,LG,수원
20230324,20230324LTNC02023,NC,LT,창원
20230324,20230324OBHH02023,HH,OB,대전
20230324,20230324SKHT02023,HT,SK,광주
20230324,20230324SSWO02023,WO,SS,고척
20230325,20230325LGWO02023,WO,LG,고척
20230325,20230325SKKT02023,KT,SK,수원
20230325,20230325SSOB02023,OB,SS,잠실
20230325,20230325HHLT02023,LT,HH,사직
20230325,20230325NCHT02023,HT,NC,광주
20230326,20230326HHLT02023,LT,HH,사직
20230326,20230326LGWO02023,WO,LG,고척
20230326,20230326NCHT02023,HT,NC,광주
20230326,20230326SKKT02023,KT,SK,수원
20230326,20230326SSOB02023,OB,SS,잠실
20230327,20230327NCKT02023,KT,NC,수원
20230327,20230327OBWO02023,WO,OB,고척
20230327,20230327SKLG02023,LG,SK,잠실
20230327,20230327HHSS02023,SS,HH,대구
20230327,20230327HTLT02023,LT,HT,사직
20230328,20230328HHSS02023,SS,HH,대구
20230328,20230328HTLT02023,LT,HT,사직
20230328,20230328NCKT02023,KT,NC,수원
20230328,20230328OBWO02023,WO,OB,고척
20230328,20230328SKLG02023,LG,SK,잠실
20230330,20230330KBO1,,,그랜드 하얏트 서울 그랜드 볼룸
20230401,20230401HHWO02023,WO,HH,고척
20230401,20230401HTSK02023,SK,HT,문학
20230401,20230401LGKT02023,KT,LG,수원
20230401,20230401LTOB02023,OB,LT,잠실
20230401,20230401NCSS02023,SS,NC,대구
20230402,20230402HHWO02023,WO,HH,고척
20230402,20230402HTSK02023,SK,HT,문학
20230402,20230402LGKT02023,KT,LG,수원
20230402,20230402LTOB02023,OB,LT,잠실
20230402,20230402NCSS02023,SS,NC,대구
20230404,20230404KIANC1,,,
20230404,20230404HHSS02023,SS,HH,대구
20230404,20230404LGWO02023,WO,LG,고척
20230404,20230404LTSK02023,SK,LT,문학
20230404,20230404NCOB02023,OB,NC,잠실
20230405,20230405LGWO02023,WO,LG,고척
20230405,20230405NCOB02023,OB,NC,잠실
20230406,20230406KIANC1,,,마산야구장
20230406,20230406KIANC2,,,마산야구장
20230406,20230406HHSS02023,SS,HH,대구
20230406,20230406LGWO02023,WO,LG,고척
20230406,20230406NCOB02023,OB,NC,잠실
20230407,20230407DSHH1,,,서산전용연습구장
20230407,20230407KTLT02023,LT,KT,사직
20230407,20230407OBHT02023,HT,OB,광주
20230407,20230407SKHH02023,HH,SK,대전
20230407,20230407SSLG02023,LG,SS,잠실
20230407,20230407WONC02023,NC,WO,창원
20230408,20230408DSHH1,,,
20230408,20230408KTLT02023,LT,KT,사직
20230408,20230408OBHT02023,HT,OB,광주
20230408,20230408SKHH02023,HH,SK,대전
20230408,20230408SSLG02023,LG,SS,잠실
20230408,20230408WONC02023,NC,WO,창원
20230409,20230409DSHH1,,,
20230409,20230409KTLT02023,LT,KT,사직
20230409,20230409OBHT02023,HT,OB,광주
20230409,20230409SKHH02023,HH,SK,대전
20230409,20230409SSLG02023,LG,SS,잠실
20230409,20230409WONC02023,NC,WO,창원
20230411,20230411FU1,,,익산
20230411,20230411HHHT02023,HT,HH,광주
20230411,20230411KTNC02023,NC,KT,창원
20230411,20230411LGLT02023,LT,LG,사직
20230411,20230411SKSS02023,SS,SK,대구
20230411,20230411WOOB02023,OB,WO,잠실
20230412,20230412FU1,,,익산
20230412,20230412HHHT02023,HT,HH,광주
20230412,20230412KTNC02023,NC,KT,창원
20230412,20230412LGLT02023,LT,LG,사직
20230412,20230412SKSS02023,SS,SK,대구
20230413,20230413HHHT02023,HT,HH,광주
20230413,20230413KTNC02023,NC,KT,창원
20230413,20230413LGLT02023,LT,LG,사직
20230413,20230413SKSS02023,SS,SK,대구
20230413,20230413WOOB02023,OB,WO,잠실
20230414,20230414FU1,,,이천(두산)
20230414,20230414HHKT02023,KT,HH,수원
20230414,20230414HTWO02023,WO,HT,고척
20230414,20230414LTSS02023,SS,LT,대구
20230414,20230414NCSK02023,SK,NC,문학
20230414,20230414OBLG02023,LG,OB,잠실
20230415,20230415HHKT02023,KT,HH,수원
20230415,20230415HTWO02023,WO,HT,고척
20230415,20230415LTSS02023,SS,LT,대구
20230415,20230415NCSK02023,SK,NC,문학
20230415,20230415OBLG02023,LG,OB,잠실
20230416,20230416FU1,,,이천(두산)
20230416,20230416FU2,,,이천(두산)
20230416,20230416HHKT02023,KT,HH,수원
20230416,20230416HTWO02023,WO,HT,고척
20230416,20230416LTSS02023,SS,LT,대구
20230416,20230416NCSK02023,SK,NC,문학
20230416,20230416OBLG02023,LG,OB,잠실
20230418,20230418FU1,,,상동
20230418,20230418HTLT02023,LT,HT,사직
20230418,20230418NCLG02023,LG,NC,잠실
20230418,20230418OBHH02023,HH,OB,대전
20230418,20230418SKKT02023,KT,SK,수원
20230418,20230418SSWO02023,WO,SS,고척
20230419,20230419FU1,,,상동
20230419,20230419HTLT02023,LT,HT,사직
20230419,20230419NCLG02023,LG,NC,잠실
20230419,20230419OBHH02023,HH,OB,대전
20230419,20230419SKKT02023,KT,SK,수원
20230419,20230419SSWO02023,WO,SS,고척
20230420,20230420FU1,,,상동
20230420,20230420UBB1,,,횡성베이스볼테마파크
20230420,20230420UBB2,,,횡성베이스볼테마파크
20230420,20230420HTLT02023,LT,HT,사직
20230420,20230420NCLG02023,LG,NC,잠실
20230420,20230420OBHH02023,HH,OB,대전
20230420,20230420SKKT02023,KT,SK,수원
20230420,20230420SSWO02023,WO,SS,고척
20230421,20230421UBB1,,,포항야구장
20230421,20230421UBB2,,,포항야구장
20230421,20230421KTOB02023,OB,KT,잠실
20230421,20230421LGHH02023,HH,LG,대전
20230421,20230421LTNC02023,NC,LT,창원
20230421,20230421SSHT02023,HT,SS,광주
20230421,20230421WOSK02023,SK,WO,문학
20230422,20230422KTOB02023,OB,KT,잠실
20230422,20230422LGHH02023,HH,LG,대전
20230422,20230422LTNC02023,NC,LT,창원
20230422,20230422SSHT02023,HT,SS,광주
20230422,20230422WOSK02023,SK,WO,문학
20230423,20230423KTOB02023,OB,KT,잠실
20230423,20230423LGHH02023,HH,LG,대전
20230423,20230423LTNC02023,NC,LT,창원
20230423,20230423SSHT02023,HT,SS,광주
20230423,20230423WOSK02023,SK,WO,문학
20230425,20230425KTWO02023,WO,KT,고척
20230425,20230425NCHT02023,HT,NC,광주
20230425,20230425SKLG02023,LG,SK,잠실
20230426,20230426HHLT02023,LT,HH,사직
20230426,20230426KTWO02023,WO,KT,고척
20230426,20230426NCHT02023,HT,NC,광주
20230426,20230426OBSS02023,SS,OB,대구
20230426,20230426SKLG02023,LG,SK,잠실
20230427,20230427HHLT02023,LT,HH,사직
20230427,20230427KTWO02023,WO,KT,고척
20230427,20230427NCHT02023,HT,NC,광주
20230427,20230427OBSS02023,SS,OB,대구
20230427,20230427SKLG02023,LG,SK,잠실
20230428,20230428FU1,,,고양
20230428,20230428HTLG02023,LG,HT,잠실
20230428,20230428NCHH02023,HH,NC,대전
20230428,20230428OBSK02023,SK,OB,문학
20230428,20230428SSKT02023,KT,SS,수원
20230428,20230428WOLT02023,LT,WO,사직
20230429,20230429HTLG02023,LG,HT,잠실
20230429,20230429NCHH02023,HH,NC,대전
20230429,20230429OBSK02023,SK,OB,문학
20230429,20230429SSKT02023,KT,SS,수원
20230430,20230430FU1,,,고양
20230430,20230430HTLG02023,LG,HT,잠실
20230430,20230430NCHH02023,HH,NC,대전
20230430,20230430OBSK02023,SK,OB,문학
20230430,20230430SSKT02023,KT,SS,수원
20230430,20230430WOLT02023,LT,WO,사직
20230502,20230502FU1,,,강화
20230502,20230502HHOB02023,OB,HH,잠실
20230502,20230502KTSK02023,SK,KT,문학
20230502,20230502LGNC02023,NC,LG,창원
20230502,20230502LTHT02023,HT,LT,광주
20230502,20230502WOSS02023,SS,WO,대구
20230503,20230503FU1,,,강화
20230503,20230503HHOB02023,OB,HH,잠실
20230503,20230503KTSK02023,SK,KT,문학
20230503,20230503LGNC02023,NC,LG,창원
20230503,20230503LTHT02023,HT,LT,광주
20230503,20230503WOSS02023,SS,WO,대구
20230504,20230504HHOB02023,OB,HH,잠실
20230504,20230504KTSK02023,SK,KT,문학
20230504,20230504WOSS02023,SS,WO,대구
20230505,20230505SKWO02023,WO,SK,고척
20230506,20230506SKWO02023,WO,SK,고척
20230507,20230506FU1,,,익산
20230507,20230507KTHH02023,HH,KT,대전
20230507,20230507LGOB02023,OB,LG,잠실
20230507,20230507SKWO02023,WO,SK,고척
20230509,20230509NCKT02023,KT,NC,수원
20230509,20230509OBLT02023,LT,OB,사직
20230509,20230509SKHT02023,HT,SK,광주
20230509,20230509SSHH02023,HH,SS,대전
20230509,20230509WOLG02023,LG,WO,잠실
20230510,20230510NCKT02023,KT,NC,수원
20230510,20230510OBLT02023,LT,OB,사직
20230510,20230510SKHT02023,HT,SK,광주
20230510,20230510SSHH02023,HH,SS,대전
20230510,20230510WOLG02023,LG,WO,잠실
20230511,20230511NCKT02023,KT,NC,수원
20230511,20230511OBLT02023,LT,OB,사직
20230511,20230511SKHT02023,HT,SK,광주
20230511,20230511SSHH02023,HH,SS,대전
20230511,20230511WOLG02023,LG,WO,잠실
20230512,20230512FU1,,,강화 SSG 퓨처스필드
20230512,20230512HHSK02023,SK,HH,문학
20230512,20230512HTOB02023,OB,HT,잠실
20230512,20230512LGSS02023,SS,LG,대구
20230512,20230512LTKT02023,KT,LT,수원
20230512,20230512NCWO02023,WO,NC,고척
20230513,20230513FU1,,,강화 SSG 퓨처스필드
20230513,20230513HHSK02023,SK,HH,문학
20230513,20230513HTOB02023,OB,HT,잠실
20230513,20230513LGSS02023,SS,LG,대구
20230513,20230513LTKT02023,KT,LT,수원
20230513,20230513NCWO02023,WO,NC,고척
20230514,20230514FU2,,,강화 SSG 퓨처스필드
20230514,20230514HHSK02023,SK,HH,문학
20230514,20230514HTOB02023,OB,HT,잠실
20230514,20230514LGSS02023,SS,LG,대구
20230514,20230514LTKT02023,KT,LT,수원
20230514,20230514NCWO02023,WO,NC,고척
20230516,20230516NCKW1,,,고양국가대표 야구훈련장
20230516,20230516HTSS02023,SS,HT,대구
20230516,20230516KTLG02023,LG,KT,잠실
20230516,20230516LTHH02023,HH,LT,대전
20230516,20230516OBWO02023,WO,OB,고척
20230516,20230516SKNC02023,NC,SK,창원
20230517,20230517NCKW1,,,고양국가대표 야구훈련장
20230517,20230517HTSS02023,SS,HT,대구
20230517,20230517KTLG02023,LG,KT,잠실
20230517,20230517LTHH02023,HH,LT,대전
20230517,20230517OBWO02023,WO,OB,고척
20230517,20230517SKNC02023,NC,SK,창원
20230518,20230518NCKW1,,,고양국가대표 야구훈련장
20230518,20230518KTLG02023,LG,KT,잠실
20230518,20230518LTHH02023,HH,LT,대전
20230518,20230518OBWO02023,WO,OB,고척
20230519,20230519KTLG1,,,이천 LG 챔피언스 파크
20230519,20230519HHLG02023,LG,HH,잠실
20230519,20230519OBKT02023,KT,OB,수원
20230519,20230519SKLT02023,LT,SK,사직
20230519,20230519SSNC02023,NC,SS,창원
20230519,20230519WOHT02023,HT,WO,광주
20230520,20230520KTLG1,,,이천 LG 챔피언스 파크
20230520,20230520HHLG02023,LG,HH,잠실
20230520,20230520OBKT02023,KT,OB,수원
20230520,20230520SKLT02023,LT,SK,사직
20230520,20230520SSNC02023,NC,SS,창원
20230520,20230520WOHT02023,HT,WO,광주
20230521,20230521KTLG1,,,이천 LG 챔피언스 파크
20230521,20230521HHLG02023,LG,HH,잠실
20230521,20230521OBKT02023,KT,OB,수원
20230521,20230521SKLT02023,LT,SK,사직
20230521,20230521SSNC02023,NC,SS,창원
20230521,20230521WOHT02023,HT,WO,광주
20230523,20230523SSNC1,,,마산야구장
20230523,20230523HTHH02023,HH,HT,대전
20230523,20230523LGSK02023,SK,LG,문학
20230523,20230523NCLT02023,LT,NC,사직
20230523,20230523SSOB02023,OB,SS,잠실
20230523,20230523WOKT02023,KT,WO,수원
20230524,20230524SSNC1,,,마산야구장
20230524,20230524HTHH02023,HH,HT,대전
20230524,20230524LGSK02023,SK,LG,문학
20230524,20230524NCLT02023,LT,NC,사직
20230524,20230524SSOB02023,OB,SS,잠실
20230524,20230524WOKT02023,KT,WO,수원
20230525,20230525SSNC1,,,마산야구장
20230525,20230525HTHH02023,HH,HT,대전
20230525,20230525LGSK02023,SK,LG,문학
20230525,20230525NCLT02023,LT,NC,사직
20230525,20230525SSOB02023,OB,SS,잠실
20230525,20230525WOKT02023,KT,WO,수원
20230526,20230526HHNC02023,NC,HH,창원
20230526,20230526KTSS02023,SS,KT,대구
20230526,20230526LGHT02023,HT,LG,광주
20230526,20230526LTWO02023,WO,LT,고척
20230526,20230526SKOB02023,OB,SK,잠실
20230527,20230527HHNC02023,NC,HH,창원
20230527,20230527KTSS02023,SS,KT,대구
20230527,20230527LGHT02023,HT,LG,광주
20230527,20230527LTWO02023,WO,LT,고척
20230528,20230528KTSS02023,SS,KT,대구
20230528,20230528LGHT02023,HT,LG,광주
20230528,20230528LTWO02023,WO,LT,고척
20230530,20230530KTLT,,,상동야구장
20230530,20230530KTHT02023,HT,KT,광주
20230530,20230530LTLG02023,LG,LT,잠실
20230530,20230530OBNC02023,NC,OB,창원
20230530,20230530SSSK02023,SK,SS,문학
20230530,20230530WOHH02023,HH,WO,대전
20230531,20230531KTLT,,,상동야구장
20230531,20230531KTHT02023,HT,KT,광주
20230531,20230531LTLG02023,LG,LT,잠실
20230531,20230531OBNC02023,NC,OB,창원
20230531,20230531SSSK02023,SK,SS,문학
20230531,20230531WOHH02023,HH,WO,대전
20230601,20230601KTLT,,,상동야구장
20230601,20230601LTLG02023,LG,LT,잠실
20230601,20230601SSSK02023,SK,SS,문학
20230601,20230601WOHH02023,HH,WO,대전
20230602,20230602HTLT02023,LT,HT,사직
20230602,20230602NCLG02023,LG,NC,잠실
20230602,20230602OBKT02023,KT,OB,수원
20230602,20230602SSHH02023,HH,SS,대전
20230602,20230602WOSK02023,SK,WO,문학
20230603,20230603HTLT02023,LT,HT,사직
20230603,20230603NCLG02023,LG,NC,잠실
20230603,20230603OBKT02023,KT,OB,수원
20230603,20230603SSHH02023,HH,SS,대전
20230603,20230603WOSK02023,SK,WO,문학
20230604,20230604HTLT02023,LT,HT,사직
20230604,20230604NCLG02023,LG,NC,잠실
20230604,20230604OBKT02023,KT,OB,수원
20230604,20230604SSHH02023,HH,SS,대전
20230604,20230604WOSK02023,SK,WO,문학
20230606,20230606OBLG,,,이천 LG 챔피언스 파크
20230606,20230606HHOB02023,OB,HH,잠실
20230606,20230606LGWO02023,WO,LG,고척
20230606,20230606SKHT02023,HT,SK,광주
20230606,20230606KTLT02023,LT,KT,사직
20230606,20230606NCSS02023,SS,NC,대구
20230607,20230607OBLG,,,이천 LG 챔피언스 파크
20230607,20230607HHOB02023,OB,HH,잠실
20230607,20230607KTLT02023,LT,KT,사직
20230607,20230607LGWO02023,WO,LG,고척
20230607,20230607NCSS02023,SS,NC,대구
20230607,20230607SKHT02023,HT,SK,광주
20230608,20230608OBLG,,,이천 LG 챔피언스 파크
20230608,20230608HHOB02023,OB,HH,잠실
20230608,20230608KTLT02023,LT,KT,사직
20230608,20230608LGWO02023,WO,LG,고척
20230608,20230608NCSS02023,SS,NC,대구
20230608,20230608SKHT02023,HT,SK,광주
20230609,20230609NCKIA,,,기아 챌린저스 필드
20230609,20230609HTOB02023,OB,HT,잠실
20230609,20230609LGHH02023,HH,LG,대전
20230609,20230609LTSS02023,SS,LT,대구
20230609,20230609SKNC02023,NC,SK,창원
20230609,20230609WOKT02023,KT,WO,수원
20230610,20230610NCKIA,,,기아 챌린저스 필드
20230610,20230610HTOB02023,OB,HT,잠실
20230610,20230610LGHH02023,HH,LG,대전
20230610,20230610LTSS02023,SS,LT,대구
20230610,20230610SKNC02023,NC,SK,창원
20230610,20230610WOKT02023,KT,WO,수원
20230611,20230611DC1,,,
20230611,20230611DC2,,,
20230611,20230611HTOB02023,OB,HT,잠실
20230611,20230611LGHH02023,HH,LG,대전
20230611,20230611LTSS02023,SS,LT,대구
20230611,20230611SKNC02023,NC,SK,창원
20230611,20230611WOKT02023,KT,WO,수원
20230612,20230612DC1,,,
20230613,20230613SMKY1,,,
20230613,20230613HHLT02023,LT,HH,사직
20230613,20230613HTWO02023,WO,HT,고척
20230613,20230613KTSK02023,SK,KT,문학
20230613,20230613OBNC02023,NC,OB,창원
20230613,20230613SSLG02023,LG,SS,잠실
20230614,20230614SMGY1,,,
20230614,20230614HHLT02023,LT,HH,사직
20230614,20230614HTWO02023,WO,HT,고척
20230614,20230614KTSK02023,SK,KT,문학
20230614,20230614OBNC02023,NC,OB,창원
20230614,20230614SSLG02023,LG,SS,잠실
20230615,20230615SMGY1,,,
20230615,20230615HHLT02023,LT,HH,사직
20230615,20230615HTWO02023,WO,HT,고척
20230615,20230615KTSK02023,SK,KT,문학
20230615,20230615OBNC02023,NC,OB,창원
20230615,20230615SSLG02023,LG,SS,잠실
20230616,20230616FU1,,,강화
20230616,20230616LTSK02023,SK,LT,문학
20230616,20230616NCHT02023,HT,NC,광주
20230616,20230616OBLG02023,LG,OB,잠실
20230616,20230616SSKT02023,KT,SS,수원
20230616,20230616WOHH02023,HH,WO,대전
20230617,20230617FU1,,,강화
20230617,20230617LTSK02023,SK,LT,문학
20230617,20230617NCHT02023,HT,NC,광주
20230617,20230617OBLG02023,LG,OB,잠실
20230617,20230617SSKT02023,KT,SS,수원
20230617,20230617WOHH02023,HH,WO,대전
20230618,20230618FU1,,,강화
20230618,20230618LTSK02023,SK,LT,문학
20230618,20230618NCHT02023,HT,NC,광주
20230618,20230618OBLG02023,LG,OB,잠실
20230618,20230618SSKT02023,KT,SS,수원
20230618,20230618WOHH02023,HH,WO,대전
20230620,20230620FU1,,,함평
20230620,20230620HTHH02023,HH,HT,대전
20230620,20230620LGNC02023,NC,LG,창원
20230620,20230620LTKT02023,KT,LT,수원
20230620,20230620SKOB02023,OB,SK,잠실
20230620,20230620WOSS02023,SS,WO,대구
20230621,20230621FU1,,,함평
20230621,20230621HTHH02023,HH,HT,대전
20230621,20230621LGNC02023,NC,LG,창원
20230621,20230621LTKT02023,KT,LT,수원
20230621,20230621SKOB02023,OB,SK,잠실
20230621,20230621WOSS02023,SS,WO,대구
20230622,20230622FU1,,,함평
20230622,20230622HTHH02023,HH,HT,대전
20230622,20230622LGNC02023,NC,LG,창원
20230622,20230622LTKT02023,KT,LT,수원
20230622,20230622SKOB02023,OB,SK,잠실
20230622,20230622WOSS02023,SS,WO,대구
20230623,20230623HHNC02023,NC,HH,창원
20230623,20230623KTHT02023,HT,KT,광주
20230623,20230623LTLG02023,LG,LT,잠실
20230623,20230623OBWO02023,WO,OB,고척
20230623,20230623SSSK02023,SK,SS,문학
20230624,20230624HHNC02023,NC,HH,창원
20230624,20230624KTHT02023,HT,KT,광주
20230624,20230624LTLG02023,LG,LT,잠실
20230624,20230624OBWO02023,WO,OB,고척
20230624,20230624SSSK02023,SK,SS,문학
20230625,20230625OBWO02023,WO,OB,고척
20230625,20230625LTLG02023,LG,LT,잠실
20230625,20230625SSSK02023,SK,SS,문학
20230627,20230627KTHH02023,HH,KT,대전
20230627,20230627LGSK02023,SK,LG,문학
20230627,20230627NCOB02023,OB,NC,잠실
20230627,20230627SSLT02023,LT,SS,사직
20230627,20230627WOHT02023,HT,WO,광주
20230628,20230627FU1,,,강화 SSG 퓨처스필드
20230628,20230628HHSSG1,,,강화 SSG 퓨처스필드
20230628,20230628KTHH02023,HH,KT,대전
20230628,20230628LGSK02023,SK,LG,문학
20230628,20230628NCOB02023,OB,NC,잠실
20230628,20230628SSLT02023,LT,SS,사직
20230628,20230628WOHT02023,HT,WO,광주
20230630,20230630HHSS02023,SS,HH,대구
20230630,20230630HTLG02023,LG,HT,잠실
20230630,20230630NCKT02023,KT,NC,수원
20230630,20230630OBLT02023,LT,OB,울산
20230630,20230630SKWO02023,WO,SK,고척
20230701,20230701HHSS02023,SS,HH,대구
20230701,20230701HTLG02023,LG,HT,잠실
20230701,20230701NCKT02023,KT,NC,수원
20230701,20230701OBLT02023,LT,OB,울산
20230701,20230701SKWO02023,WO,SK,고척
20230702,20230702SKWO02023,WO,SK,고척
20230702,20230702HHSS02023,SS,HH,대구
20230702,20230702HTLG02023,LG,HT,잠실
20230702,20230702NCKT02023,KT,NC,수원
20230702,20230702OBLT02023,LT,OB,울산
20230704,20230629KTLT1,,,상동
20230704,20230704NCWO02023,WO,NC,고척
20230704,20230704OBSS02023,SS,OB,포항
20230705,20230705FU1,,,상동
20230705,20230705HTSK02023,SK,HT,문학
20230705,20230705KTLG02023,LG,KT,잠실
20230705,20230705LTHH02023,HH,LT,대전
20230705,20230705NCWO02023,WO,NC,고척
20230705,20230705OBSS02023,SS,OB,포항
20230706,20230706FU1,,,상동
20230706,20230706HTSK02023,SK,HT,문학
20230706,20230706KTLG02023,LG,KT,잠실
20230706,20230706LTHH02023,HH,LT,대전
20230706,20230706NCWO02023,WO,NC,고척
20230706,20230706OBSS02023,SS,OB,포항
20230707,20230707HTKT02023,KT,HT,수원
20230707,20230707WOOB02023,OB,WO,잠실
20230708,20230708FU1,,,대구
20230708,20230708HTKT02023,KT,HT,수원
20230708,20230708LGLT02023,LT,LG,사직
20230708,20230708SKHH02023,HH,SK,대전
20230708,20230708SSNC02023,NC,SS,창원
20230708,20230708WOOB02023,OB,WO,잠실
20230709,20230709HTKT02023,KT,HT,수원
20230709,20230709LGLT02023,LT,LG,사직
20230709,20230709SKHH02023,HH,SK,대전
20230709,20230709SSNC02023,NC,SS,창원
20230709,20230709WOOB02023,OB,WO,잠실
20230711,20230711KTWO02023,WO,KT,고척
20230712,20230712FU1,,,이천
20230712,20230712HHLG02023,LG,HH,잠실
20230712,20230712KTWO02023,WO,KT,고척
20230712,20230712LTNC02023,NC,LT,창원
20230712,20230712OBSK02023,SK,OB,문학
20230712,20230712SSHT02023,HT,SS,광주
20230713,20230713KTWO02023,WO,KT,고척
20230713,20230713LTNC02023,NC,LT,창원
20230713,20230713SSHT02023,HT,SS,광주
20230714,20230714KBO1,,,사직
20230715,99990715EAWE02023,WE,EA,사직
20230721,20230721KTSS02023,SS,KT,대구
20230721,20230721NCHH02023,HH,NC,대전
20230721,20230721OBHT02023,HT,OB,광주
20230721,20230721SKLG02023,LG,SK,잠실
20230721,20230721WOLT02023,LT,WO,사직
20230722,20230722KTSS02023,SS,KT,대구
20230722,20230722NCHH02023,HH,NC,대전
20230722,20230722WOLT02023,LT,WO,사직
20230723,20230723KTSS02023,SS,KT,대구
20230723,20230723WOLT02023,LT,WO,사직
20230725,20230725GYHH1,,,서산
20230725,20230725HHWO02023,WO,HH,고척
20230725,20230725HTNC02023,NC,HT,창원
20230725,20230725LGKT02023,KT,LG,수원
20230725,20230725LTOB02023,OB,LT,잠실
20230725,20230725SKSS02023,SS,SK,대구
20230726,20230726UBASEBALL1,,,
20230726,20230726WOHH1,,,서산
20230726,20230726HHWO02023,WO,HH,고척
20230726,20230726HTNC02023,NC,HT,창원
20230726,20230726LGKT02023,KT,LG,수원
20230726,20230726LTOB02023,OB,LT,잠실
20230726,20230726SKSS02023,SS,SK,대구
20230727,20230727WOHH1,,,서산
20230727,20230727HHWO02023,WO,HH,고척
20230727,20230727HTNC02023,NC,HT,창원
20230727,20230727LGKT02023,KT,LG,수원
20230727,20230727LTOB02023,OB,LT,잠실
20230727,20230727SKSS02023,SS,SK,대구
20230728,20230728LTKIA1,,,이천
20230728,20230728HHSK02023,SK,HH,문학
20230728,20230728KTNC02023,NC,KT,창원
20230728,20230728LGOB02023,OB,LG,잠실
20230728,20230728LTHT02023,HT,LT,광주
20230728,20230728SSWO02023,WO,SS,고척
20230729,20230729HHSK02023,SK,HH,문학
20230729,20230729KTNC02023,NC,KT,창원
20230729,20230729LGOB02023,OB,LG,잠실
20230729,20230729LTHT02023,HT,LT,광주
20230729,20230729LTKIA1,,,이천
20230729,20230729SSWO02023,WO,SS,고척
20230730,20230730SSWO02023,WO,SS,고척
20230730,20230730HHSK02023,SK,HH,문학
20230730,20230730KTNC02023,NC,KT,창원
20230730,20230730LGOB02023,OB,LG,잠실
20230730,20230730LTHT02023,HT,LT,광주
20230730,20230730LTKIA1,,,이천
20230801,20230801KIAKT1,,,익산
20230801,20230801HTSS02023,SS,HT,포항
20230801,20230801NCLT02023,LT,NC,사직
20230801,20230801OBHH02023,HH,OB,대전
20230801,20230801SKKT02023,KT,SK,수원
20230801,20230801WOLG02023,LG,WO,잠실
20230802,20230802KIAKT1,,,익산
20230802,20230802HTSS02023,SS,HT,포항
20230802,20230802NCLT02023,LT,NC,사직
20230802,20230802OBHH02023,HH,OB,대전
20230802,20230802SKKT02023,KT,SK,수원
20230802,20230802WOLG02023,LG,WO,잠실
20230803,20230803KIAKT1,,,익산
20230803,20230803HTSS02023,SS,HT,포항
20230803,20230803NCLT02023,LT,NC,사직
20230803,20230803OBHH02023,HH,OB,대전
20230803,20230803SKKT02023,KT,SK,수원
20230803,20230803WOLG02023,LG,WO,잠실
20230804,20230804LGLT1,,,울산
20230804,20230804HHHT02023,HT,HH,광주
20230804,20230804KTOB02023,OB,KT,잠실
20230804,20230804LGSS02023,SS,LG,대구
20230804,20230804SKLT02023,LT,SK,사직
20230804,20230804WONC02023,NC,WO,창원
20230805,20230805HHHT02023,HT,HH,광주
20230805,20230805KTOB02023,OB,KT,잠실
20230805,20230805LGLT1,,,울산
20230805,20230805LGSS02023,SS,LG,대구
20230805,20230805SKLT02023,LT,SK,사직
20230805,20230805WONC02023,NC,WO,창원
20230806,20230806HHHT02023,HT,HH,광주
20230806,20230806KTOB02023,OB,KT,잠실
20230806,20230806LGSS02023,SS,LG,대구
20230806,20230806SKLT02023,LT,SK,사직
20230806,20230806WONC02023,NC,WO,창원
20230806,20230806LGLT1,,,울산
20230808,20230808SMSS1,,,삼성 라이온즈 볼파크
20230808,20230808HHKT02023,KT,HH,수원
20230808,20230808LTWO02023,WO,LT,고척
20230808,20230808NCSK02023,SK,NC,문학
20230808,20230808SSOB02023,OB,SS,잠실
20230809,20230809HHKT02023,KT,HH,수원
20230809,20230809LGHT02023,HT,LG,광주
20230809,20230809LTWO02023,WO,LT,고척
20230809,20230809NCSK02023,SK,NC,문학
20230809,20230809SSOB02023,OB,SS,잠실
20230810,20230810LTWO02023,WO,LT,고척
20230811,20230811HTLT02023,LT,HT,사직
20230811,20230811NCKT02023,KT,NC,수원
20230811,20230811OBHH02023,HH,OB,대전
20230811,20230811SSSK02023,SK,SS,문학
20230811,20230811WOLG02023,LG,WO,잠실
20230812,20230812HTLT02023,LT,HT,사직
20230812,20230812NCKT02023,KT,NC,수원
20230812,20230812OBHH02023,HH,OB,대전
20230812,20230812SSSK02023,SK,SS,문학
20230812,20230812WOLG02023,LG,WO,잠실
20230813,20230813HTLT02023,LT,HT,사직
20230813,20230813NCKT02023,KT,NC,수원
20230813,20230813OBHH02023,HH,OB,대전
20230813,20230813SSSK02023,SK,SS,문학
20230813,20230813WOLG02023,LG,WO,잠실
20230815,20230815HHNC02023,NC,HH,창원
20230815,20230815KTOB02023,OB,KT,잠실
20230815,20230815LGSS02023,SS,LG,대구
20230815,20230815SKLT02023,LT,SK,사직
20230815,20230815WOHT02023,HT,WO,광주
20230815,20230815KWKT1,,,익산야구장
20230816,20230816KWKT1,,,익산야구장
20230816,20230816HHNC02023,NC,HH,창원
20230816,20230816KTOB02023,OB,KT,잠실
20230816,20230816LGSS02023,SS,LG,대구
20230816,20230816SKLT02023,LT,SK,사직
20230816,20230816WOHT02023,HT,WO,광주
20230817,20230817KWKT1,,,익산야구장
20230817,20230817HHNC02023,NC,HH,창원
20230817,20230817KTOB02023,OB,KT,잠실
20230817,20230817LGSS02023,SS,LG,대구
20230817,20230817SKLT02023,LT,SK,사직
20230817,20230817WOHT02023,HT,WO,광주
20230818,20230818HTSS02023,SS,HT,대구
20230818,20230818KTHH02023,HH,KT,대전
20230818,20230818LGSK02023,SK,LG,문학
20230818,20230818LTWO02023,WO,LT,고척
20230819,20230819LTWO02023,WO,LT,고척
20230819,20230819HTSS02023,SS,HT,대구
20230819,20230819KTHH02023,HH,KT,대전
20230819,20230819LGSK02023,SK,LG,문학
20230819,20230819NCOB02023,OB,NC,잠실
20230820,20230820LTWO02023,WO,LT,고척
20230820,20230820HTSS02023,SS,HT,대구
20230820,20230820KTHH02023,HH,KT,대전
20230820,20230820LGSK02023,SK,LG,문학
20230820,20230820NCOB02023,OB,NC,잠실
20230822,20230822LTNC1,,,마산 야구장
20230822,20230822HTKT02023,KT,HT,수원
20230822,20230822OBWO02023,WO,OB,고척
20230822,20230822SSHH02023,HH,SS,대전
20230823,20230823LTNC1,,,마산
20230823,20230823OBWO02023,WO,OB,고척
20230824,20230824HTKT02023,KT,HT,수원
20230824,20230824LTLG02023,LG,LT,잠실
20230824,20230824NCSK02023,SK,NC,문학
20230824,20230824OBWO02023,WO,OB,고척
20230825,20230825HHHT02023,HT,HH,광주
20230825,20230825KTLT02023,LT,KT,사직
20230825,20230825LGNC02023,NC,LG,창원
20230825,20230825SKOB02023,OB,SK,잠실
20230825,20230825WOSS02023,SS,WO,대구
20230826,20230826LGSS1,,,경산
20230826,20230826HHHT02023,HT,HH,광주
20230826,20230826KTLT02023,LT,KT,사직
20230826,20230826LGNC02023,NC,LG,창원
20230826,20230826SKOB02023,OB,SK,잠실
20230826,20230826WOSS02023,SS,WO,대구
20230827,20230827LGSS2,,,경산
20230827,20230827HHHT02023,HT,HH,광주
20230827,20230827KTLT02023,LT,KT,사직
20230827,20230827LGNC02023,NC,LG,창원
20230827,20230827SKOB02023,OB,SK,잠실
20230827,20230827WOSS02023,SS,WO,대구
20230830,20230830WOSK02023,SK,WO,문학
20230831,20230831LTHH02023,HH,LT,대전
20230831,20230831NCHT02023,HT,NC,광주
20230831,20230831OBLG02023,LG,OB,잠실
20230831,20230831SSKT02023,KT,SS,수원
20230831,20230831WOSK02023,SK,WO,문학
20230901,20230901DSNC1,,,마산
20230901,20230901HHLG02023,LG,HH,잠실
20230901,20230901HTSK02023,SK,HT,문학
20230901,20230901KTWO02023,WO,KT,고척
20230901,20230901NCSS02023,SS,NC,대구
20230902,20230902DSNC1,,,
20230902,20230902HHLG02023,LG,HH,잠실
20230902,20230902HTSK02023,SK,HT,문학
20230902,20230902KTWO02023,WO,KT,고척
20230902,20230902NCSS02023,SS,NC,대구
20230903,20230903HHLG02023,LG,HH,잠실
20230903,20230903HTSK02023,SK,HT,문학
20230903,20230903KTWO02023,WO,KT,고척
20230903,20230903NCSS02023,SS,NC,대구
20230903,20230903OBLT02023,LT,OB,사직
20230904,20230904OBLT02023,LT,OB,사직
20230905,20230905LGKT02023,KT,LG,수원
20230905,20230905SKHH02023,HH,SK,대전
20230905,20230905SSLT02023,LT,SS,울산
20230905,20230905WONC02023,NC,WO,창원
20230906,20230906HTOB02023,OB,HT,잠실
20230906,20230906LGKT02023,KT,LG,수원
20230906,20230906SKHH02023,HH,SK,대전
20230906,20230906SSLT02023,LT,SS,울산
20230906,20230906WONC02023,NC,WO,창원
20230907,20230907HTOB02023,OB,HT,잠실
20230907,20230907LGKT02023,KT,LG,수원
20230907,20230907SKHH02023,HH,SK,대전
20230907,20230907SSLT02023,LT,SS,울산
20230907,20230907WONC02023,NC,WO,창원
20230908,20230908GY1,,,목동야구장
20230908,20230908NCSS1,,,경산
20230908,20230908HHWO02023,WO,HH,고척
20230908,20230908LGHT02023,HT,LG,광주
20230908,20230908LTNC02023,NC,LT,창원
20230908,20230908SKKT02023,KT,SK,수원
20230908,20230908SSOB02023,OB,SS,잠실
20230909,20230909NCSS1,,,경산
20230909,20230909HHWO12023,WO,HH,고척
20230909,20230909LGHT12023,HT,LG,광주
20230909,20230909LTNC12023,NC,LT,창원
20230909,20230909SSOB12023,OB,SS,잠실
20230909,20230909SKKT02023,KT,SK,수원
20230909,20230909SSOB22023,OB,SS,잠실
20230909,20230909LTNC22023,NC,LT,창원
20230909,20230909HHWO22023,WO,HH,고척
20230909,20230909LGHT22023,HT,LG,광주
20230910,20230910NCSS1,,,경산
20230910,20230910HHWO02023,WO,HH,고척
20230910,20230910LGHT02023,HT,LG,광주
20230910,20230910LTNC02023,NC,LT,창원
20230910,20230910SKKT02023,KT,SK,수원
20230910,20230910SSOB02023,OB,SS,잠실
20230911,20230911KUSF1,,,목동야구장
20230911,20230911KUSF2,,,목동야구장
20230911,20230911KUSF3,,,목동야구장
20230912,20230912KUSF1,,,목동야구장
20230912,20230912KUSF2,,,목동야구장
20230912,20230912SSKIA1,,,함평
20230912,20230912KUSF3,,,목동야구장
20230912,20230912HHOB02023,OB,HH,잠실
20230912,20230912HTSS02023,SS,HT,대구
20230912,20230912KTSK02023,SK,KT,문학
20230912,20230912NCLT02023,LT,NC,사직
20230913,20230913KUSF1,,,
20230913,20230913KUSF2,,,목동야구장
20230913,20230913SSHT1,,,함평
20230913,20230913KTNC02023,NC,KT,창원
20230913,20230913LTHT02023,HT,LT,광주
20230914,20230914KUSF4,,,목동야구장
20230914,20230913KUSF3,,,목동야구장
20230914,20230914KUSF1,,,목동야구장
20230914,20230914KBO1,,,
20230914,20230914KUSF2,,,목동야구장
20230914,20230914KTSS02023,SS,KT,대구
20230914,20230914SKOB02023,OB,SK,잠실
20230915,20230915KUSF1,,,목동야구장
20230915,20230915KUSF2,,,목동야구장
20230915,20230914KUSF3,,,목동야구장
20230915,20230915LGHH02023,HH,LG,대전
20230915,20230915OBHT02023,HT,OB,광주
20230915,20230915SSNC02023,NC,SS,창원
20230915,20230915WOLT02023,LT,WO,사직
20230916,20230916SKOB0,,,이천
20230916,20230916SKOB1,,,이천
20230916,20230916SKLG02023,LG,SK,잠실
20230917,20230917SKOB1,,,이천
20230917,20230917KTHH12023,HH,KT,대전
20230917,20230917LTSS02023,SS,LT,대구
20230917,20230917OBHT02023,HT,OB,광주
20230917,20230917SKLG12023,LG,SK,잠실
20230917,20230917KTHH22023,HH,KT,대전
20230917,20230917SKLG22023,LG,SK,잠실
20230918,20230918KUSF2,,,
20230918,20230915KUSF3,,,목동야구장
20230918,20230918KUSF3,,,
20230918,20230918KTHH02023,HH,KT,대전
20230918,20230918OBHT02023,HT,OB,광주
20230919,20230919KUSF1,,,목동야구장
20230919,20230919KUSF2,,,목동야구장
20230919,20230919LTSSG1,,,강화
20230919,20230919KUSF3,,,목동야구장
20230919,20230919LGHT02023,HT,LG,광주
20230919,20230919NCOB02023,OB,NC,잠실
20230919,20230919SKHH02023,HH,SK,대전
20230919,20230919SSKT02023,KT,SS,수원
20230919,20230919WOLT02023,LT,WO,사직
20230921,20230921KUSF1,,,목동야구장
20230921,20230921KUSF2,,,목동야구장
20230921,20230921HTHH02023,HH,HT,대전
20230921,20230921LGSK02023,SK,LG,문학
20230921,20230921LTKT02023,KT,LT,수원
20230921,20230921NCWO02023,WO,NC,고척
20230921,20230921OBSS02023,SS,OB,대구
20230922,20230922KUSF1,,,
20230922,20230922KTHT02023,HT,KT,광주
20230922,20230922LTSK02023,SK,LT,문학
20230922,20230922NCLG02023,LG,NC,잠실
20230922,20230922OBSS02023,SS,OB,대구
20230922,20230922WOHH02023,HH,WO,대전
20230923,20230923WOOB1,,,이천
20230923,20230923HHLG02023,LG,HH,잠실
20230923,20230923KTHT02023,HT,KT,광주
20230923,20230923LTSK02023,SK,LT,문학
20230923,20230923OBNC02023,NC,OB,창원
20230924,20230924WOOB1,,,이천
20230924,20230924HHLG02023,LG,HH,잠실
20230924,20230924KTHT02023,HT,KT,광주
20230924,20230924LTSK02023,SK,LT,문학
20230924,20230924OBNC02023,NC,OB,창원
20230926,20230926HTNC02023,NC,HT,창원
20230927,20230927HTNC12023,NC,HT,창원
20230927,20230927KTLG12023,LG,KT,잠실
20230927,20230927OBSK12023,SK,OB,문학
20230927,20230927SSHH12023,HH,SS,대전
20230927,20230927HTNC22023,NC,HT,창원
20230927,20230927KTLG22023,LG,KT,잠실
20230927,20230927SSHH22023,HH,SS,대전
20230927,20230927OBSK22023,SK,OB,문학
20230928,20230928HHLT02023,LT,HH,사직
20230928,20230928HTNC02023,NC,HT,창원
20230928,20230928SKWO02023,WO,SK,고척
20230928,20230928SSLG02023,LG,SS,잠실
20230929,20230929HHLT02023,LT,HH,사직
20230929,20230929HTWO02023,WO,HT,고척
20230929,20230929LGOB02023,OB,LG,잠실
20230930,20230930HTSK02023,SK,HT,문학
20230930,20230930LGOB02023,OB,LG,잠실
20230930,20230930NCSS02023,SS,NC,대구
20231001,20231001HTSK02023,SK,HT,문학
20231001,20231001LGOB02023,OB,LG,잠실
20231001,20231001NCHH02023,HH,NC,대전
20231001,20231001SSLT02023,LT,SS,사직
20231001,20231001WOKT02023,KT,WO,수원
20231001,88881001HKKR02023,KR,HK,샤오싱 메인
20231002,20231002LGKT02023,KT,LG,수원
20231002,20231002NCHH02023,HH,NC,대전
20231002,20231002SSLT12023,LT,SS,사직
20231002,20231002WOOB02023,OB,WO,잠실
20231002,20231002SSLT22023,LT,SS,사직
20231002,88881002KRTW02023,TW,KR,샤오싱 메인
20231003,88881003THKR02023,KR,TH,샤오싱 보조
20231003,20231003HTKT02023,KT,HT,수원
20231003,20231003NCSK02023,SK,NC,문학
20231003,20231003SSLT02023,LT,SS,사직
20231003,20231003WOOB02023,OB,WO,잠실
20231004,20231004HTKT12023,KT,HT,수원
20231004,20231004HHSS02023,SS,HH,대구
20231004,20231004LGLT02023,LT,LG,사직
20231004,20231004NCSK02023,SK,NC,문학
20231004,20231004HTKT22023,KT,HT,수원
20231005,88881005JPKR02023,KR,JP,샤오싱 메인
20231005,20231005HHSS02023,SS,HH,대구
20231005,20231005HTKT02023,KT,HT,수원
20231005,20231005LGLT02023,LT,LG,사직
20231005,20231005NCSK02023,SK,NC,문학
20231006,88881006KRCN02023,CN,KR,샤오싱 메인
20231006,20231006HHSK02023,SK,HH,문학
20231006,20231006HTLG02023,LG,HT,잠실
20231006,20231006SSKT02023,KT,SS,수원
20231007,20231007HHKT02023,KT,HH,수원
20231007,20231007LGWO02023,WO,LG,고척
20231007,20231007LTOB02023,OB,LT,잠실
20231007,20231007SKNC02023,NC,SK,창원
20231007,88881007KRTW02023,TW,KR,샤오싱 메인
20231008,20231008HHKT02023,KT,HH,수원
20231008,20231008LTOB02023,OB,LT,잠실
20231008,20231008SKNC02023,NC,SK,창원
20231008,20231008SSHT02023,HT,SS,광주
20231009,20231009WOOB1,,,기장현대차드림볼파크
20231009,20231009HHNC02023,NC,HH,창원
20231009,20231009LTLG02023,LG,LT,잠실
20231009,20231009SSHT02023,HT,SS,광주
20231010,20231010HHNC02023,NC,HH,창원
20231010,20231010LTLG02023,LG,LT,잠실
20231010,20231010OBKT02023,KT,OB,수원
20231010,20231010SKHT02023,HT,SK,광주
20231010,20231010SSWO02023,WO,SS,고척
20231011,20231011OBLT02023,LT,OB,사직
20231011,20231011WOHT02023,HT,WO,광주
20231012,20231012LTHT02023,HT,LT,광주
20231012,20231012NCOB02023,OB,NC,잠실
20231013,20231013HTOB02023,OB,HT,잠실
20231013,20231013LGNC02023,NC,LG,창원
20231013,20231013WOSK02023,SK,WO,문학
20231014,20231014LTHH02023,HH,LT,대전
20231014,20231014OBLG02023,LG,OB,잠실
20231014,20231014SKSS02023,SS,SK,대구
20231015,20231015LTHH02023,HH,LT,대전
20231015,20231015OBLG02023,LG,OB,잠실
20231015,20231015SSNC02023,NC,SS,창원
20231016,20231016LTHH02023,HH,LT,대전
20231016,20231016NCHT02023,HT,NC,광주
20231016,20231016SKOB02023,OB,SK,잠실
20231017,20231017CDW1,,,
20231017,20231017NCHT02023,HT,NC,광주
20231017,20231017OBSK02023,SK,OB,문학
20231019,44441019OBNC02023,NC,OB,창원
20231022,33331022NCSK02023,SK,NC,문학
20231023,33331023NCSK02023,SK,NC,문학
20231025,33331025SKNC02023,NC,SK,창원
20231030,55551030NCKT02023,KT,NC,수원
20231031,55551031NCKT02023,KT,NC,수원
20231102,55551102KTNC02023,NC,KT,창원
20231103,55551103KTNC02023,NC,KT,창원
20231105,55551105NCKT02023,KT,NC,수원
20231106,20231106KBO1,,,
20231107,77771107KTLG02023,LG,KT,잠실
20231108,77771108KTLG02023,LG,KT,잠실
20231110,77771110LGKT02023,KT,LG,수원
20231111,20231111KUSF1,,,횡성베이스볼테마파크
20231111,77771111LGKT02023,KT,LG,수원
20231112,20231112KUSF1,,,횡성베이스볼테마파크
20231113,77771113KTLG02023,LG,KT,잠실
20231116,88881116AUKR02023,KR,AU,도쿄돔
20231116,88881116JPTW02023,TW,JP,도쿄돔
20231117,88881117TWAU02023,AU,TW,도쿄돔
20231117,88881117KRJP02023,JP,KR,도쿄돔
20231118,88881118JPAU02023,AU,JP,도쿄돔
20231118,88881118TWKR02023,KR,TW,도쿄돔
20231119,88881119AUTW02023,TW,AU,도쿄돔
20231119,88881119KRJP02023,JP,KR,도쿄돔
20231127,20231127KBO1,,,서울 웨스틴조선호텔 그랜드볼룸
20240309,20240309HTNC02024,NC,HT,창원
20240309,20240309LGKT02024,KT,LG,수원
20240309,20240309SKLT02024,LT,SK,사직
20240309,20240309SSHH02024,HH,SS,한밭
20240309,20240309WOOB02024,OB,WO,이천(두산)
20240310,20240310HTNC02024,NC,HT,창원
20240310,20240310LGKT02024,KT,LG,수원
20240310,20240310SKLT02024,LT,SK,사직
20240310,20240310SSHH02024,HH,SS,한밭
20240310,20240310WOOB02024,OB,WO,이천(두산)
20240311,20240311HTHH02024,HH,HT,한밭
20240311,20240311LGSS02024,SS,LG,대구
20240311,20240311OBLT02024,LT,OB,사직
20240311,20240311SKKT02024,KT,SK,수원
20240311,20240311WONC02024,NC,WO,창원
20240312,20240312HTHH02024,HH,HT,한밭
20240312,20240312LGSS02024,SS,LG,대구
20240312,20240312SKKT02024,KT,SK,수원
20240312,20240312WONC02024,NC,WO,창원
20240314,20240314BL1,,,
20240314,20240314HTOB02024,OB,HT,잠실
20240314,20240314KTHH02024,HH,KT,한밭
20240314,20240314LGNC02024,NC,LG,창원
20240314,20240314LTSS02024,SS,LT,대구
20240314,20240314WOSK02024,SK,WO,문학
20240315,20240315HTOB02024,OB,HT,잠실
20240315,20240315KTHH02024,HH,KT,한밭
20240315,20240315LGNC02024,NC,LG,창원
20240315,20240315LTSS02024,SS,LT,대구
20240315,20240315WOSK02024,SK,WO,문학
20240316,20240316HHLT02024,LT,HH,사직
20240316,20240316KTHT02024,HT,KT,광주
20240316,20240316NCSS02024,SS,NC,대구
20240316,20240316OBSK02024,SK,OB,문학
20240316,20240316WOLG02024,LG,WO,잠실
20240317,20240317HHLT02024,LT,HH,사직
20240317,20240317KTHT02024,HT,KT,광주
20240317,20240317NCSS02024,SS,NC,대구
20240317,20240317OBSK02024,SK,OB,문학
20240318,20240318LTKT02024,KT,LT,수원
20240318,20240318OBHH02024,HH,OB,한밭
20240318,20240318NCSK02024,SK,NC,문학
20240318,20240318SSHT02024,HT,SS,광주
20240319,20240319NCSK02024,SK,NC,문학
20240319,20240319OBHH02024,HH,OB,한밭
20240319,20240319SSHT02024,HT,SS,광주
20240319,20240319WOLG02024,LG,WO,잠실
20240319,20240319BS1,,,
20240321,20240321BL1,,,
20240323,20240323HHLG02024,LG,HH,잠실
20240323,20240323LTSK02024,SK,LT,문학
20240323,20240323OBNC02024,NC,OB,창원
20240323,20240323SSKT02024,KT,SS,수원
20240323,20240323WOHT02024,HT,WO,광주
20240324,20240324HHLG02024,LG,HH,잠실
20240324,20240324LTSK02024,SK,LT,문학
20240324,20240324OBNC02024,NC,OB,창원
20240324,20240324SSKT02024,KT,SS,수원
20240326,20240326BL1,,,
20240326,20240326HHSK02024,SK,HH,문학
20240326,20240326LTHT02024,HT,LT,광주
20240326,20240326OBKT02024,KT,OB,수원
20240326,20240326SSLG02024,LG,SS,잠실
20240326,20240326WONC02024,NC,WO,창원
20240327,20240327BL1,,,
20240327,20240327HHSK02024,SK,HH,문학
20240327,20240327LTHT02024,HT,LT,광주
20240327,20240327OBKT02024,KT,OB,수원
20240327,20240327SSLG02024,LG,SS,잠실
20240327,20240327WONC02024,NC,WO,창원
20240328,20240328BL1,,,
20240328,20240328HHSK02024,SK,HH,문학
20240328,20240328OBKT02024,KT,OB,수원
20240328,20240328SSLG02024,LG,SS,잠실
20240329,20240329BL1,,,
20240329,20240329HTOB02024,OB,HT,잠실
20240329,20240329KTHH02024,HH,KT,한밭
20240329,20240329LGWO02024,WO,LG,고척
20240329,20240329NCLT02024,LT,NC,사직
20240329,20240329SKSS02024,SS,SK,대구
20240330,20240330KTHH02024,HH,KT,한밭
20240330,20240330HTOB02024,OB,HT,잠실
20240330,20240330LGWO02024,WO,LG,고척
20240330,20240330NCLT02024,LT,NC,사직
20240330,20240330SKSS02024,SS,SK,대구
20240331,20240331HTOB02024,OB,HT,잠실
20240331,20240331KTHH02024,HH,KT,한밭
20240331,20240331LGWO02024,WO,LG,고척
20240331,20240331NCLT02024,LT,NC,사직
20240331,20240331SKSS02024,SS,SK,대구
20240402,20240402BL1,,,
20240402,20240402HTKT02024,KT,HT,수원
20240402,20240402LTHH02024,HH,LT,한밭
20240402,20240402NCLG02024,LG,NC,잠실
20240402,20240402OBSK02024,SK,OB,문학
20240402,20240402WOSS02024,SS,WO,대구
20240403,20240403BL1,,,
20240403,20240403HTKT02024,KT,HT,수원
20240403,20240403NCLG02024,LG,NC,잠실
20240403,20240403OBSK02024,SK,OB,문학
20240404,20240404BL1,,,
20240404,20240404HTKT02024,KT,HT,수원
20240404,20240404LTHH02024,HH,LT,한밭
20240404,20240404NCLG02024,LG,NC,잠실
20240404,20240404OBSK02024,SK,OB,문학
20240404,20240404WOSS02024,SS,WO,대구
20240405,20240405BL1,,,
20240405,20240405HHWO02024,WO,HH,고척
20240405,20240405KTLG02024,LG,KT,잠실
20240405,20240405OBLT02024,LT,OB,사직
20240405,20240405SKNC02024,NC,SK,창원
20240405,20240405SSHT02024,HT,SS,광주
20240406,20240406HHWO02024,WO,HH,고척
20240406,20240406KTLG02024,LG,KT,잠실
20240406,20240406OBLT02024,LT,OB,사직
20240406,20240406SKNC02024,NC,SK,창원
20240406,20240406SSHT02024,HT,SS,광주
20240407,20240407HHWO02024,WO,HH,고척
20240407,20240407KTLG02024,LG,KT,잠실
20240407,20240407OBLT02024,LT,OB,사직
20240407,20240407SKNC02024,NC,SK,창원
20240407,20240407SSHT02024,HT,SS,광주
20240409,20240409BL1,,,
20240409,20240409HHOB02024,OB,HH,잠실
20240409,20240409KTNC02024,NC,KT,창원
20240409,20240409LGHT02024,HT,LG,광주
20240409,20240409SSLT02024,LT,SS,사직
20240409,20240409WOSK02024,SK,WO,문학
20240410,20240410HHOB02024,OB,HH,잠실
20240410,20240410KTNC02024,NC,KT,창원
20240410,20240410LGHT02024,HT,LG,광주
20240410,20240410SSLT02024,LT,SS,사직
20240410,20240410WOSK02024,SK,WO,문학
20240411,20240411BL1,,,
20240411,20240411HHOB02024,OB,HH,잠실
20240411,20240411KTNC02024,NC,KT,창원
20240411,20240411LGHT02024,HT,LG,광주
20240411,20240411SSLT02024,LT,SS,사직
20240411,20240411WOSK02024,SK,WO,문학
20240412,20240412BL1,,,
20240412,20240412HTHH02024,HH,HT,한밭
20240412,20240412LGOB02024,OB,LG,잠실
20240412,20240412LTWO02024,WO,LT,고척
20240412,20240412NCSS02024,SS,NC,대구
20240412,20240412SKKT02024,KT,SK,수원
20240413,20240413HTHH02024,HH,HT,한밭
20240413,20240413LGOB02024,OB,LG,잠실
20240413,20240413LTWO02024,WO,LT,고척
20240413,20240413NCSS02024,SS,NC,대구
20240413,20240413SKKT02024,KT,SK,수원
20240414,20240414HTHH02024,HH,HT,한밭
20240414,20240414LGOB02024,OB,LG,잠실
20240414,20240414LTWO02024,WO,LT,고척
20240414,20240414NCSS02024,SS,NC,대구
20240414,20240414SKKT02024,KT,SK,수원
20240416,20240416BL1,,,
20240416,20240416HHNC02024,NC,HH,창원
20240416,20240416HTSK02024,SK,HT,문학
20240416,20240416KTWO02024,WO,KT,고척
20240416,20240416LTLG02024,LG,LT,잠실
20240416,20240416OBSS02024,SS,OB,대구
20240417,20240417BL1,,,
20240417,20240417HHNC02024,NC,HH,창원
20240417,20240417HTSK02024,SK,HT,문학
20240417,20240417KTWO02024,WO,KT,고척
20240417,20240417LTLG02024,LG,LT,잠실
20240417,20240417OBSS02024,SS,OB,대구
20240418,20240418BL1,,,
20240418,20240418HTSK02024,SK,HT,문학
20240418,20240418KTWO02024,WO,KT,고척
20240418,20240418LTLG02024,LG,LT,잠실
20240418,20240418OBSS02024,SS,OB,대구
20240419,20240419BL1,,,
20240419,20240419KTLT02024,LT,KT,사직
20240419,20240419LGSK02024,SK,LG,문학
20240419,20240419NCHT02024,HT,NC,광주
20240419,20240419SSHH02024,HH,SS,한밭
20240419,20240419WOOB02024,OB,WO,잠실
20240420,20240420NCHT02024,HT,NC,광주
20240420,20240420SSHH02024,HH,SS,한밭
20240421,20240421KTLT12024,LT,KT,사직
20240421,20240421LGSK12024,SK,LG,문학
20240421,20240421NCHT02024,HT,NC,광주
20240421,20240421SSHH02024,HH,SS,한밭
20240421,20240421WOOB12024,OB,WO,잠실
20240421,20240421LGSK22024,SK,LG,문학
20240421,20240421WOOB22024,OB,WO,잠실
20240421,20240421KTLT22024,LT,KT,사직
20240423,20240423BL1,,,
20240423,20240423HHKT02024,KT,HH,수원
20240423,20240423HTWO02024,WO,HT,고척
20240423,20240423LGSS02024,SS,LG,대구
20240423,20240423NCOB02024,OB,NC,잠실
20240424,20240424BL1,,,
20240424,20240424HHKT02024,KT,HH,수원
20240424,20240424HTWO02024,WO,HT,고척
20240424,20240424LGSS02024,SS,LG,대구
20240424,20240424NCOB02024,OB,NC,잠실
20240424,20240424SKLT02024,LT,SK,사직
20240425,20240425BL2,,,
20240425,20240425HHKT02024,KT,HH,수원
20240425,20240425HTWO02024,WO,HT,고척
20240425,20240425LGSS02024,SS,LG,대구
20240425,20240425NCOB02024,OB,NC,잠실
20240425,20240425SKLT02024,LT,SK,사직
20240426,20240426BL1,,,
20240426,20240426HTLG02024,LG,HT,잠실
20240426,20240426KTSK02024,SK,KT,문학
20240426,20240426LTNC02024,NC,LT,창원
20240426,20240426OBHH02024,HH,OB,한밭
20240426,20240426SSWO02024,WO,SS,고척
20240427,20240427HTLG02024,LG,HT,잠실
20240427,20240427KTSK02024,SK,KT,문학
20240427,20240427LTNC02024,NC,LT,창원
20240427,20240427OBHH02024,HH,OB,한밭
20240427,20240427SSWO02024,WO,SS,고척
20240428,20240428HTLG02024,LG,HT,잠실
20240428,20240428KTSK02024,SK,KT,문학
20240428,20240428LTNC02024,NC,LT,창원
20240428,20240428OBHH02024,HH,OB,한밭
20240428,20240428SSWO02024,WO,SS,고척
20240430,20240430BL1,,,
20240430,20240430KTHT02024,HT,KT,광주
20240430,20240430LGNC02024,NC,LG,창원
20240430,20240430SKHH02024,HH,SK,한밭
20240430,20240430SSOB02024,OB,SS,잠실
20240430,20240430WOLT02024,LT,WO,사직
20240501,20240501KTHT02024,HT,KT,광주
20240501,20240501LGNC02024,NC,LG,창원
20240501,20240501SKHH02024,HH,SK,한밭
20240501,20240501SSOB02024,OB,SS,잠실
20240501,20240501WOLT02024,LT,WO,사직
20240502,20240502BL1,,,
20240502,20240502KTHT02024,HT,KT,광주
20240502,20240502LGNC02024,NC,LG,창원
20240502,20240502SKHH02024,HH,SK,한밭
20240502,20240502SSOB02024,OB,SS,잠실
20240502,20240502WOLT02024,LT,WO,사직
20240503,20240503BL1,,,
20240503,20240503HHHT02024,HT,HH,광주
20240503,20240503LTSS02024,SS,LT,대구
20240503,20240503NCSK02024,SK,NC,문학
20240503,20240503OBLG02024,LG,OB,잠실
20240503,20240503WOKT02024,KT,WO,수원
20240504,20240504OBLG02024,LG,OB,잠실
20240504,20240504HHHT02024,HT,HH,광주
20240504,20240504LTSS02024,SS,LT,대구
20240504,20240504NCSK02024,SK,NC,문학
20240504,20240504WOKT02024,KT,WO,수원
20240507,20240507BL1,,,
20240507,20240507OBWO02024,WO,OB,고척
20240507,20240507SKLG02024,LG,SK,잠실
20240508,20240508BL1,,,
20240508,20240508HHLT02024,LT,HH,사직
20240508,20240508HTSS02024,SS,HT,대구
20240508,20240508NCKT02024,KT,NC,수원
20240508,20240508OBWO02024,WO,OB,고척
20240508,20240508SKLG02024,LG,SK,잠실
20240509,20240509BL1,,,
20240509,20240509HHLT02024,LT,HH,사직
20240509,20240509HTSS02024,SS,HT,대구
20240509,20240509NCKT02024,KT,NC,수원
20240509,20240509OBWO02024,WO,OB,고척
20240509,20240509SKLG02024,LG,SK,잠실
20240510,20240510BL2,,,
20240510,20240510KTOB02024,OB,KT,잠실
20240510,20240510LGLT02024,LT,LG,사직
20240510,20240510SKHT02024,HT,SK,광주
20240510,20240510SSNC02024,NC,SS,창원
20240510,20240510WOHH02024,HH,WO,한밭
20240511,20240511WOHH02024,HH,WO,한밭
20240511,20240511LGLT02024,LT,LG,사직
20240511,20240511SSNC02024,NC,SS,창원
20240512,20240512KTOB12024,OB,KT,잠실
20240512,20240512LGLT02024,LT,LG,사직
20240512,20240512SKHT12024,HT,SK,광주
20240512,20240512SSNC02024,NC,SS,창원
20240512,20240512WOHH02024,HH,WO,한밭
20240512,20240512KTOB22024,OB,KT,잠실
20240512,20240512SKHT22024,HT,SK,광주
20240514,20240514BL1,,,
20240514,20240514LTKT02024,KT,LT,수원
20240514,20240514NCHH02024,HH,NC,한밭
20240514,20240514OBHT02024,HT,OB,광주
20240514,20240514SSSK02024,SK,SS,문학
20240514,20240514WOLG02024,LG,WO,잠실
20240515,20240515NCHH02024,HH,NC,한밭
20240515,20240515OBHT02024,HT,OB,광주
20240516,20240516BL1,,,
20240516,20240516LTKT02024,KT,LT,수원
20240516,20240516NCHH02024,HH,NC,한밭
20240516,20240516OBHT02024,HT,OB,광주
20240516,20240516SSSK02024,SK,SS,문학
20240516,20240516WOLG02024,LG,WO,잠실
20240517,20240517BL1,,,
20240517,20240517HHSS02024,SS,HH,대구
20240517,20240517HTNC02024,NC,HT,창원
20240517,20240517LGKT02024,KT,LG,수원
20240517,20240517LTOB02024,OB,LT,잠실
20240517,20240517SKWO02024,WO,SK,고척
20240518,20240518HHSS02024,SS,HH,대구
20240518,20240518HTNC02024,NC,HT,창원
20240518,20240518LGKT02024,KT,LG,수원
20240518,20240518LTOB02024,OB,LT,잠실
20240518,20240518SKWO02024,WO,SK,고척
20240519,20240519HHSS02024,SS,HH,대구
20240519,20240519HTNC02024,NC,HT,창원
20240519,20240519LGKT02024,KT,LG,수원
20240519,20240519LTOB02024,OB,LT,잠실
20240519,20240519SKWO02024,WO,SK,고척
20240521,20240521BL1,,,
20240521,20240521HTLT02024,LT,HT,사직
20240521,20240521KTSS02024,SS,KT,대구
20240521,20240521LGHH02024,HH,LG,한밭
20240521,20240521NCWO02024,WO,NC,고척
20240521,20240521SKOB02024,OB,SK,잠실
20240522,20240522BL1,,,
20240522,20240522HTLT02024,LT,HT,사직
20240522,20240522KTSS02024,SS,KT,대구
20240522,20240522LGHH02024,HH,LG,한밭
20240522,20240522NCWO02024,WO,NC,고척
20240522,20240522SKOB02024,OB,SK,잠실
20240523,20240523BL1,,,
20240523,20240523HTLT02024,LT,HT,사직
20240523,20240523KTSS02024,SS,KT,대구
20240523,20240523LGHH02024,HH,LG,한밭
20240523,20240523NCWO02024,WO,NC,고척
20240523,20240523SKOB02024,OB,SK,잠실
20240524,20240524BL1,,,
20240524,20240524HHSK02024,SK,HH,문학
20240524,20240524NCLG02024,LG,NC,잠실
20240524,20240524OBHT02024,HT,OB,광주
20240524,20240524SSLT02024,LT,SS,사직
20240524,20240524WOKT02024,KT,WO,수원
20240525,20240525NCLG02024,LG,NC,잠실
20240525,20240525OBHT02024,HT,OB,광주
20240525,20240525HHSK02024,SK,HH,문학
20240525,20240525SSLT02024,LT,SS,사직
20240525,20240525WOKT02024,KT,WO,수원
20240526,20240526NCLG02024,LG,NC,잠실
20240526,20240526OBHT02024,HT,OB,광주
20240526,20240526SSLT02024,LT,SS,사직
20240528,20240528BL2,,,
20240528,20240528HTNC02024,NC,HT,창원
20240528,20240528KTOB02024,OB,KT,잠실
20240528,20240528LGSK02024,SK,LG,문학
20240528,20240528LTHH02024,HH,LT,한밭
20240528,20240528WOSS02024,SS,WO,대구
20240529,20240529BL1,,,
20240529,20240529HTNC02024,NC,HT,창원
20240529,20240529KTOB02024,OB,KT,잠실
20240529,20240529LGSK02024,SK,LG,문학
20240529,20240529LTHH02024,HH,LT,한밭
20240529,20240529WOSS02024,SS,WO,대구
20240530,20240530BL1,,,
20240530,20240530HTNC02024,NC,HT,창원
20240530,20240530KTOB02024,OB,KT,잠실
20240530,20240530LGSK02024,SK,LG,문학
20240530,20240530LTHH02024,HH,LT,한밭
20240530,20240530WOSS02024,SS,WO,대구
20240531,20240531BL1,,,
20240531,20240531HHSS02024,SS,HH,대구
20240531,20240531KTHT02024,HT,KT,광주
20240531,20240531LGOB02024,OB,LG,잠실
20240531,20240531NCLT02024,LT,NC,사직
20240531,20240531SKWO02024,WO,SK,고척
20240601,20240601BB1,,,수원 kt 위즈 파크
20240601,20240601HHSS02024,SS,HH,대구
20240601,20240601KTHT02024,HT,KT,광주
20240601,20240601LGOB02024,OB,LG,잠실
20240601,20240601NCLT02024,LT,NC,사직
20240601,20240601SKWO02024,WO,SK,고척
20240602,20240602LGOB02024,OB,LG,잠실
20240602,20240602SKWO02024,WO,SK,고척
20240602,20240602HHSS02024,SS,HH,대구
20240602,20240602KTHT02024,HT,KT,광주
20240602,20240602NCLT02024,LT,NC,사직
20240604,20240604BL1,,,
20240604,20240604HHKT02024,KT,HH,수원
20240604,20240604LTHT02024,HT,LT,광주
20240604,20240604OBNC02024,NC,OB,창원
20240604,20240604SSSK02024,SK,SS,문학
20240604,20240604WOLG02024,LG,WO,잠실
20240605,20240605BL1,,,
20240605,20240605HHKT02024,KT,HH,수원
20240605,20240605LTHT02024,HT,LT,광주
20240605,20240605OBNC02024,NC,OB,창원
20240605,20240605SSSK02024,SK,SS,문학
20240605,20240605WOLG02024,LG,WO,잠실
20240606,20240606LTHT02024,HT,LT,광주
20240606,20240606SSSK02024,SK,SS,문학
20240606,20240606HHKT02024,KT,HH,수원
20240606,20240606OBNC02024,NC,OB,창원
20240606,20240606WOLG02024,LG,WO,잠실
20240607,20240607BL1,,,
20240607,20240607HTOB02024,OB,HT,잠실
20240607,20240607LGKT02024,KT,LG,수원
20240607,20240607NCHH02024,HH,NC,한밭
20240607,20240607SKLT02024,LT,SK,사직
20240607,20240607SSWO02024,WO,SS,고척
20240608,20240608HTOB02024,OB,HT,잠실
20240608,20240608LGKT02024,KT,LG,수원
20240608,20240608NCHH02024,HH,NC,한밭
20240608,20240608SSWO02024,WO,SS,고척
20240609,20240609SKLT12024,LT,SK,사직
20240609,20240609SSWO02024,WO,SS,고척
20240609,20240609HTOB02024,OB,HT,잠실
20240609,20240609LGKT02024,KT,LG,수원
20240609,20240609NCHH02024,HH,NC,한밭
20240609,20240609SKLT22024,LT,SK,사직
20240611,20240611BL1,,,
20240611,20240611HHOB02024,OB,HH,잠실
20240611,20240611HTSK02024,SK,HT,문학
20240611,20240611KTNC02024,NC,KT,창원
20240611,20240611LGSS02024,SS,LG,대구
20240611,20240611WOLT02024,LT,WO,사직
20240612,20240612BL1,,,
20240612,20240612HHOB02024,OB,HH,잠실
20240612,20240612HTSK02024,SK,HT,문학
20240612,20240612KTNC02024,NC,KT,창원
20240612,20240612LGSS02024,SS,LG,대구
20240612,20240612WOLT02024,LT,WO,사직
20240613,20240613BL1,,,
20240613,20240613HHOB02024,OB,HH,잠실
20240613,20240613HTSK02024,SK,HT,문학
20240613,20240613KTNC02024,NC,KT,창원
20240613,20240613LGSS02024,SS,LG,대구
20240613,20240613WOLT02024,LT,WO,사직
20240614,20240614BL1,,,
20240614,20240614HTKT02024,KT,HT,수원
20240614,20240614LTLG02024,LG,LT,잠실
20240614,20240614OBWO02024,WO,OB,고척
20240614,20240614SKHH02024,HH,SK,한밭
20240614,20240614SSNC02024,NC,SS,창원
20240615,20240615HTKT02024,KT,HT,수원
20240615,20240615LTLG02024,LG,LT,잠실
20240615,20240615OBWO02024,WO,OB,고척
20240615,20240615SKHH02024,HH,SK,한밭
20240615,20240615SSNC02024,NC,SS,창원
20240616,20240616OBWO02024,WO,OB,고척
20240616,20240616HTKT02024,KT,HT,수원
20240616,20240616LTLG02024,LG,LT,잠실
20240616,20240616SKHH02024,HH,SK,한밭
20240616,20240616SSNC02024,NC,SS,창원
20240618,20240618BL1,,,
20240618,20240618LGHT02024,HT,LG,광주
20240618,20240618LTKT02024,KT,LT,수원
20240618,20240618NCOB02024,OB,NC,잠실
20240618,20240618SKSS02024,SS,SK,대구
20240618,20240618WOHH02024,HH,WO,청주
20240619,20240619BL1,,,
20240619,20240619LGHT02024,HT,LG,광주
20240619,20240619LTKT02024,KT,LT,수원
20240619,20240619NCOB02024,OB,NC,잠실
20240619,20240619SKSS02024,SS,SK,대구
20240619,20240619WOHH02024,HH,WO,청주
20240620,20240620BL1,,,
20240620,20240620LGHT02024,HT,LG,광주
20240620,20240620LTKT02024,KT,LT,수원
20240620,20240620NCOB02024,OB,NC,잠실
20240620,20240620SKSS02024,SS,SK,대구
20240620,20240620WOHH02024,HH,WO,청주
20240621,20240621BL1,,,
20240621,20240621HHHT02024,HT,HH,광주
20240621,20240621KTLG02024,LG,KT,잠실
20240621,20240621LTWO02024,WO,LT,고척
20240621,20240621NCSK02024,SK,NC,문학
20240621,20240621OBSS02024,SS,OB,대구
20240622,20240622LTWO02024,WO,LT,고척
20240622,20240622NCSK02024,SK,NC,문학
20240623,20240623HHHT12024,HT,HH,광주
20240623,20240623KTLG12024,LG,KT,잠실
20240623,20240623LTWO02024,WO,LT,고척
20240623,20240623OBSS12024,SS,OB,대구
20240623,20240623NCSK02024,SK,NC,문학
20240623,20240623KTLG22024,LG,KT,잠실
20240623,20240623HHHT22024,HT,HH,광주
20240623,20240623OBSS22024,SS,OB,대구
20240625,20240625BL1,,,
20240625,20240625HTLT02024,LT,HT,사직
20240625,20240625KTSK02024,SK,KT,문학
20240625,20240625NCWO02024,WO,NC,고척
20240625,20240625OBHH02024,HH,OB,한밭
20240625,20240625SSLG02024,LG,SS,잠실
20240626,20240626BL1,,,
20240626,20240626HTLT02024,LT,HT,사직
20240626,20240626KTSK02024,SK,KT,문학
20240626,20240626NCWO02024,WO,NC,고척
20240626,20240626OBHH02024,HH,OB,한밭
20240626,20240626SSLG02024,LG,SS,잠실
20240627,20240627BL1,,,
20240627,20240627HTLT02024,LT,HT,사직
20240627,20240627KTSK02024,SK,KT,문학
20240627,20240627NCWO02024,WO,NC,고척
20240627,20240627OBHH02024,HH,OB,한밭
20240627,20240627SSLG02024,LG,SS,잠실
20240628,20240628BL1,,,
20240628,20240628HHLT02024,LT,HH,사직
20240628,20240628LGNC02024,NC,LG,창원
20240628,20240628SKOB02024,OB,SK,잠실
20240628,20240628SSKT02024,KT,SS,수원
20240628,20240628WOHT02024,HT,WO,광주
20240629,20240629SKOB02024,OB,SK,잠실
20240630,20240630SSKT12024,KT,SS,수원
20240630,20240630LGNC02024,NC,LG,창원
20240630,20240630SKOB02024,OB,SK,잠실
20240630,20240630SSKT22024,KT,SS,수원
20240702,20240702BL1,,,
20240702,20240702HTSS02024,SS,HT,대구
20240702,20240702KTHH02024,HH,KT,한밭
20240702,20240702LGWO02024,WO,LG,고척
20240703,20240703BL1,,,
20240703,20240703HTSS02024,SS,HT,대구
20240703,20240703KTHH02024,HH,KT,한밭
20240703,20240703LGWO02024,WO,LG,고척
20240703,20240703LTOB02024,OB,LT,잠실
20240703,20240703SKNC02024,NC,SK,창원
20240704,20240704BL1,,,
20240704,20240704HTSS02024,SS,HT,대구
20240704,20240704KTHH02024,HH,KT,한밭
20240704,20240704LGWO02024,WO,LG,고척
20240704,20240704LTOB02024,OB,LT,잠실
20240704,20240704SKNC02024,NC,SK,창원
20240706,99990706WEEA02024,EA,WE,문학
20240709,20240709BL1,,,
20240709,20240709HHWO02024,WO,HH,고척
20240709,20240709HTLG02024,LG,HT,잠실
20240709,20240709LTSK02024,SK,LT,문학
20240710,20240710BL1,,,
20240710,20240710HHWO02024,WO,HH,고척
20240710,20240710HTLG02024,LG,HT,잠실
20240710,20240710LTSK02024,SK,LT,문학
20240710,20240710NCSS02024,SS,NC,대구
20240710,20240710OBKT02024,KT,OB,수원
20240711,20240711BL1,,,
20240711,20240711HHWO02024,WO,HH,고척
20240711,20240711HTLG02024,LG,HT,잠실
20240711,20240711LTSK02024,SK,LT,문학
20240711,20240711NCSS02024,SS,NC,대구
20240711,20240711OBKT02024,KT,OB,수원
20240712,20240712BL1,,,
20240712,20240712KTLT02024,LT,KT,사직
20240712,20240712LGHH02024,HH,LG,한밭
20240712,20240712SKHT02024,HT,SK,광주
20240712,20240712SSOB02024,OB,SS,잠실
20240712,20240712WONC02024,NC,WO,창원
20240713,20240713KTLT02024,LT,KT,사직
20240713,20240713LGHH02024,HH,LG,한밭
20240713,20240713SKHT02024,HT,SK,광주
20240713,20240713SSOB02024,OB,SS,잠실
20240713,20240713WONC02024,NC,WO,창원
20240714,20240714LGHH02024,HH,LG,한밭
20240714,20240714SKHT02024,HT,SK,광주
20240714,20240714SSOB02024,OB,SS,잠실
20240716,20240715BL1,,,
20240716,20240716KTWO02024,WO,KT,고척
20240716,20240716OBLT02024,LT,OB,울산
20240717,20240717BL1,,,
20240717,20240717HHNC02024,NC,HH,창원
20240717,20240717KTWO02024,WO,KT,고척
20240717,20240717OBLT02024,LT,OB,울산
20240717,20240717SKLG02024,LG,SK,잠실
20240717,20240717SSHT02024,HT,SS,광주
20240718,20240718BL1,,,
20240718,20240718HHNC02024,NC,HH,창원
20240718,20240718KTWO02024,WO,KT,고척
20240718,20240718OBLT02024,LT,OB,울산
20240718,20240718SSHT02024,HT,SS,광주
20240719,20240719BL1,,,
20240719,20240719HTHH02024,HH,HT,한밭
20240719,20240719LTSS02024,SS,LT,대구
20240719,20240719NCKT02024,KT,NC,수원
20240719,20240719OBLG02024,LG,OB,잠실
20240719,20240719WOSK02024,SK,WO,문학
20240720,20240720HTHH02024,HH,HT,한밭
20240720,20240720LTSS02024,SS,LT,대구
20240721,20240721HTHH02024,HH,HT,한밭
20240721,20240721LTSS02024,SS,LT,대구
20240721,20240721NCKT02024,KT,NC,수원
20240721,20240721OBLG02024,LG,OB,잠실
20240721,20240721WOSK02024,SK,WO,문학
20240723,20240723BL1,,,
20240723,20240723LGLT02024,LT,LG,사직
20240723,20240723NCHT02024,HT,NC,광주
20240723,20240723SSHH02024,HH,SS,한밭
20240723,20240723WOOB02024,OB,WO,잠실
20240724,20240724BL1,,,
20240724,20240724NCHT02024,HT,NC,광주
20240724,20240724SKKT02024,KT,SK,수원
20240724,20240724SSHH02024,HH,SS,한밭
20240724,20240724WOOB02024,OB,WO,잠실
20240725,20240725BL1,,,
20240725,20240725LGLT02024,LT,LG,사직
20240725,20240725NCHT02024,HT,NC,광주
20240725,20240725SKKT02024,KT,SK,수원
20240725,20240725WOOB02024,OB,WO,잠실
20240726,20240726BL1,,,
20240726,20240726HTWO02024,WO,HT,고척
20240726,20240726KTSS02024,SS,KT,대구
20240726,20240726LTNC02024,NC,LT,창원
20240726,20240726OBSK02024,SK,OB,문학
20240727,20240727HTWO02024,WO,HT,고척
20240727,20240727KTSS02024,SS,KT,대구
20240727,20240727LTNC02024,NC,LT,창원
20240727,20240727OBSK02024,SK,OB,문학
20240728,20240728HTWO02024,WO,HT,고척
20240728,20240728HHLG02024,LG,HH,잠실
20240728,20240728KTSS02024,SS,KT,대구
20240728,20240728LTNC02024,NC,LT,창원
20240728,20240728OBSK02024,SK,OB,문학
20240730,20240730BL1,,,
20240730,20240730HHKT02024,KT,HH,수원
20240730,20240730LTSK02024,SK,LT,문학
20240730,20240730NCWO02024,WO,NC,고척
20240730,20240730OBHT02024,HT,OB,광주
20240730,20240730SSLG02024,LG,SS,잠실
20240731,20240731BL1,,,
20240731,20240731HHKT02024,KT,HH,수원
20240731,20240731LTSK02024,SK,LT,문학
20240731,20240731NCWO02024,WO,NC,고척
20240731,20240731OBHT02024,HT,OB,광주
20240731,20240731SSLG02024,LG,SS,잠실
20240801,20240801BL1,,,
20240801,20240801HHKT02024,KT,HH,수원
20240801,20240801LTSK02024,SK,LT,문학
20240801,20240801NCWO02024,WO,NC,고척
20240801,20240801OBHT02024,HT,OB,광주
20240801,20240801SSLG02024,LG,SS,잠실
20240802,20240802BL1,,,
20240802,20240802HTHH02024,HH,HT,한밭
20240802,20240802KTNC02024,NC,KT,창원
20240802,20240802SKSS02024,SS,SK,대구
20240802,20240802WOOB02024,OB,WO,잠실
20240803,20240803HTHH02024,HH,HT,한밭
20240803,20240803LGLT02024,LT,LG,울산
20240803,20240803SKSS02024,SS,SK,대구
20240803,20240803WOOB02024,OB,WO,잠실
20240804,20240804KTNC02024,NC,KT,창원
20240804,20240804SKSS02024,SS,SK,대구
20240806,20240806BL1,,,
20240806,20240806HHSS02024,SS,HH,대구
20240806,20240806KTHT02024,HT,KT,광주
20240806,20240806LGOB02024,OB,LG,잠실
20240806,20240806NCLT02024,LT,NC,사직
20240806,20240806SKWO02024,WO,SK,고척
20240807,20240807BL1,,,
20240807,20240807HHSS02024,SS,HH,대구
20240807,20240807KTHT02024,HT,KT,광주
20240807,20240807LGOB02024,OB,LG,잠실
20240807,20240807NCLT02024,LT,NC,사직
20240807,20240807SKWO02024,WO,SK,고척
20240808,20240808BL1,,,
20240808,20240808HHSS02024,SS,HH,대구
20240808,20240808KTHT02024,HT,KT,광주
20240808,20240808LGOB02024,OB,LG,잠실
20240808,20240808SKWO02024,WO,SK,고척
20240809,20240809BL1,,,
20240809,20240809LTKT02024,KT,LT,수원
20240809,20240809NCLG02024,LG,NC,잠실
20240809,20240809OBSK02024,SK,OB,문학
20240809,20240809SSHT02024,HT,SS,광주
20240809,20240809WOHH02024,HH,WO,한밭
20240810,20240810LTKT02024,KT,LT,수원
20240810,20240810NCLG02024,LG,NC,잠실
20240810,20240810OBSK02024,SK,OB,문학
20240810,20240810WOHH02024,HH,WO,한밭
20240811,20240811LTKT02024,KT,LT,수원
20240811,20240811NCLG02024,LG,NC,잠실
20240811,20240811OBSK02024,SK,OB,문학
20240811,20240811SSHT02024,HT,SS,광주
20240811,20240811WOHH02024,HH,WO,한밭
20240813,20240813BL1,,,
20240813,20240813HTWO02024,WO,HT,고척
20240813,20240813KTSS02024,SS,KT,대구
20240813,20240813LGHH02024,HH,LG,한밭
20240813,20240813SKNC02024,NC,SK,창원
20240814,20240814BL1,,,
20240814,20240814HTWO02024,WO,HT,고척
20240814,20240814KTSS02024,SS,KT,대구
20240814,20240814LGHH02024,HH,LG,한밭
20240814,20240814LTOB02024,OB,LT,잠실
20240815,20240815HTWO02024,WO,HT,고척
20240815,20240815KTSS02024,SS,KT,대구
20240815,20240815LGHH02024,HH,LG,한밭
20240815,20240815LTOB02024,OB,LT,잠실
20240815,20240815SKNC02024,NC,SK,창원
20240816,20240816BL1,,,
20240816,20240816HHSK02024,SK,HH,문학
20240816,20240816HTLG02024,LG,HT,잠실
20240816,20240816OBKT02024,KT,OB,수원
20240816,20240816SSNC02024,NC,SS,창원
20240816,20240816WOLT02024,LT,WO,사직
20240817,20240817HHSK02024,SK,HH,문학
20240817,20240817HTLG02024,LG,HT,잠실
20240817,20240817OBKT02024,KT,OB,수원
20240817,20240817SSNC02024,NC,SS,창원
20240817,20240817WOLT02024,LT,WO,사직
20240818,20240818HHSK02024,SK,HH,문학
20240818,20240818HTLG02024,LG,HT,잠실
20240818,20240818OBKT02024,KT,OB,수원
20240818,20240818SSNC02024,NC,SS,창원
20240818,20240818WOLT02024,LT,WO,사직
20240820,20240820BL01,,,
20240820,20240820NCHH02024,HH,NC,청주
20240820,20240820OBSS02024,SS,OB,포항
20240820,20240820SKLG02024,LG,SK,잠실
20240820,20240820WOKT02024,KT,WO,수원
20240821,20240821BL01,,,
20240821,20240821LTHT02024,HT,LT,광주
20240821,20240821NCHH02024,HH,NC,청주
20240821,20240821OBSS02024,SS,OB,포항
20240821,20240821SKLG02024,LG,SK,잠실
20240821,20240821WOKT02024,KT,WO,수원
20240822,20240822BL01,,,
20240822,20240822LTHT02024,HT,LT,광주
20240822,20240822SKLG02024,LG,SK,잠실
20240822,20240822WOKT02024,KT,WO,수원
20240823,20240823BL01,,,
20240823,20240823HHOB02024,OB,HH,잠실
20240823,20240823HTNC02024,NC,HT,창원
20240823,20240823KTSK02024,SK,KT,문학
20240823,20240823LGWO02024,WO,LG,고척
20240823,20240823LTSS02024,SS,LT,대구
20240824,20240824HHOB02024,OB,HH,잠실
20240824,20240824HTNC02024,NC,HT,창원
20240824,20240824KTSK02024,SK,KT,문학
20240824,20240824LGWO02024,WO,LG,고척
20240824,20240824LTSS02024,SS,LT,대구
20240825,20240825LGWO02024,WO,LG,고척
20240825,20240825HHOB02024,OB,HH,잠실
20240825,20240825HTNC02024,NC,HT,창원
20240825,20240825KTSK02024,SK,KT,문학
20240825,20240825LTSS02024,SS,LT,대구
20240827,20240827BL1,,,
20240827,20240827HHLT02024,LT,HH,사직
20240827,20240827KTLG02024,LG,KT,잠실
20240827,20240827OBNC02024,NC,OB,창원
20240827,20240827SKHT02024,HT,SK,광주
20240827,20240827SSWO02024,WO,SS,고척
20240828,20240828BL1,,,
20240828,20240828HHLT02024,LT,HH,사직
20240828,20240828KTLG02024,LG,KT,잠실
20240828,20240828OBNC02024,NC,OB,창원
20240828,20240828SKHT02024,HT,SK,광주
20240828,20240828SSWO02024,WO,SS,고척
20240829,20240829BL1,,,
20240829,20240829HHLT02024,LT,HH,사직
20240829,20240829KTLG02024,LG,KT,잠실
20240829,20240829OBNC02024,NC,OB,창원
20240829,20240829SKHT02024,HT,SK,광주
20240829,20240829SSWO02024,WO,SS,고척
20240830,20240830BL1,,,
20240830,20240830LGKT02024,KT,LG,수원
20240830,20240830LTWO02024,WO,LT,고척
20240831,20240831HTSS02024,SS,HT,대구
20240831,20240831KTHH02024,HH,KT,한밭
20240831,20240831LTOB02024,OB,LT,잠실
20240831,20240831NCSK02024,SK,NC,문학
20240901,20240901HTSS02024,SS,HT,대구
20240901,20240901LTOB02024,OB,LT,잠실
20240901,20240901NCSK02024,SK,NC,문학
20240903,20240903BL1,,,
20240903,20240903LGHT02024,HT,LG,광주
20240903,20240903LTSS02024,SS,LT,대구
20240903,20240903OBHH02024,HH,OB,한밭
20240903,20240903WONC02024,NC,WO,창원
20240904,20240904BL1,,,
20240904,20240904HHHT02024,HT,HH,광주
20240904,20240904KTLT02024,LT,KT,사직
20240904,20240904OBSS02024,SS,OB,대구
20240904,20240904SKLG02024,LG,SK,잠실
20240904,20240904WONC02024,NC,WO,창원
20240905,20240905BL01,,,
20240905,20240905HHHT02024,HT,HH,광주
20240905,20240905KTLT02024,LT,KT,사직
20240905,20240905SKLG02024,LG,SK,잠실
20240905,20240905WONC02024,NC,WO,창원
20240906,20240906BL1,,,
20240906,20240906HHLG02024,LG,HH,잠실
20240906,20240906KTNC02024,NC,KT,창원
20240906,20240906SSLT02024,LT,SS,사직
20240906,20240906WOHT02024,HT,WO,광주
20240907,20240907HHLG02024,LG,HH,잠실
20240907,20240907NCSS02024,SS,NC,대구
20240907,20240907OBKT02024,KT,OB,수원
20240907,20240907SKLT02024,LT,SK,사직
20240907,20240907WOHT02024,HT,WO,광주
20240908,20240908HHLG02024,LG,HH,잠실
20240908,20240908NCSS02024,SS,NC,대구
20240908,20240908SKLT02024,LT,SK,사직
20240908,20240908WOHT02024,HT,WO,광주
20240910,20240910BL01,,,
20240910,20240910HHSK02024,SK,HH,문학
20240910,20240910LTLG02024,LG,LT,잠실
20240910,20240910NCKT02024,KT,NC,수원
20240910,20240910OBWO02024,WO,OB,고척
20240911,20240911BL1,,,
20240911,20240911LTSK02024,SK,LT,문학
20240911,20240911NCKT02024,KT,NC,수원
20240911,20240911SSHH02024,HH,SS,한밭
20240911,20240911WOLG02024,LG,WO,잠실
20240912,20240912BL1,,,
20240912,20240912LTHT02024,HT,LT,광주
20240912,20240912NCKT02024,KT,NC,수원
20240912,20240912SSHH02024,HH,SS,한밭
20240913,20240913BL1,,,
20240913,20240913HHLT02024,LT,HH,사직
20240914,20240914HHLT02024,LT,HH,사직
20240914,20240914SSSK02024,SK,SS,문학
20240914,20240914KTOB02024,OB,KT,잠실
20240914,20240914LGNC02024,NC,LG,창원
20240914,20240914WOHT02024,HT,WO,광주
20240915,20240915HHLT02024,LT,HH,사직
20240915,20240915LGNC02024,NC,LG,창원
20240915,20240915SSSK02024,SK,SS,문학
20240915,20240915WOHT02024,HT,WO,광주
20240916,20240916HTKT02024,KT,HT,수원
20240916,20240916WOOB02024,OB,WO,잠실
20240917,20240917HHNC02024,NC,HH,창원
20240917,20240917HTSK02024,SK,HT,문학
20240917,20240917KTWO02024,WO,KT,고척
20240917,20240917LGLT02024,LT,LG,사직
20240917,20240917SSOB02024,OB,SS,잠실
20240918,20240918HHNC02024,NC,HH,창원
20240918,20240918LGLT02024,LT,LG,사직
20240918,20240918SSKT02024,KT,SS,수원
20240919,20240919BL1,,,
20240919,20240919HHNC02024,NC,HH,창원
20240919,20240919HTOB02024,OB,HT,잠실
20240919,20240919LGLT02024,LT,LG,사직
20240919,20240919SSKT02024,KT,SS,수원
20240919,20240919WOSK02024,SK,WO,문학
20240920,20240920BL1,,,
20240921,20240921OBLG12024,LG,OB,잠실
20240921,20240921SKKT02024,KT,SK,수원
20240921,20240921OBLG22024,LG,OB,잠실
20240922,20240922LTHH02024,HH,LT,한밭
20240922,20240922OBLG02024,LG,OB,잠실
20240922,20240922SKKT02024,KT,SK,수원
20240922,20240922WOSS02024,SS,WO,대구
20240923,20240923LTHH02024,HH,LT,한밭
20240923,20240923SKOB02024,OB,SK,잠실
20240923,20240923SSHT02024,HT,SS,광주
20240924,20240924BL1,,,
20240924,20240924HHWO02024,WO,HH,고척
20240924,20240924LGSK02024,SK,LG,문학
20240924,20240924LTKT02024,KT,LT,수원
20240924,20240924NCOB02024,OB,NC,잠실
20240924,20240924SSHT02024,HT,SS,광주
20240925,20240925BL1,,,
20240925,20240925HHLG02024,LG,HH,잠실
20240925,20240925LTHT02024,HT,LT,광주
20240925,20240925SKNC02024,NC,SK,창원
20240925,20240925WOSS02024,SS,WO,대구
20240926,20240926BL1,,,
20240926,20240926OBLT02024,LT,OB,사직
20240926,20240926SKNC02024,NC,SK,창원
20240926,20240926WOLG02024,LG,WO,잠실
20240927,20240927BL1,,,
20240927,20240927YK1,,,잠실야구장
20240927,20240927HTHH02024,HH,HT,한밭
20240927,20240927NCLT02024,LT,NC,사직
20240927,20240927WOKT02024,KT,WO,수원
20240928,20240928HTLT02024,LT,HT,사직
20240928,20240928LGSS02024,SS,LG,대구
20240928,20240928OBNC02024,NC,OB,창원
20240928,20240928SKHH02024,HH,SK,한밭
20240928,20240928WOKT02024,KT,WO,수원
20240929,20240929NCHH02024,HH,NC,한밭
20240930,20240930NCHT02024,HT,NC,광주
20240930,20240930WOSK02024,SK,WO,문학
20241001,20241001LTNC02024,NC,LT,창원
20241001,66661001SKKT02024,KT,SK,수원
20241002,20241002BL1,,,
20241002,44441002KTOB02024,OB,KT,잠실
20241003,44441003KTOB02024,OB,KT,잠실
20241004,20241004BL1,,,
20241005,33331005KTLG02024,LG,KT,잠실
20241006,33331006KTLG02024,LG,KT,잠실
20241008,20241008BL1,,,
20241008,33331008LGKT02024,KT,LG,수원
20241009,33331009LGKT02024,KT,LG,수원
20241010,20241010BL1,,,
20241011,20241011BL1,,,
20241011,33331011KTLG02024,LG,KT,잠실
20241013,55551013LGSS02024,SS,LG,대구
20241015,20241015BL1,,,
20241015,55551015LGSS02024,SS,LG,대구
20241016,20241016BL1,,,
20241017,20241017BL1,,,
20241017,55551017SSLG02024,LG,SS,잠실
20241018,20241018BL1,,,
20241019,55551019SSLG02024,LG,SS,잠실
20241022,20241022BL1,,,
20241023,20241023BL1,,,
20241023,77771021SSHT02024,HT,SS,광주
20241023,77771023SSHT02024,HT,SS,광주
20241024,20241024BL1,,,
20241025,20241025BL1,,,
20241025,77771025HTSS02024,SS,HT,대구
20241026,77771026HTSS02024,SS,HT,대구
20241028,77771028SSHT02024,HT,SS,광주
20241029,20241029BL1,,,
20241030,20241030BL1,,,
20241031,20241031BL1,,,
20241101,20241101BL1,,,
20241107,20241107BL1,,,
20241110,88881110PNNL02024,NL,PN,파나메리카
20241110,88881110PRUS02024,US,PR,산타테레시
20241110,88881110VEMX02024,MX,VE,파나메리카
20241111,88881111VEPN02024,PN,VE,파나메리카
20241111,88881111NLUS02024,US,NL,산타테레시
20241111,88881111MXPR02024,PR,MX,파나메리카
20241111,20241111KBO1,,,BNK부산은행 본점 2층 오션홀
20241112,88881112PNMX02024,MX,PN,파나메리카
20241112,88881112USVE02024,VE,US,산타테레시
20241113,88881113NLPR02024,PR,NL,파나메리카
20241113,88881113PNUS02024,US,PN,산타테레시
20241113,20241113SPOTIME1,,,
20241113,88881113AUJP02024,JP,AU,나고야돔
20241113,88881113DOCU02024,CU,DO,티엔무
20241113,88881113KRTW02024,TW,KR,타이페이돔
20241114,88881114PRVE02024,VE,PR,파나메리카
20241114,20241114BL1,,,
20241114,88881114MXNL02024,NL,MX,파나메리카
20241114,20241114SPOTIME1,,,
20241114,88881114CUKR02024,KR,CU,티엔무
20241114,88881114TWDO02024,DO,TW,타이페이돔
20241115,88881115NLVE02024,VE,NL,파나메리카
20241115,88881115PRPN02024,PN,PR,산타테레시
20241115,88881115USMX02024,MX,US,파나메리카
20241115,88881115DOAU02024,AU,DO,티엔무
20241115,20241115SPOTIME1,,,
20241115,88881115KRJP02024,JP,KR,타이페이돔
20241116,88881116AUCU02024,CU,AU,티엔무
20241116,20241116SPOTIME1,,,
20241116,88881116JPTW02024,TW,JP,타이페이돔
20241116,88881116DOKR02024,KR,DO,티엔무
20241117,20241117SPOTIME1,,,
20241117,88881117CUJP02024,JP,CU,티엔무
20241117,88881117TWAU02024,AU,TW,타이페이돔
20241118,20241118SPOTIME1,,,
20241118,88881118AUKR02024,KR,AU,티엔무
20241118,20241118SPOTIME2,,,
20241118,88881118JPDO02024,DO,JP,티엔무
20241118,88881118CUTW02024,TW,CU,타이페이돔
20241121,20241121BL1,,,
20241121,88881121S1S302024,VE,TW,도쿄돔
20241121,20241121SPOTIME1,,,
20241121,88881121S2S402024,JP,US,도쿄돔
20241122,88881122TWUS02024,US,TW,도쿄돔
20241122,20241122SPOTIME1,,,
20241122,88881122VEJP02024,JP,VE,도쿄돔
20241123,88881123USVE02024,VE,US,도쿄돔
20241123,20241123SPOTIME1,,,
20241123,88881123TWJP02024,JP,TW,도쿄돔
20241124,88881124USVE02024,VE,US,도쿄돔
20241124,20241124SPOTIME1,,,
20241124,88881124F1F202024,JP,TW,도쿄돔
20241128,20241128BL1,,,
20250301,20250301SC1,,,
20250302,20250302SC1,,,
20250303,20250303SCBASEBALL,,,
20250306,20250306BL1,,,
20250308,20250308HTLT02025,LT,HT,사직
20250308,20250308LGKT02025,KT,LG,수원
20250308,20250308OBHH02025,HH,OB,청주
20250308,20250308SKSS02025,SS,SK,대구
20250308,20250308WONC02025,NC,WO,창원
20250309,20250309HTLT02025,LT,HT,사직
20250309,20250309LGKT02025,KT,LG,수원
20250309,20250309OBHH02025,HH,OB,청주
20250309,20250309SKSS02025,SS,SK,대구
20250309,20250309WONC02025,NC,WO,창원
20250310,20250310HHSK02025,SK,HH,문학
20250310,20250310HTNC02025,NC,HT,창원
20250310,20250310LGLT02025,LT,LG,사직
20250310,20250310OBSS02025,SS,OB,대구
20250310,20250310WOKT02025,KT,WO,수원
20250310,20250310SCBASEBALL1,,,
20250311,20250311HHSK02025,SK,HH,문학
20250311,20250311HTNC02025,NC,HT,창원
20250311,20250311LGLT02025,LT,LG,사직
20250311,20250311OBSS02025,SS,OB,대구
20250311,20250311WOKT02025,KT,WO,수원
20250313,20250313BL1,,,
20250313,20250313HHLT02025,LT,HH,사직
20250313,20250313HTOB02025,OB,HT,잠실
20250313,20250313LGSS02025,SS,LG,대구
20250313,20250313KTNC02025,NC,KT,창원
20250313,20250313WOSK02025,SK,WO,문학
20250314,20250314HHLT02025,LT,HH,사직
20250314,20250314HTOB02025,OB,HT,잠실
20250314,20250314KTNC02025,NC,KT,창원
20250314,20250314LGSS02025,SS,LG,대구
20250314,20250314WOSK02025,SK,WO,문학
20250315,20250315LGSK02025,SK,LG,문학
20250315,20250315OBWO02025,WO,OB,고척
20250315,20250315SSHT02025,HT,SS,광주
20250316,20250316HHNC02025,NC,HH,창원
20250316,20250316LGSK02025,SK,LG,문학
20250316,20250316OBWO02025,WO,OB,고척
20250316,20250316SSHT02025,HT,SS,광주
20250317,20250317LTWO02025,WO,LT,고척
20250317,20250317NCLG02025,LG,NC,잠실
20250317,20250317OBKT02025,KT,OB,수원
20250317,20250317SSHH02025,HH,SS,대전
20250317,20250317SCBASEBALL1,,,
20250318,20250318LTWO02025,WO,LT,고척
20250320,20250320BL1,,,
20250322,20250322HHKT02025,KT,HH,수원
20250322,20250322LTLG02025,LG,LT,잠실
20250322,20250322NCHT02025,HT,NC,광주
20250322,20250322OBSK02025,SK,OB,문학
20250322,20250322WOSS02025,SS,WO,대구
20250323,20250323HHKT02025,KT,HH,수원
20250323,20250323LTLG02025,LG,LT,잠실
20250323,20250323NCHT02025,HT,NC,광주
20250323,20250323OBSK02025,SK,OB,문학
20250323,20250323WOSS02025,SS,WO,대구
20250324,20250324SCBASEBALL1,,,
20250324,20250324SPORTSN1,,,
20250325,20250325BL1,,,
20250325,20250325BMBC,,,
20250325,20250325HHLG02025,LG,HH,잠실
20250325,20250325LTSK02025,SK,LT,문학
20250325,20250325NCSS02025,SS,NC,대구
20250325,20250325OBKT02025,KT,OB,수원
20250325,20250325WOHT02025,HT,WO,광주
20250326,20250326BL1,,,
20250326,20250326BMBC1,,,
20250326,20250326HHLG02025,LG,HH,잠실
20250326,20250326LTSK02025,SK,LT,문학
20250326,20250326NCSS02025,SS,NC,대구
20250326,20250326OBKT02025,KT,OB,수원
20250326,20250326WOHT02025,HT,WO,광주
20250326,20250326SPORTSN1,,,
20250327,20250327BL1,,,
20250327,20250327BMBC1,,,
20250327,20250327HHLG02025,LG,HH,잠실
20250327,20250327LTSK02025,SK,LT,문학
20250327,20250327NCSS02025,SS,NC,대구
20250327,20250327OBKT02025,KT,OB,수원
20250327,20250327WOHT02025,HT,WO,광주
20250328,20250328BL1,,,
20250328,20250328UBASEBALL1,,,
20250328,20250328UBASEBALL2,,,
20250328,20250328BMBC1,,,
20250328,20250328HTHH02025,HH,HT,대전
20250328,20250328KTLT02025,LT,KT,사직
20250328,20250328LGNC02025,NC,LG,창원
20250328,20250328SKWO02025,WO,SK,고척
20250328,20250328SSOB02025,OB,SS,잠실
20250329,20250329HTHH02025,HH,HT,대전
20250329,20250329SKWO02025,WO,SK,고척
20250329,20250329BMBC1,,,
20250329,20250329KTLT02025,LT,KT,사직
20250329,20250329LGNC02025,NC,LG,창원
20250329,20250329SSOB02025,OB,SS,잠실
20250330,20250330BMBC1,,,
20250330,20250330HTHH02025,HH,HT,대전
20250330,20250330KTLT02025,LT,KT,사직
20250330,20250330SKWO02025,WO,SK,고척
20250330,20250330SSOB02025,OB,SS,잠실
20250331,20250331SPORTSN1,,,
20250402,20250402BL1,,,
20250402,20250402BMBC1,,,
20250402,20250402LGKT02025,KT,LG,수원
20250402,20250402LTHH02025,HH,LT,대전
20250402,20250402SSHT02025,HT,SS,광주
20250402,20250402WOOB02025,OB,WO,잠실
20250402,20250402SPORTSN1,,,
20250403,20250403BL1,,,
20250403,202500403MBC1,,,
20250403,20250403LGKT02025,KT,LG,수원
20250403,20250403LTHH02025,HH,LT,대전
20250403,20250403SSHT02025,HT,SS,광주
20250403,20250403WOOB02025,OB,WO,잠실
20250404,20250404BL1,,,
20250404,20250404HHSS02025,SS,HH,대구
20250404,20250404HTLG02025,LG,HT,잠실
20250404,20250404KTSK02025,SK,KT,문학
20250404,20250404NCWO02025,WO,NC,고척
20250404,20250404OBLT02025,LT,OB,사직
20250404,20250404BMBC1,,,
20250405,20250405HHSS02025,SS,HH,대구
20250405,20250405BMBC1,,,
20250405,20250405NCWO02025,WO,NC,고척
20250405,20250405OBLT02025,LT,OB,사직
20250406,20250406HHSS02025,SS,HH,대구
20250406,20250406HTLG02025,LG,HT,잠실
20250406,20250406KTSK02025,SK,KT,문학
20250406,20250406NCWO02025,WO,NC,고척
20250406,20250406OBLT02025,LT,OB,사직
20250406,20250406BMBC1,,,
20250407,20250407SCBASEBALL1,,,
20250407,20250407SPORTSN1,,,
20250408,20250408BL1,,,
20250408,20250408BMBC1,,,
20250408,20250408HHOB02025,OB,HH,잠실
20250408,20250408HTLT02025,LT,HT,사직
20250408,20250408LGWO02025,WO,LG,고척
20250408,20250408NCKT02025,KT,NC,수원
20250408,20250408SKSS02025,SS,SK,대구
20250409,20250409BL1,,,
20250409,20250409BMBC1,,,
20250409,20250409HHOB02025,OB,HH,잠실
20250409,20250409HTLT02025,LT,HT,사직
20250409,20250409LGWO02025,WO,LG,고척
20250409,20250409NCKT02025,KT,NC,수원
20250409,20250409SKSS02025,SS,SK,대구
20250409,20250409SPORTSN1,,,
20250410,20250410BL1,,,
20250410,20250410UBASEBALL1,,,
20250410,20250410UBASEBALL2,,,
20250410,20250410BMBC1,,,
20250410,20250410HHOB02025,OB,HH,잠실
20250410,20250410HTLT02025,LT,HT,사직
20250410,20250410LGWO02025,WO,LG,고척
20250410,20250410NCKT02025,KT,NC,수원
20250410,20250410SKSS02025,SS,SK,대구
20250411,20250411BL1,,,
20250411,20250411BMBC1,,,
20250411,20250411LTNC02025,NC,LT,사직
20250411,20250411OBLG02025,LG,OB,잠실
20250411,20250411SKHT02025,HT,SK,광주
20250411,20250411SSKT02025,KT,SS,수원
20250411,20250411WOHH02025,HH,WO,대전
20250412,20250412OBLG02025,LG,OB,잠실
20250412,20250412BMBC1,,,
20250412,20250412LTNC02025,NC,LT,사직
20250412,20250412WOHH02025,HH,WO,대전
20250413,20250413BMBC1,,,
20250413,20250413LTNC02025,NC,LT,사직
20250413,20250413OBLG02025,LG,OB,잠실
20250413,20250413SKHT02025,HT,SK,광주
20250413,20250413SSKT02025,KT,SS,수원
20250413,20250413WOHH02025,HH,WO,대전
20250414,20250414SCBASEBALL1,,,
20250414,20250414SPORTSN1,,,
20250415,20250415BL1,,,
20250415,20250415BMBC1,,,
20250415,20250415HHSK02025,SK,HH,문학
20250415,20250415KTHT02025,HT,KT,광주
20250415,20250415SSLG02025,LG,SS,잠실
20250415,20250415WOLT02025,LT,WO,사직
20250416,20250416BL1,,,
20250416,20250416BMBC1,,,
20250416,20250416HHSK02025,SK,HH,문학
20250416,20250416KTHT02025,HT,KT,광주
20250416,20250416SSLG02025,LG,SS,잠실
20250416,20250416WOLT02025,LT,WO,사직
20250416,20250416SPORTSN1,,,
20250417,20250417BL1,,,
20250417,20250417BMBC1,,,
20250417,20250417HHSK02025,SK,HH,문학
20250417,20250417KTHT02025,HT,KT,광주
20250417,20250417SSLG02025,LG,SS,잠실
20250417,20250417WOLT02025,LT,WO,사직
20250417,20250417SPORTSN,,,
20250418,20250418UBASEBALL1,,,
20250418,20250418BL1,,,
20250418,20250418UBASEBALL2,,,
20250418,20250418BMBC1,,,
20250418,20250418HTOB02025,OB,HT,잠실
20250418,20250418KTWO02025,WO,KT,고척
20250418,20250418LGSK02025,SK,LG,문학
20250418,20250418LTSS02025,SS,LT,대구
20250418,20250418NCHH02025,HH,NC,대전
20250419,20250419HTOB02025,OB,HT,잠실
20250419,20250419LGSK02025,SK,LG,문학
20250419,20250419BMBC1,,,
20250419,20250419KTWO02025,WO,KT,고척
20250419,20250419LTSS02025,SS,LT,대구
20250419,20250419NCHH02025,HH,NC,대전
20250420,20250420BMBC1,,,
20250420,20250420HTOB02025,OB,HT,잠실
20250420,20250420KTWO02025,WO,KT,고척
20250420,20250420LGSK02025,SK,LG,문학
20250420,20250420LTSS02025,SS,LT,대구
20250420,20250420NCHH02025,HH,NC,대전
20250421,20250421KBO1,,,
20250421,20250421SCBASEBALL1,,,
20250421,20250421SPORTSN1,,,
20250422,20250422BL1,,,
20250422,20250422KBO1,,,
20250422,20250422NCLG02025,LG,NC,잠실
20250422,20250422OBWO02025,WO,OB,고척
20250422,20250422SKKT02025,KT,SK,수원
20250423,20250423BL1,,,
20250423,20250423KBO1,,,
20250423,20250423BMBC1,,,
20250423,20250423HHLT02025,LT,HH,사직
20250423,20250423HTSS02025,SS,HT,대구
20250423,20250423NCLG02025,LG,NC,잠실
20250423,20250423OBWO02025,WO,OB,고척
20250423,20250423SKKT02025,KT,SK,수원
20250423,20250423SPORTSN1,,,
20250424,20250424BL1,,,
20250424,20250424KBO1,,,
20250424,20250424BMBC1,,,
20250424,20250424HHLT02025,LT,HH,사직
20250424,20250424HTSS02025,SS,HT,대구
20250424,20250424NCLG02025,LG,NC,잠실
20250424,20250424OBWO02025,WO,OB,고척
20250424,20250424SKKT02025,KT,SK,수원
20250424,20250424SPORTSN1,,,
20250425,20250425BL1,,,
20250425,20250425KBO1,,,
20250425,20250425BMBC1,,,
20250425,20250425KTHH02025,HH,KT,대전
20250425,20250425LGHT02025,HT,LG,광주
20250425,20250425LTOB02025,OB,LT,잠실
20250425,20250425NCSS02025,SS,NC,대구
20250425,20250425WOSK02025,SK,WO,문학
20250426,20250426BMBC1,,,
20250426,20250426LGHT02025,HT,LG,광주
20250426,20250426LTOB02025,OB,LT,잠실
20250426,20250426KTHH02025,HH,KT,대전
20250426,20250426NCSS02025,SS,NC,대구
20250426,20250426WOSK02025,SK,WO,문학
20250427,20250427BMBC1,,,
20250427,20250427KTHH02025,HH,KT,대전
20250427,20250427LGHT02025,HT,LG,광주
20250427,20250427LTOB02025,OB,LT,잠실
20250427,20250427NCSS02025,SS,NC,대구
20250427,20250427WOSK02025,SK,WO,문학
20250428,20250428KBO1,,,
20250428,20250428SCBASEBALL1,,,
20250428,20250428SPORTSN1,,,
20250429,20250429BL1,,,
20250429,20250429KBO1,,,
20250429,20250429BMBC1,,,
20250429,20250429KTOB02025,OB,KT,잠실
20250429,20250429LGHH02025,HH,LG,대전
20250429,20250429LTWO02025,WO,LT,고척
20250429,20250429NCHT02025,HT,NC,광주
20250429,20250429SSSK02025,SK,SS,문학
20250430,20250430BL1,,,
20250430,20250430KBO1,,,
20250430,20250430BMBC1,,,
20250430,20250430KTOB02025,OB,KT,잠실
20250430,20250430LGHH02025,HH,LG,대전
20250430,20250430LTWO02025,WO,LT,고척
20250430,20250430NCHT02025,HT,NC,광주
20250430,20250430SSSK02025,SK,SS,문학
20250430,20250430SPORTSN1,,,
20250501,20250501KBO1,,,
20250501,20250501BMBC1,,,
20250501,20250501KTOB02025,OB,KT,잠실
20250501,20250501LTWO02025,WO,LT,고척
20250501,20250501SSSK02025,SK,SS,문학
20250501,20250501SPORTSN1,,,
20250502,20250502BL1,,,
20250502,2050502KBO1,,,
20250502,20250502BMBC1,,,
20250502,20250502HHHT02025,HT,HH,광주
20250502,20250502NCLT02025,LT,NC,사직
20250502,20250502OBSS02025,SS,OB,대구
20250502,20250502SKLG02025,LG,SK,잠실
20250502,20250502WOKT02025,KT,WO,수원
20250503,20250503BMBC1,,,
20250503,20250503NCLT02025,LT,NC,사직
20250503,20250503OBSS02025,SS,OB,대구
20250503,20250503SKLG02025,LG,SK,잠실
20250503,20250503WOKT02025,KT,WO,수원
20250504,20250504BMBC1,,,
20250504,20250504HHHT02025,HT,HH,광주
20250504,20250504NCLT02025,LT,NC,사직
20250504,20250504OBSS02025,SS,OB,대구
20250504,20250504SKLG02025,LG,SK,잠실
20250504,20250504WOKT02025,KT,WO,수원
20250505,20250505KBO1,,,
20250505,20250505BMBC1,,,
20250505,20250505HTWO02025,WO,HT,고척
20250505,20250505LGOB02025,OB,LG,잠실
20250505,20250505NCKT02025,KT,NC,수원
20250505,20250505SKLT02025,LT,SK,사직
20250505,20250505SSHH02025,HH,SS,대전
20250506,20250506KBO1,,,
20250506,20250506BMBC1,,,
20250506,20250506HTWO02025,WO,HT,고척
20250506,20250506LGOB02025,OB,LG,잠실
20250506,20250506NCKT02025,KT,NC,수원
20250506,20250506SKLT02025,LT,SK,사직
20250506,20250506SSHH02025,HH,SS,대전
20250507,20250507BL1,,,
20250507,20250507KBO1,,,
20250507,20250507BMBC1,,,
20250507,20250507HTWO02025,WO,HT,고척
20250507,20250507LGOB02025,OB,LG,잠실
20250507,20250507NCKT02025,KT,NC,수원
20250507,20250507SKLT02025,LT,SK,사직
20250507,20250507SSHH02025,HH,SS,대전
20250507,20250507SPORTSN1,,,
20250508,20250508BL1,,,
20250508,20250505SCBASEBALL1,,,
20250508,20250508SPORTSN1,,,
20250509,20250509BL1,,,
20250509,20250509KBO1,,,
20250509,20250509HHWO02025,WO,HH,고척
20250510,20250510HHWO02025,WO,HH,고척
20250510,20250510LGSS12025,SS,LG,대구
20250510,20250510BMBC1,,,
20250510,20250510HTSK02025,SK,HT,문학
20250510,20250510LTKT02025,KT,LT,수원
20250510,20250510NCOB02025,OB,NC,잠실
20250510,20250510LGSS22025,SS,LG,대구
20250511,20250511HHWO02025,WO,HH,고척
20250511,20250511HTSK12025,SK,HT,문학
20250511,20250511LGSS02025,SS,LG,대구
20250511,20250511LTKT12025,KT,LT,수원
20250511,20250511NCOB12025,OB,NC,잠실
20250511,20250511BMBC1,,,
20250511,20250511LTKT22025,KT,LT,수원
20250511,20250511NCOB22025,OB,NC,잠실
20250511,20250511HTSK22025,SK,HT,문학
20250512,20250512KBO1,,,
20250512,20250512SPORTSN1,,,
20250513,20250513BL1,,,
20250513,20250513KBO1,,,
20250513,20250513BMBC1,,,
20250513,20250513KTSS02025,SS,KT,포항
20250513,20250513LTHT02025,HT,LT,광주
20250513,20250513NCSK02025,SK,NC,문학
20250513,20250513OBHH02025,HH,OB,대전
20250513,20250513WOLG02025,LG,WO,잠실
20250514,20250514BL1,,,
20250514,20250514KBO1,,,
20250514,20250514BMBC1,,,
20250514,20250514KTSS02025,SS,KT,포항
20250514,20250514LTHT02025,HT,LT,광주
20250514,20250514NCSK02025,SK,NC,문학
20250514,20250514OBHH02025,HH,OB,대전
20250514,20250514WOLG02025,LG,WO,잠실
20250515,20250515BL1,,,
20250515,20250515KBO1,,,
20250515,20250515BMBC1,,,
20250515,20250515KTSS02025,SS,KT,포항
20250515,20250515LTHT02025,HT,LT,광주
20250515,20250515NCSK02025,SK,NC,문학
20250515,20250515OBHH02025,HH,OB,대전
20250515,20250515WOLG02025,LG,WO,잠실
20250515,20250515SPORTSN1,,,
20250516,20250516BL1,,,
20250516,20250516UBASEBALL1,,,원주야구장
20250516,20250516UBASEBALL2,,,원주야구장
20250516,20250516KBO1,,,
20250517,20250517BMBC1,,,
20250517,20250517KTLG12025,LG,KT,잠실
20250517,20250517OBHT12025,HT,OB,광주
20250517,20250517SKHH12025,HH,SK,대전
20250517,20250517SSLT12025,LT,SS,사직
20250517,20250517WONC12025,NC,WO,울산
20250517,20250517SKHH22025,HH,SK,대전
20250517,20250517WONC22025,NC,WO,울산
20250517,20250517OBHT22025,HT,OB,광주
20250517,20250516BMBC1,,,
20250517,20250517SSLT22025,LT,SS,사직
20250517,20250517KTLG22025,LG,KT,잠실
20250518,20250518BMBC1,,,
20250518,20250518KTLG02025,LG,KT,잠실
20250518,20250518OBHT02025,HT,OB,광주
20250518,20250518SKHH02025,HH,SK,대전
20250518,20250518SSLT02025,LT,SS,사직
20250518,20250518WONC02025,NC,WO,울산
20250519,20250519KBO1,,,
20250519,20250519SPORTSN1,,,
20250520,20250520BL1,,,
20250520,20250520KBO1,,,
20250520,20250520BMBC1,,,
20250520,20250520HHNC02025,NC,HH,울산
20250520,20250520HTKT02025,KT,HT,수원
20250520,20250520LGLT02025,LT,LG,사직
20250520,20250520SKOB02025,OB,SK,잠실
20250520,20250520SSWO02025,WO,SS,고척
20250521,20250521BL1,,,
20250521,20250521KBO1,,,
20250521,20250521BMBC1,,,
20250521,20250521HHNC02025,NC,HH,울산
20250521,20250521HTKT02025,KT,HT,수원
20250521,20250521LGLT02025,LT,LG,사직
20250521,20250521SKOB02025,OB,SK,잠실
20250521,20250521SSWO02025,WO,SS,고척
20250522,20250522BL1,,,
20250522,20250522KBO1,,,
20250522,20250522BMBC1,,,
20250522,20250522HHNC02025,NC,HH,울산
20250522,20250522HTKT02025,KT,HT,수원
20250522,20250522LGLT02025,LT,LG,사직
20250522,20250522SKOB02025,OB,SK,잠실
20250522,20250522SSWO02025,WO,SS,고척
20250522,20250522SPORTSN1,,,
20250523,20250523BL1,,,
20250523,20250523KBO1,,,
20250523,20250523BMBC1,,,
20250523,20250523HTSS02025,SS,HT,대구
20250523,20250523KTWO02025,WO,KT,고척
20250523,20250523LGSK02025,SK,LG,문학
20250523,20250523LTHH02025,HH,LT,대전
20250523,20250523NCOB02025,OB,NC,잠실
20250524,20250524SUN1,,,
20250524,20250524BMBC1,,,
20250524,20250524KTWO02025,WO,KT,고척
20250524,20250524LTHH02025,HH,LT,대전
20250524,20250524HTSS02025,SS,HT,대구
20250524,20250524LGSK02025,SK,LG,문학
20250524,20250524NCOB02025,OB,NC,잠실
20250525,20250525BMBC1,,,
20250525,20250525HTSS02025,SS,HT,대구
20250525,20250525KTWO02025,WO,KT,고척
20250525,20250525LGSK02025,SK,LG,문학
20250525,20250525LTHH02025,HH,LT,대전
20250525,20250525NCOB02025,OB,NC,잠실
20250526,20250526KBO1,,,
20250526,20250526SCBASEBALL1,,,
20250526,20250526SPORTSN1,,,
20250527,20250527BL1,,,
20250527,20250527KBO1,,,
20250527,20250527BMBC1,,,
20250527,20250527HHLG02025,LG,HH,잠실
20250527,20250527LTSS02025,SS,LT,대구
20250527,20250527NCSK02025,SK,NC,문학
20250527,20250527OBKT02025,KT,OB,수원
20250527,20250527WOHT02025,HT,WO,광주
20250528,20250528BL1,,,
20250528,20250528KBO1,,,
20250528,20250528BMBC1,,,
20250528,20250528HHLG02025,LG,HH,잠실
20250528,20250528NCSK02025,SK,NC,문학
20250528,20250528OBKT02025,KT,OB,수원
20250528,20250528WOHT02025,HT,WO,광주
20250529,20250529BL1,,,
20250529,20250529KBO1,,,
20250529,20250529BMBC1,,,
20250529,20250529HHLG02025,LG,HH,잠실
20250529,20250529LTSS02025,SS,LT,대구
20250529,20250529NCSK02025,SK,NC,문학
20250529,20250529OBKT02025,KT,OB,수원
20250529,20250529WOHT02025,HT,WO,광주
20250529,20250529SPORTSN1,,,
20250530,20250530BL1,,,
20250530,20250530KBO1,,,
20250530,20250530BMBC1,,,
20250530,20250530HHNC02025,NC,HH,창원
20250530,20250530HTKT02025,KT,HT,수원
20250530,20250530OBWO02025,WO,OB,고척
20250530,20250530SKLT02025,LT,SK,사직
20250530,20250530SSLG02025,LG,SS,잠실
20250531,20250531HHNC02025,NC,HH,창원
20250531,20250531HTKT02025,KT,HT,수원
20250531,20250531BMBC1,,,
20250531,20250531OBWO02025,WO,OB,고척
20250531,20250531SKLT02025,LT,SK,사직
20250531,20250531SSLG02025,LG,SS,잠실
20250601,20250601OBWO02025,WO,OB,고척
20250601,20250601BMBC1,,,
20250601,20250601HHNC02025,NC,HH,창원
20250601,20250601HTKT02025,KT,HT,수원
20250601,20250601SKLT02025,LT,SK,사직
20250601,20250601SSLG02025,LG,SS,잠실
20250602,20250602KBO1,,,
20250602,20250602SCBASEBALL1,,,
20250602,20250602SPORTSN1,,,
20250603,20250603KTHH02025,HH,KT,대전
20250603,20250603LGNC02025,NC,LG,창원
20250603,20250603BMBC1,,,
20250603,20250603HTOB02025,OB,HT,잠실
20250603,20250603SSSK02025,SK,SS,문학
20250603,20250603WOLT02025,LT,WO,사직
20250604,20250604BL1,,,
20250604,20250604KBO1,,,
20250604,20250604BMBC1,,,
20250604,20250604HTOB02025,OB,HT,잠실
20250604,20250604KTHH02025,HH,KT,대전
20250604,20250604LGNC02025,NC,LG,창원
20250604,20250604SSSK02025,SK,SS,문학
20250604,20250604WOLT02025,LT,WO,사직
20250605,20250605BL1,,,
20250605,20250605KBO1,,,
20250605,20250605BMBC1,,,
20250605,20250605HTOB02025,OB,HT,잠실
20250605,20250605KTHH02025,HH,KT,대전
20250605,20250605LGNC02025,NC,LG,창원
20250605,20250605SSSK02025,SK,SS,문학
20250605,20250605WOLT02025,LT,WO,사직
20250605,20250605SPORTSN1,,,
20250606,20250606KBO1,,,
20250606,20250606BMBC1,,,
20250606,20250606HHHT02025,HT,HH,광주
20250606,20250606LGWO02025,WO,LG,고척
20250606,20250606LTOB02025,OB,LT,잠실
20250606,20250606NCSS02025,SS,NC,대구
20250606,20250606SKKT02025,KT,SK,수원
20250607,20250607BMBC1,,,
20250607,20250607HHHT02025,HT,HH,광주
20250607,20250607LGWO02025,WO,LG,고척
20250607,20250607LTOB02025,OB,LT,잠실
20250607,20250607NCSS02025,SS,NC,대구
20250607,20250607SKKT02025,KT,SK,수원
20250608,20250608LGWO02025,WO,LG,고척
20250608,20250608BMBC1,,,
20250608,20250608HHHT02025,HT,HH,광주
20250608,20250608LTOB02025,OB,LT,잠실
20250608,20250608NCSS02025,SS,NC,대구
20250608,20250608SKKT02025,KT,SK,수원
20250609,20250609KBO1,,,
20250609,20250609SCBASEBALL1,,,
20250609,20250609SPORTSN1,,,
20250610,20250610BL1,,,
20250610,20250610KBO1,,,
20250610,20250610lCHITCHIT1,,,
20250610,20250610BMBC1,,,
20250610,20250610LTKT02025,KT,LT,수원
20250610,20250610NCWO02025,WO,NC,고척
20250610,20250610OBHH02025,HH,OB,대전
20250610,20250610SKLG02025,LG,SK,잠실
20250610,20250610SSHT02025,HT,SS,광주
20250611,20250611BL1,,,
20250611,20250611KBO1,,,
20250611,20250611CHITCHIT1,,,
20250611,20250611BMBC1,,,
20250611,20250611LTKT02025,KT,LT,수원
20250611,20250611NCWO02025,WO,NC,고척
20250611,20250611OBHH02025,HH,OB,대전
20250611,20250611SKLG02025,LG,SK,잠실
20250611,20250611SSHT02025,HT,SS,광주
20250612,20250612BL1,,,
20250612,20250612KBO1,,,
20250612,20250612CHITCHIT1,,,
20250612,20250612BMBC1,,,
20250612,20250612LTKT02025,KT,LT,수원
20250612,20250612NCWO02025,WO,NC,고척
20250612,20250612OBHH02025,HH,OB,대전
20250612,20250612SKLG02025,LG,SK,잠실
20250612,20250612SSHT02025,HT,SS,광주
20250612,20250612SPORTSN1,,,
20250613,20250613BL1,,,
20250613,20250613KBO1,,,
20250613,20250613BMBC1,,,
20250613,20250613HTNC02025,NC,HT,창원
20250614,20250614CHITCHIT1,,,
20250614,20250614BMBC1,,,
20250614,20250614HTNC02025,NC,HT,창원
20250614,20250614KTSS02025,SS,KT,대구
20250614,20250614LGHH02025,HH,LG,대전
20250614,20250614LTSK02025,SK,LT,문학
20250614,20250614WOOB02025,OB,WO,잠실
20250615,20250615CHITCHIT1,,,
20250615,20250615BMBC1,,,
20250615,20250615HTNC02025,NC,HT,창원
20250615,20250615KTSS02025,SS,KT,대구
20250615,20250615LGHH02025,HH,LG,대전
20250615,20250615LTSK02025,SK,LT,문학
20250615,20250615WOOB02025,OB,WO,잠실
20250616,20250616KBO1,,,
20250616,20250616SPORTSN1,,,
20250617,20250617BL1,,,
20250617,20250617KBO1,,,
20250617,20250617CHITCHIT1,,,
20250617,20250617BMBC1,,,
20250617,20250617HHLT02025,LT,HH,사직
20250617,20250617KTHT02025,HT,KT,광주
20250617,20250617NCLG02025,LG,NC,잠실
20250617,20250617OBSS02025,SS,OB,대구
20250617,20250617SKWO02025,WO,SK,고척
20250618,20250618BL1,,,
20250618,20250618KBO1,,,
20250618,20250618CHITCHIT1,,,
20250618,20250618BMBC1,,,
20250618,20250618HHLT02025,LT,HH,사직
20250618,20250618KTHT02025,HT,KT,광주
20250618,20250618NCLG02025,LG,NC,잠실
20250618,20250618OBSS02025,SS,OB,대구
20250618,20250618SKWO02025,WO,SK,고척
20250619,20250619BL1,,,
20250619,20250619KBO1,,,
20250619,20250619CHITCHIT1,,,
20250619,20250619BMBC1,,,
20250619,20250619HHLT02025,LT,HH,사직
20250619,20250619KTHT02025,HT,KT,광주
20250619,20250619NCLG02025,LG,NC,잠실
20250619,20250619OBSS02025,SS,OB,대구
20250619,20250619SKWO02025,WO,SK,고척
20250619,20250619SPORTSN1,,,
20250620,20250620BL1,,,
20250620,20250620KBO1,,,
20250620,20250620CHITCHIT1,,,
20250620,20250620BMBC1,,,
20250620,20250620SSLT02025,LT,SS,사직
20250621,20250621BMBC1,,,
20250621,20250621HTSK02025,SK,HT,문학
20250621,20250621NCKT02025,KT,NC,수원
20250621,20250621OBLG02025,LG,OB,잠실
20250622,20250622CHITCHIT1,,,
20250622,20250622BMBC1,,,
20250622,20250622HTSK02025,SK,HT,문학
20250622,20250622NCKT02025,KT,NC,수원
20250622,20250622OBLG02025,LG,OB,잠실
20250622,20250622SSLT02025,LT,SS,사직
20250622,20250622WOHH02025,HH,WO,대전
20250623,20250623KBO1,,,
20250623,20250623SCBASEBALL1,,,
20250623,20250623SPORTSN1,,,
20250624,20250624BL1,,,
20250624,20250624KBO1,,,
20250624,20250624CHITCHIT1,,,
20250624,20250624HTWO02025,WO,HT,고척
20250624,20250624LGKT02025,KT,LG,수원
20250624,20250624SKOB02025,OB,SK,잠실
20250625,20250625BL1,,,
20250625,20250625KBO1,,,
20250625,20250625BMBC1,,,
20250625,20250625HHSS02025,SS,HH,대구
20250625,20250625HTWO02025,WO,HT,고척
20250625,20250625LTNC02025,NC,LT,창원
20250625,20250625CHITCHIT1,,,
20250626,20250626BL1,,,
20250626,20250626KBO1,,,
20250626,20250626CHITCHIT1,,,
20250626,20250626BMBC1,,,
20250626,20250626HHSS02025,SS,HH,대구
20250626,20250626HTWO02025,WO,HT,고척
20250626,20250626LGKT02025,KT,LG,수원
20250626,20250626LTNC02025,NC,LT,창원
20250626,20250626SKOB02025,OB,SK,잠실
20250626,20250626SPORTSN1,,,
20250627,20250627BL1,,,
20250627,20250627KBO1,,,
20250627,20250627CHITCHIT1,,,
20250627,20250627BMBC1,,,
20250627,20250627HHSK02025,SK,HH,문학
20250627,20250627HTLG02025,LG,HT,잠실
20250627,20250627KTLT02025,LT,KT,사직
20250627,20250627OBNC02025,NC,OB,창원
20250627,20250627SSWO02025,WO,SS,고척
20250628,20250628CHITCHIT1,,,
20250628,20250628BMBC1,,,
20250628,20250628HHSK02025,SK,HH,문학
20250628,20250628HTLG02025,LG,HT,잠실
20250628,20250628KTLT02025,LT,KT,사직
20250628,20250628OBNC02025,NC,OB,창원
20250628,20250628SSWO02025,WO,SS,고척
20250629,20250629SSWO02025,WO,SS,고척
20250629,20250629CHITCHIT1,,,
20250629,20250629BMBC1,,,
20250629,20250629HHSK02025,SK,HH,문학
20250629,20250629HTLG02025,LG,HT,잠실
20250629,20250629KTLT02025,LT,KT,사직
20250629,20250629OBNC02025,NC,OB,창원
20250630,20250630KBO1,,,
20250630,20250630SPORTSN1,,,
20250701,20250701BL1,,,
20250701,20250701KBO1,,,
20250701,20250701CHITCHIT1,,,
20250701,20250701BMBC1,,,
20250701,20250701LGLT02025,LT,LG,사직
20250701,20250701NCHH02025,HH,NC,대전
20250701,20250701SKHT02025,HT,SK,광주
20250701,20250701SSOB02025,OB,SS,잠실
20250701,20250701WOKT02025,KT,WO,수원
20250702,20250702KUSF4,,,
20250702,20250702BL1,,,
20250702,20250702KBO1,,,
20250702,20250702CHITCHIT1,,,
20250702,20250702BMBC1,,,
20250702,20250702LGLT02025,LT,LG,사직
20250702,20250702NCHH02025,HH,NC,대전
20250702,20250702SKHT02025,HT,SK,광주
20250702,20250702SSOB02025,OB,SS,잠실
20250702,20250702WOKT02025,KT,WO,수원
20250703,20250703KUSF3,,,
20250703,20250703BL1,,,
20250703,20250703KBO1,,,
20250703,20250703CHITCHIT1,,,
20250703,20250703BMBC1,,,
20250703,20250703LGLT02025,LT,LG,사직
20250703,20250703NCHH02025,HH,NC,대전
20250703,20250703SKHT02025,HT,SK,광주
20250703,20250703SSOB02025,OB,SS,잠실
20250703,20250703WOKT02025,KT,WO,수원
20250703,20250703SPORTSN1,,,
20250704,20250704KUSF1,,,
20250704,20250704BL1,,,
20250704,20250704KBO1,,,
20250704,20250704CHITCHIT1,,,
20250704,20250704BMBC1,,,
20250704,20250704HHWO02025,WO,HH,고척
20250704,20250704KTOB02025,OB,KT,잠실
20250704,20250704LGSS02025,SS,LG,대구
20250704,20250704LTHT02025,HT,LT,광주
20250704,20250704SKNC02025,NC,SK,창원
20250705,20250705CHITCHIT1,,,
20250705,20250705BMBC1,,,
20250705,20250705HHWO02025,WO,HH,고척
20250705,20250705KTOB02025,OB,KT,잠실
20250705,20250705LGSS02025,SS,LG,대구
20250705,20250705LTHT02025,HT,LT,광주
20250705,20250705SKNC02025,NC,SK,창원
20250706,20250706HHWO02025,WO,HH,고척
20250706,20250706CHITCHIT1,,,
20250706,20250706BMBC1,,,
20250706,20250706KTOB02025,OB,KT,잠실
20250706,20250706LGSS02025,SS,LG,대구
20250706,20250706LTHT02025,HT,LT,광주
20250706,20250706SKNC02025,NC,SK,창원
20250707,20250707KUSF1,,,
20250707,20250707KBO1,,,
20250707,20250707SCBASEBALL1,,,
20250707,20250707SPORTSN3,,,
20250708,20250708KUSF3,,,
20250708,20250708BL1,,,
20250708,20250708KBO1,,,
20250708,20250708CHITCHIT1,,,
20250708,20250708BMBC1,,,
20250708,20250708HTHH02025,HH,HT,대전
20250708,20250708KTSK02025,SK,KT,문학
20250708,20250708OBLT02025,LT,OB,사직
20250708,20250708SSNC02025,NC,SS,창원
20250708,20250708WOLG02025,LG,WO,잠실
20250709,20250709KUSF3,,,
20250709,20250709BL1,,,
20250709,20250709KBO1,,,
20250709,20250709CHITCHIT1,,,
20250709,20250709BMBC1,,,
20250709,20250709HTHH02025,HH,HT,대전
20250709,20250709KTSK02025,SK,KT,문학
20250709,20250709OBLT02025,LT,OB,사직
20250709,20250709SSNC02025,NC,SS,창원
20250709,20250709WOLG02025,LG,WO,잠실
20250710,20250710KUSF3,,,
20250710,20250710BL1,,,
20250710,20250710KBO2,,,
20250710,20250710CHITCHIT1,,,
20250710,20250710BMBC1,,,
20250710,20250710HTHH02025,HH,HT,대전
20250710,20250710KTSK02025,SK,KT,문학
20250710,20250710OBLT02025,LT,OB,사직
20250710,20250710SSNC02025,NC,SS,창원
20250710,20250710WOLG02025,LG,WO,잠실
20250710,20250710SPORTSN1,,,
20250711,20250711KUSF3,,,
20250711,20250711BL1,,,
20250712,99990712EAWE02025,WE,EA,대전
20250714,20250714SCBASEBALL1,,,
20250714,20250714SPORTSN1,,,
20250715,20250715KUSF4,,,
20250717,20250717KBO1,,,
20250717,20250717SPORTSN1,,,
20250718,20250718BL1,,,
20250718,20250718KBO2,,,
20250718,20250718CHITCHIT1,,,
20250718,20250718BMBC1,,,
20250718,20250718HHKT02025,KT,HH,수원
20250718,20250718LTLG02025,LG,LT,잠실
20250719,20250719CHITCHIT1,,,
20250719,20250719BMBC1,,,
20250719,20250719HHKT02025,KT,HH,수원
20250719,20250719LTLG02025,LG,LT,잠실
20250719,20250719OBSK02025,SK,OB,문학
20250720,20250720CHITCHIT1,,,
20250720,20250720BMBC1,,,
20250720,20250720HHKT02025,KT,HH,수원
20250720,20250720LTLG02025,LG,LT,잠실
20250720,20250720NCHT02025,HT,NC,광주
20250720,20250720OBSK02025,SK,OB,문학
20250720,20250720WOSS02025,SS,WO,대구
20250721,20250721KBO1,,,
20250721,20250721SCBASEBALL1,,,
20250721,20250721SPORTSN1,,,
20250722,20250722BL1,,,
20250722,20250722KBO1,,,
20250722,20250722CHITCHIT1,,,
20250722,20250722BMBC1,,,
20250722,20250722HHOB02025,OB,HH,잠실
20250722,20250722KTNC02025,NC,KT,창원
20250722,20250722LGHT02025,HT,LG,광주
20250722,20250722LTWO02025,WO,LT,고척
20250722,20250722SKSS02025,SS,SK,대구
20250723,20250723BL1,,,
20250723,20250723KBO1,,,
20250723,20250723CHITCHIT1,,,
20250723,20250723BMBC1,,,
20250723,20250723HHOB02025,OB,HH,잠실
20250723,20250723KTNC02025,NC,KT,창원
20250723,20250723LGHT02025,HT,LG,광주
20250723,20250723LTWO02025,WO,LT,고척
20250723,20250723SKSS02025,SS,SK,대구
20250724,20250724KUSF1,,,
20250724,20250724BL1,,,
20250724,20250724KBO1,,,
20250724,20250724CHITCHIT1,,,
20250724,20250724BMBC1,,,
20250724,20250724HHOB02025,OB,HH,잠실
20250724,20250724KTNC02025,NC,KT,창원
20250724,20250724LGHT02025,HT,LG,광주
20250724,20250724LTWO02025,WO,LT,고척
20250724,20250724SKSS02025,SS,SK,대구
20250724,20250724SPORTSN1,,,
20250725,20250725KUSF1,,,
20250725,20250725BL1,,,
20250725,20250725KBO2,,,
20250725,20250725CHITCHIT1,,,
20250725,20250725BMBC1,,,
20250725,20250725HTLT02025,LT,HT,사직
20250725,20250725LGOB02025,OB,LG,잠실
20250725,20250725SKHH02025,HH,SK,대전
20250725,20250725SSKT02025,KT,SS,수원
20250725,20250725WONC02025,NC,WO,창원
20250726,20250726CHITCHIT1,,,
20250726,20250726BMBC1,,,
20250726,20250726HTLT02025,LT,HT,사직
20250726,20250726LGOB02025,OB,LG,잠실
20250726,20250726SKHH02025,HH,SK,대전
20250726,20250726SSKT02025,KT,SS,수원
20250726,20250726WONC02025,NC,WO,창원
20250727,20250727CHITCHIT1,,,
20250727,20250727BMBC1,,,
20250727,20250727HTLT02025,LT,HT,사직
20250727,20250727LGOB02025,OB,LG,잠실
20250727,20250727SKHH02025,HH,SK,대전
20250727,20250727SSKT02025,KT,SS,수원
20250727,20250727WONC02025,NC,WO,창원
20250728,20250728KUSF2,,,
20250728,20250728KBO1,,,
20250728,20250728SCBASEBALL1,,,
20250728,20250728SPORTSN1,,,
20250729,20250729KUSF2,,,
20250729,20250729BL1,,,
20250729,20250729KBO1,,,
20250729,20250729CHITCHIT1,,,
20250729,20250729BMBC1,,,
20250729,20250729KTLG02025,LG,KT,잠실
20250729,20250729NCLT02025,LT,NC,사직
20250729,20250729OBHT02025,HT,OB,광주
20250729,20250729SSHH02025,HH,SS,대전
20250729,20250729WOSK02025,SK,WO,문학
20250730,20250730KUSF2,,,
20250730,20250730BL1,,,
20250730,20250730KBO1,,,
20250730,20250730CHITCHIT1,,,
20250730,20250730BMBC1,,,
20250730,20250730KTLG02025,LG,KT,잠실
20250730,20250730NCLT02025,LT,NC,사직
20250730,20250730OBHT02025,HT,OB,광주
20250730,20250730SSHH02025,HH,SS,대전
20250730,20250730WOSK02025,SK,WO,문학
20250731,20250731KUSF2,,,
20250731,20250731BL1,,,
20250731,20250731KBO1,,,
20250731,20250731CHITCHIT1,,,
20250731,20250731BMBC1,,,
20250731,20250731KTLG02025,LG,KT,잠실
20250731,20250731NCLT02025,LT,NC,사직
20250731,20250731OBHT02025,HT,OB,광주
20250731,20250731SSHH02025,HH,SS,대전
20250731,20250731WOSK02025,SK,WO,문학
20250731,20250731SPORTSN1,,,
20250801,20250801BL1,,,
20250801,20250801KUSF2,,,
20250801,20250801KBO1,,,
20250801,20250801CHITCHIT1,,,
20250801,20250801BMBC1,,,
20250801,20250801HHHT02025,HT,HH,광주
20250801,20250801KTNC02025,NC,KT,창원
20250801,20250801LGSS02025,SS,LG,대구
20250801,20250801LTWO02025,WO,LT,고척
20250801,20250801SKOB02025,OB,SK,잠실
20250802,20250802CHITCHIT1,,,
20250802,20250802BMBC1,,,
20250802,20250802KTNC02025,NC,KT,창원
20250802,20250802LGSS02025,SS,LG,대구
20250802,20250802LTWO02025,WO,LT,고척
20250802,20250802SKOB02025,OB,SK,잠실
20250803,20250803BMBC1,,,
20250803,20250803LTWO02025,WO,LT,고척
20250803,20250803CHITCHIT1,,,
20250803,20250803KTNC02025,NC,KT,창원
20250803,20250803LGSS02025,SS,LG,대구
20250803,20250803SKOB02025,OB,SK,잠실
20250804,20250804KBO1,,,
20250804,20250804SCBASEBALL1,,,
20250804,20250804SPORTSN1,,,
20250805,20250805BL1,,,
20250805,20250805KUSF2,,,
20250805,20250805KBO1,,,
20250805,20250805CHITCHIT1,,,
20250805,20250805BMBC1,,,
20250805,20250805HTLT02025,LT,HT,사직
20250805,20250805KTHH02025,HH,KT,대전
20250805,20250805OBLG02025,LG,OB,잠실
20250805,20250805SSSK02025,SK,SS,문학
20250805,20250805WONC02025,NC,WO,창원
20250806,20250806BL1,,,
20250806,20250806KBO1,,,
20250806,20250804KUSF2,,,
20250806,20250806CHITCHIT1,,,
20250806,20250806BMBC1,,,
20250806,20250806HTLT02025,LT,HT,사직
20250806,20250806KTHH02025,HH,KT,대전
20250806,20250806OBLG02025,LG,OB,잠실
20250806,20250806SSSK02025,SK,SS,문학
20250806,20250806WONC02025,NC,WO,창원
20250807,20250807BL1,,,
20250807,20250806KUSF2,,,
20250807,20250807KBO1,,,
20250807,20250807CHITCHIT1,,,
20250807,20250807BMBC1,,,
20250807,20250807HTLT02025,LT,HT,사직
20250807,20250807KTHH02025,HH,KT,대전
20250807,20250807OBLG02025,LG,OB,잠실
20250807,20250807SSSK02025,SK,SS,문학
20250807,20250807WONC02025,NC,WO,창원
20250807,20250807SPORTSN1,,,
20250808,20250808BL1,,,
20250808,20250808KBO1,,,
20250808,20250808CHITCHIT1,,,
20250808,20250808BMBC1,,,
20250808,20250808HHLG02025,LG,HH,잠실
20250808,20250808HTNC02025,NC,HT,창원
20250808,20250808OBWO02025,WO,OB,고척
20250808,20250808SKLT02025,LT,SK,사직
20250808,20250808SSKT02025,KT,SS,수원
20250809,20250809HHLG02025,LG,HH,잠실
20250809,20250809OBWO02025,WO,OB,고척
20250809,20250809SSKT02025,KT,SS,수원
20250810,20250810OBWO02025,WO,OB,고척
20250810,20250810CHITCHIT1,,,
20250810,20250810BMBC1,,,
20250810,20250810HHLG02025,LG,HH,잠실
20250810,20250810HTNC02025,NC,HT,창원
20250810,20250810SKLT02025,LT,SK,사직
20250810,20250810SSKT02025,KT,SS,수원
20250811,20250811KBO1,,,
20250811,20250811SCBASEBALL1,,,
20250811,20250811SPORTSN1,,,
20250812,20250812BL1,,,
20250812,20250812KBO1,,,
20250812,20250812CHITCHIT1,,,
20250812,20250812BMBC1,,,
20250812,20250812HTSS02025,SS,HT,대구
20250812,20250812LGKT02025,KT,LG,수원
20250812,20250812LTHH02025,HH,LT,대전
20250812,20250812NCOB02025,OB,NC,잠실
20250812,20250812WOSK02025,SK,WO,문학
20250813,20250813BL1,,,
20250813,20250813KBO1,,,
20250813,20250813CHITCHIT1,,,
20250813,20250813BMBC1,,,
20250813,20250813HTSS02025,SS,HT,대구
20250813,20250813LTHH02025,HH,LT,대전
20250814,20250814BL1,,,
20250814,20250814KBO1,,,
20250814,20250814CHITCHIT1,,,
20250814,20250814BMBC1,,,
20250814,20250814HTSS02025,SS,HT,대구
20250814,20250814LTHH02025,HH,LT,대전
20250814,20250814NCOB02025,OB,NC,잠실
20250814,20250814WOSK02025,SK,WO,문학
20250814,20250814SPORTSN1,,,
20250815,20250815KBO1,,,
20250815,20250815CHITCHIT1,,,
20250815,20250815BMBC1,,,
20250815,20250815HHNC02025,NC,HH,창원
20250815,20250815HTOB02025,OB,HT,잠실
20250815,20250815KTWO02025,WO,KT,고척
20250815,20250815LGSK02025,SK,LG,문학
20250815,20250815SSLT02025,LT,SS,사직
20250816,20250816BMBC1,,,
20250816,20250816HHNC02025,NC,HH,창원
20250816,20250816HTOB02025,OB,HT,잠실
20250816,20250816KTWO02025,WO,KT,고척
20250816,20250816LGSK02025,SK,LG,문학
20250816,20250816SSLT02025,LT,SS,사직
20250817,20250817KTWO02025,WO,KT,고척
20250817,20250817CHITCHIT1,,,
20250817,20250817BMBC1,,,
20250817,20250817HHNC02025,NC,HH,창원
20250817,20250817HTOB02025,OB,HT,잠실
20250817,20250817LGSK02025,SK,LG,문학
20250817,20250817SSLT02025,LT,SS,사직
20250818,20250818KBO1,,,
20250818,20250818SCBASEBALL1,,,
20250818,20250818SPORTSN1,,,
20250819,20250819BL1,,,
20250819,20250818UBB1,,,
20250819,20250819KBO1,,,
20250819,20250819CHITCHIT1,,,
20250819,20250819BMBC1,,,
20250819,20250819LTLG02025,LG,LT,잠실
20250819,20250819OBHH02025,HH,OB,대전
20250819,20250819SKKT02025,KT,SK,수원
20250819,20250819SSNC02025,NC,SS,창원
20250819,20250819WOHT02025,HT,WO,광주
20250820,20250820BL1,,,
20250820,20250820KBO1,,,
20250820,20250820CHITCHIT1,,,
20250820,20250820BMBC1,,,
20250820,20250820LTLG02025,LG,LT,잠실
20250820,20250820OBHH02025,HH,OB,대전
20250820,20250820SKKT02025,KT,SK,수원
20250820,20250820SSNC02025,NC,SS,창원
20250820,20250820WOHT02025,HT,WO,광주
20250821,20250821BL1,,,
20250821,20250821KBO1,,,
20250821,20250821CHITCHIT1,,,
20250821,20250821BMBC1,,,
20250821,20250821LTLG02025,LG,LT,잠실
20250821,20250821OBHH02025,HH,OB,대전
20250821,20250821SKKT02025,KT,SK,수원
20250821,20250821SSNC02025,NC,SS,창원
20250821,20250821WOHT02025,HT,WO,광주
20250821,20250821SPORTSN1,,,
20250822,20250822BL1,,,
20250822,20250822KBO1,,,
20250822,20250822CHITCHIT1,,,
20250822,20250822BMBC1,,,
20250822,20250822KTOB02025,OB,KT,잠실
20250822,20250822LGHT02025,HT,LG,광주
20250822,20250822LTNC02025,NC,LT,창원
20250822,20250822SKHH02025,HH,SK,대전
20250822,20250822WOSS02025,SS,WO,대구
20250823,20250823CHITCHIT1,,,
20250823,20250823BMBC1,,,
20250823,20250823KTOB02025,OB,KT,잠실
20250823,20250823LGHT02025,HT,LG,광주
20250823,20250823LTNC02025,NC,LT,창원
20250823,20250823SKHH02025,HH,SK,대전
20250823,20250823WOSS02025,SS,WO,대구
20250824,20250824CHITCHIT1,,,
20250824,20250824BMBC1,,,
20250824,20250824KTOB02025,OB,KT,잠실
20250824,20250824LGHT02025,HT,LG,광주
20250824,20250824LTNC02025,NC,LT,창원
20250824,20250824SKHH02025,HH,SK,대전
20250824,20250824WOSS02025,SS,WO,대구
20250825,20250825KBO1,,,
20250825,20250825SCBASEBALL1,,,
20250825,20250825SPORTSN1,,,
20250826,20250826BL1,,,
20250826,20250826KBO1,,,
20250826,20250826CHITCHIT1,,,
20250826,20250826BMBC1,,,
20250826,20250826HHWO02025,WO,HH,고척
20250826,20250826HTSK02025,SK,HT,문학
20250826,20250826KTLT02025,LT,KT,사직
20250826,20250826LGNC02025,NC,LG,창원
20250826,20250826SSOB02025,OB,SS,잠실
20250827,20250827BL1,,,
20250827,20250827KBO1,,,
20250827,20250827CHITCHIT1,,,
20250827,20250827BMBC1,,,
20250827,20250827HHWO02025,WO,HH,고척
20250827,20250827HTSK02025,SK,HT,문학
20250827,20250827KTLT02025,LT,KT,사직
20250827,20250827LGNC02025,NC,LG,창원
20250827,20250827SSOB02025,OB,SS,잠실
20250828,20250828BL1,,,
20250828,20250828KBO1,,,
20250828,20250828BMBC1,,,
20250828,20250828HHWO02025,WO,HH,고척
20250828,20250828HTSK02025,SK,HT,문학
20250828,20250828KTLT02025,LT,KT,사직
20250828,20250828LGNC02025,NC,LG,창원
20250828,20250828SSOB02025,OB,SS,잠실
20250828,20250828SPORTSN1,,,
20250829,20250829BL1,,,
20250829,20250829KBO2,,,
20250829,20250829BMBC1,,,
20250829,20250829HTKT02025,KT,HT,수원
20250829,20250829NCSK02025,SK,NC,문학
20250829,20250829OBLT02025,LT,OB,사직
20250829,20250829SSHH02025,HH,SS,대전
20250829,20250829WOLG02025,LG,WO,잠실
20250830,20250830CHITCHIT1,,,
20250830,20250830BMBC1,,,
20250830,20250830HTKT02025,KT,HT,수원
20250830,20250830NCSK02025,SK,NC,문학
20250830,20250830OBLT02025,LT,OB,사직
20250830,20250830SSHH02025,HH,SS,대전
20250830,20250830WOLG02025,LG,WO,잠실
20250831,20250831BMBC1,,,
20250831,20250831HTKT02025,KT,HT,수원
20250831,20250831NCSK02025,SK,NC,문학
20250831,20250831OBLT02025,LT,OB,사직
20250831,20250831SSHH02025,HH,SS,대전
20250831,20250831WOLG02025,LG,WO,잠실
20250901,20250901KBO1,,,
20250901,20250901SCBASEBALL1,,,
20250901,20250901SPORTSN1,,,
20250902,20250902BL1,,,
20250902,20250902KBSA1,,,
20250902,20250902KBO1,,,
20250902,20250902CHITCHIT1,,,
20250902,20250902BMBC1,,,
20250902,20250902HTHH02025,HH,HT,대전
20250902,20250902LTLG02025,LG,LT,잠실
20250902,20250902NCKT02025,KT,NC,수원
20250902,20250902WOSK02025,SK,WO,문학
20250903,20250903KBO1,,,
20250903,20250903CHITCHIT1,,,
20250903,20250903BMBC1,,,
20250903,20250903LTKT02025,KT,LT,수원
20250903,20250903NCHH02025,HH,NC,대전
20250903,20250903SKHT02025,HT,SK,광주
20250903,20250903WOSS02025,SS,WO,대구
20250904,20250904BL1,,,
20250904,20250904UBASEBALL2,,,
20250904,20250904UBASEBALL3,,,
20250904,20250904KBO1,,,
20250904,20250904CHITCHIT1,,,
20250904,20250904LGKT02025,KT,LG,수원
20250904,20250904OBNC02025,NC,OB,창원
20250904,20250904SPORTSN1,,,
20250905,20250905UBASEBALL1,,,
20250905,20250905BL1,,,
20250905,20250904UBASEBALL1,,,
20250905,20250905UBASEBALL4,,,
20250905,20250905UBASEBALL5,,,
20250905,20250905UBASEBALL2,,,
20250905,20250905KBO1,,,
20250905,20250905CHITCHIT1,,,
20250905,20250905BMBC1,,,
20250905,20250905LTSK02025,SK,LT,문학
20250905,20250905OBNC02025,NC,OB,창원
20250905,20250905WOSS02025,SS,WO,대구
20250906,20250906UBASEBALL4,,,
20250906,20250906UBASEBALL5,,,
20250906,20250906CHITCHIT1,,,
20250906,20250906BMBC1,,,
20250906,20250906HHSS02025,SS,HH,대구
20250906,20250906HTNC02025,NC,HT,창원
20250907,20250907UBASEBALL4,,,
20250907,20250907UBASEBALL5,,,
20250907,20250906UBASEBALL1,,,
20250907,20250906UBASEBALL2,,,
20250907,20250905UBASEBALL3,,,
20250907,20250907CHITCHIT1,,,
20250907,20250907HHSS02025,SS,HH,대구
20250907,20250907HTNC02025,NC,HT,창원
20250907,20250907SKLG02025,LG,SK,잠실
20250908,20250907UBASEBALL1,,,
20250908,20250907UBASEBALL2,,,
20250908,20250906UBASEBALL3,,,
20250908,20250908KBO1,,,
20250908,20250908SCBASEBALL1,,,
20250908,20250908SPORTSN1,,,
20250909,20250909KUSF5,,,목동야구장
20250909,20250909BL1,,,
20250909,20250909KUSF6,,,목동야구장
20250909,20250909KUSF7,,,목동야구장
20250909,20250909KBO1,,,
20250909,20250909CHITCHIT1,,,
20250909,20250909BMBC1,,,
20250909,20250909HHLT02025,LT,HH,사직
20250909,20250909LGWO02025,WO,LG,고척
20250909,20250909OBKT02025,KT,OB,수원
20250910,20250909KUSF1,,,
20250910,20250910BL1,,,
20250910,20250909KUSF2,,,
20250910,20250908KUSF3,,,
20250910,20250910KBO1,,,
20250910,20250910BMBC1,,,
20250910,20250909KUSF3,,,
20250910,20250910HHLT02025,LT,HH,사직
20250910,20250910LGOB02025,OB,LG,잠실
20250910,20250910SKNC02025,NC,SK,창원
20250910,20250910SSHT02025,HT,SS,광주
20250911,20250910KUSF1,,,
20250911,20250911BL1,,,
20250911,20250910KUSF2,,,
20250911,20250910KUSF3,,,
20250911,20250911KBO1,,,
20250911,20250911BMBC1,,,
20250911,20250911KTLG02025,LG,KT,잠실
20250911,20250911LTHT02025,HT,LT,광주
20250911,20250911NCWO02025,WO,NC,고척
20250911,20250911SKSS02025,SS,SK,대구
20250911,20250911SPORTSN1,,,
20250912,20250913KUSF1,,,기장현대차드림볼파크
20250912,20250913KUSF2,,,기장현대차드림볼파크
20250912,20250912BL1,,,
20250912,20250912KBO1,,,
20250912,20250912CHITCHIT1,,,
20250912,20250912OBHT02025,HT,OB,광주
20250913,20250913CHITCHIT1,,,
20250913,20250913BMBC1,,,
20250913,20250913HTLG02025,LG,HT,잠실
20250913,20250913KTSS02025,SS,KT,대구
20250913,20250913OBNC02025,NC,OB,창원
20250913,20250913SKLT02025,LT,SK,사직
20250913,20250913WOHH02025,HH,WO,대전
20250914,20250914KUSF1,,,기장현대차드림볼파크
20250914,20250914CHITCHIT1,,,
20250914,20250914HTLG02025,LG,HT,잠실
20250914,20250914KTSS02025,SS,KT,대구
20250914,20250914OBNC02025,NC,OB,창원
20250914,20250914WOHH02025,HH,WO,대전
20250915,20250915KUSF1,,,
20250915,20250915KUSF2,,,
20250915,20250915KBO1,,,
20250915,20250915WOHH02025,HH,WO,대전
20250915,20250915SCBASEBALL1,,,
20250915,20250915SPORTSN1,,,
20250916,20250916BL1,,,
20250916,20250916KUSF1,,,
20250916,20250916KBO1,,,
20250916,20250916CHITCHIT1,,,
20250916,20250916BMBC1,,,
20250916,20250916HHHT02025,HT,HH,광주
20250916,20250916LGKT02025,KT,LG,수원
20250916,20250916LTSS02025,SS,LT,대구
20250916,20250916SKNC02025,NC,SK,창원
20250916,20250916WOOB02025,OB,WO,잠실
20250917,20250917BL1,,,
20250917,20250917KBO1,,,
20250917,20250917CHITCHIT1,,,
20250917,20250917HHHT02025,HT,HH,광주
20250917,20250917SKNC02025,NC,SK,창원
20250917,20250917WOOB02025,OB,WO,잠실
20250918,20250918BL1,,,
20250918,20250918LGKT12025,KT,LG,수원
20250918,20250918KBO1,,,
20250918,20250918CHITCHIT1,,,
20250918,20250918HHHT02025,HT,HH,광주
20250918,20250918LGKT22025,KT,LG,수원
20250918,20250918SSNC02025,NC,SS,창원
20250918,20250918WOOB02025,OB,WO,잠실
20250918,20250918SPORTSN1,,,
20250919,20250919BL1,,,
20250919,20250919STN1,,,
20250919,20250919KBSA1,,,
20250919,20250919KBO1,,,
20250919,20250919BMBC1,,,
20250919,20250919LTNC02025,NC,LT,창원
20250920,20250920KBO1,,,
20250920,20250920KBO2,,,
20250920,20250920CHITCHIT1,,,
20250920,20250920BMBC1,,,
20250920,20250920HHKT02025,KT,HH,수원
20250920,20250920NCHT02025,HT,NC,광주
20250920,20250920OBSK02025,SK,OB,문학
20250920,20250920SSLG02025,LG,SS,잠실
20250920,20250920WOLT02025,LT,WO,사직
20250921,20250921KBO2,,,
20250921,20250921NCHT02025,HT,NC,광주
20250921,20250921OBSK02025,SK,OB,문학
20250921,20250921SSKT02025,KT,SS,수원
20250921,20250921KBO1,,,
20250922,20250922KBO1,,,
20250922,20250922KBO3,,,
20250922,20250922KBO2,,,
20250922,20250922OBSK02025,SK,OB,문학
20250922,20250922SCBASEBALL1,,,
20250922,20250922SPORTSN1,,,
20250923,20250923BL1,,,
20250923,20250923KBO1,,,
20250923,20250923CHITCHIT1,,,
20250923,20250923BMBC1,,,
20250923,20250923HTSK02025,SK,HT,문학
20250923,20250923NCLT02025,LT,NC,울산
20250923,20250923OBSS02025,SS,OB,대구
20250923,20250923WOKT02025,KT,WO,수원
20250924,20250924BL1,,,
20250924,20250924KBO1,,,
20250924,20250924BMBC1,,,
20250924,20250924HTWO02025,WO,HT,고척
20250924,20250924LGNC02025,NC,LG,창원
20250924,20250924LTSS02025,SS,LT,대구
20250925,20250925BL1,,,
20250925,20250925KBO1,,,
20250925,20250925BMBC1,,,
20250925,20250925HHOB02025,OB,HH,잠실
20250925,20250925KTSK02025,SK,KT,문학
20250925,20250925LGLT02025,LT,LG,울산
20250925,20250925WOSS02025,SS,WO,대구
20250925,20250925SPORTSN1,,,
20250926,20250926BL1,,,
20250926,20250926KBO1,,,
20250926,20250926CHITCHIT1,,,
20250926,20250926BMBC1,,,
20250926,20250926KTSK02025,SK,KT,문학
20250926,20250926LGHH02025,HH,LG,대전
20250926,20250926NCOB02025,OB,NC,잠실
20250926,20250926SSLT02025,LT,SS,사직
20250927,20250927LGHH02025,HH,LG,대전
20250927,20250927NCHT02025,HT,NC,광주
20250927,20250927SKOB02025,OB,SK,잠실
20250928,20250928BMBC1,,,
20250928,20250928LTOB02025,OB,LT,잠실
20250928,20250928SSWO02025,WO,SS,고척
20250929,20250929CHRYSE1,,,
20250929,20250929KBO1,,,
20250929,20250929BMBC1,,,
20250929,20250929LGHH02025,HH,LG,대전
20250929,20250929LTSK02025,SK,LT,문학
20250929,20250929NCHT02025,HT,NC,광주
20250929,20250929SPORTSN1,,,
20250930,20250930BL1,,,
20250930,20250930KBO1,,,
20250930,20250930BMBC1,,,
20250930,20250930HTSS02025,SS,HT,대구
20250930,20250930KTNC02025,NC,KT,창원
20250930,20250930LTHH02025,HH,LT,대전
20250930,20250930OBLG02025,LG,OB,잠실
20250930,20250930SKWO02025,WO,SK,고척
20251001,20251001BL1,,,
20251001,20251001BS1,,,
20251001,20251001KBO1,,,
20251001,20251001HHSK02025,SK,HH,문학
20251001,20251001KTHT02025,HT,KT,광주
20251001,20251001NCLG02025,LG,NC,잠실
20251002,20251002BL1,,,
20251002,20251002KBSA1,,,
20251002,20251002BL2,,,
20251002,20251002SKHT02025,HT,SK,광주
20251002,20250929SCBASEBALL1,,,
20251002,20251002BL4,,,
20251003,20251003KBO1,,,
20251003,20251003HHKT02025,KT,HH,수원
20251004,20251004SKNC02025,NC,SK,창원
20251004,20251004SSHT02025,HT,SS,광주
20251006,20251005KBO1,,,
20251006,44441006NCSS02025,SS,NC,대구
20251007,20251006KBO1,,,
20251007,44441007NCSS02025,SS,NC,대구
20251009,20251009KBO1,,,
20251009,20251009CHITCHIT1,,,
20251009,33331009SSSK02025,SK,SS,문학
20251010,20251010BL1,,,
20251011,33331011SSSK02025,SK,SS,문학
20251013,20251013KBO1,,,
20251013,20251012CHITCHIT1,,,
20251013,33331013SKSS02025,SS,SK,대구
20251013,20251013SPORTSN1,,,
20251014,20251014BL1,,,
20251014,20251014KBO1,,,
20251014,20251014CHITCHIT1,,,
20251014,33331014SKSS02025,SS,SK,대구
20251015,20251015BL1,,,
20251015,20251013SCBASEBALL1,,,
20251016,20251016BL1,,,
20251016,20251016SPORTSN1,,,
20251017,20251017BL1,,,
20251017,20251017KBO2,,,
20251018,20251018CHITCHIT1,,,
20251018,55551018SSHH02025,HH,SS,대전
20251019,20251019CHITCHIT1,,,
20251019,55551019SSHH02025,HH,SS,대전
20251020,20251020SPORTSN1,,,
20251021,20251021BL1,,,
20251021,20251021KBO1,,,
20251021,20251021CHITCHIT1,,,
20251021,55551021HHSS02025,SS,HH,대구
20251022,20251022BL1,,,
20251022,20251022KBO1,,,
20251022,55551022HHSS02025,SS,HH,대구
20251023,20251023BL1,,,
20251023,20251020SCBASEBALL1,,,
20251023,20251023SPORTSN1,,,
20251024,20251024BL1,,,
20251024,20251024KBO1,,,
20251024,20251024CHITCHIT1,,,
20251024,55551024SSHH02025,HH,SS,대전
20251026,20251026CHITCHIT1,,,
20251026,77771026HHLG02025,LG,HH,잠실
20251027,20251027KBO1,,,
20251027,20251027CHITCHIT1,,,
20251027,77771027HHLG02025,LG,HH,잠실
20251027,20251027SPORTSN1,,,
20251028,20251028BL1,,,
20251028,20251027SCBASEBALL1,,,
20251029,20251029BL1,,,
20251029,20251029KBO1,,,
20251029,20251029CHITCHIT1,,,
20251029,77771029LGHH02025,HH,LG,대전
20251030,20251030BL1,,,
20251030,20251030KBO1,,,
20251030,20251030CHITCHIT1,,,
20251030,77771030LGHH02025,HH,LG,대전
20251030,20251030SPORTSN1,,,
20251031,20251031BL1,,,
20251031,20251031KBO1,,,
20251031,20251031CHITCHIT1,,,
20251031,77771031LGHH02025,HH,LG,대전
20251103,20251103SCBASEBALL1,,,
20251103,20251103SPORTSN1,,,
20251106,20251106BL1,,,
20251106,20251106SPORTSN1,,,
20251107,20251107KB1,,,
20251108,20251108KUSF2,,,
20251108,20251108CHITCHIT1,,,
20251108,88881108CZKR02025,KR,CZ,고척
20251109,20251109KUSF2,,,
20251109,20251109CHITCHIT1,,,
20251109,88881109KRCZ02025,CZ,KR,고척
20251110,20251110SS1,,,
20251110,20251110SCBASEBALL1,,,
20251111,20251111BB1,,,
20251111,20251111BB2,,,
20251111,20251111KBO1,,,
20251112,20251112BB1,,,
20251113,20251113BL1,,,
20251115,20251115CHITCHIT1,,,
20251115,88881115KRJP02025,JP,KR,도쿄돔
20251116,20251116CHITCHIT1,,,
20251116,88881116JPKR02025,KR,JP,도쿄돔
20251117,20251117CHRYSE1,,,
20251117,20251117KBO1,,,
20251117,20251117SCBASEBALL1,,,
20251118,20251118BS1,,,
20251119,20251119BS1,,,
20251119,20251119KBO1,,,
20251120,20251120BL1,,,
20251121,20251121KBO1,,,
20251124,20251124KBO1,,,
20251124,20251124SCBASEBALL1,,,
20251124,20251124SPORTSN1,,,
20251126,20251126KBO1,,,
20251127,20251127BL1,,,
20251127,20251127SPORTSN1,,,
20251128,20251128KBO2,,,
20251129,20251129NC1,,,
20251130,20251130THEGENERATIONMATCH,,,서울 고척 스카이돔
20260302,20260302SCBASEBALL1,,,
20260303,20260303HHSS,,,
20260303,20260303LILKA,,,
20260305,20260305LGSS,,,
20260305,20260305LILKA,,,
20260305,20260304KBO1,,,
20260305,20260305SPORTSN1,,,
20260306,20260306VR1,,,
20260307,20260307KTSS,,,
20260307,20260307LILKA,,,
20260307,20260306KBO1,,,
20260308,20260308KBO1,,,
20260309,20260309KBO1,,,
20260309,20260309SPORTSN1,,,
20260310,20260309SCBASEBALL1,,,
20260311,20260311KBO1,,,
20260312,20260312KTLT02026,LT,KT,사직
20260312,20260312LGNC02026,NC,LG,마산
20260312,20260312SKHT02026,HT,SK,광주
20260312,20260312SSHH02026,HH,SS,대전
20260312,20260312WOOB02026,OB,WO,이천(두산)
20260312,20260312SPORTSN1,,,
20260313,20260313KTLT02026,LT,KT,사직
20260313,20260313LGNC02026,NC,LG,마산
20260313,20260313SKHT02026,HT,SK,광주
20260313,20260313SSHH02026,HH,SS,대전
20260313,20260313WOOB02026,OB,WO,이천(두산)
20260313,20260313KBO2,,,
20260314,20260314KBO1,,,
20260314,20260314KTHT02026,HT,KT,광주
20260314,20260314LGLT02026,LT,LG,사직
20260314,20260314SKHH02026,HH,SK,대전
20260314,20260314SSOB02026,OB,SS,이천(두산)
20260314,20260314WONC02026,NC,WO,마산
20260315,20260315KTHT02026,HT,KT,광주
20260315,20260315LGLT02026,LT,LG,사직
20260315,20260315SKHH02026,HH,SK,대전
20260315,20260315SSOB02026,OB,SS,이천(두산)
20260315,20260315WONC02026,NC,WO,마산
20260316,20260316LGKT02026,KT,LG,수원
20260316,20260316OBHH02026,HH,OB,대전
20260316,20260316SSSK02026,SK,SS,문학
20260316,20260316WOLT02026,LT,WO,사직
20260316,20260316HTNC02026,NC,HT,창원
20260316,20260316KBO1,,,
20260316,20260316SCBASEBALL1,,,
20260316,20260316SPORTSN1,,,
20260317,20260317HTNC02026,NC,HT,창원
20260317,20260317LGKT02026,KT,LG,수원
20260317,20260317OBHH02026,HH,OB,대전
20260317,20260317SSSK02026,SK,SS,문학
20260317,20260317WOLT02026,LT,WO,사직
20260318,20260318KBO1,,,
20260319,20260319HTHH02026,HH,HT,대전
20260319,20260319LGSK02026,SK,LG,문학
20260319,20260319OBLT02026,LT,OB,사직
20260319,20260319SSNC02026,NC,SS,창원
20260319,20260319WOKT02026,KT,WO,수원
20260319,20260319SPORTSN1,,,
20260320,20260320HTHH02026,HH,HT,대전
20260320,20260320LGSK02026,SK,LG,문학
20260320,20260320OBLT02026,LT,OB,사직
20260320,20260320SSNC02026,NC,SS,창원
20260320,20260320WOKT02026,KT,WO,수원
20260320,20260320VR1,,,
20260320,20260320KBO1,,,
20260321,20260321HHLT02026,LT,HH,사직
20260321,20260321HTOB02026,OB,HT,잠실
20260321,20260321LGSS02026,SS,LG,대구
20260321,20260321NCKT02026,KT,NC,수원
20260321,20260321WOSK02026,SK,WO,문학
20260322,20260322HHLT02026,LT,HH,사직
20260322,20260322HTOB02026,OB,HT,잠실
20260322,20260322LGSS02026,SS,LG,대구
20260322,20260322NCKT02026,KT,NC,수원
20260322,20260322WOSK02026,SK,WO,문학
20260323,20260323LTSK02026,SK,LT,문학
20260323,20260323OBKT02026,KT,OB,수원
20260323,20260323WOLG02026,LG,WO,잠실
20260323,20260323HTSS02026,SS,HT,대구
20260323,20260323KBO1,,,
20260323,20260323NCHH02026,HH,NC,대전
20260323,20260323SPORTSN1,,,
20260324,20260324HTSS02026,SS,HT,대구
20260324,20260324LTSK02026,SK,LT,문학
20260324,20260324NCHH02026,HH,NC,대전
20260324,20260324OBKT02026,KT,OB,수원
20260324,20260324WOLG02026,LG,WO,잠실
20260325,20260325KBO1,,,
20260326,20260323SCBASEBALL1,,,
20260326,20260326SPORTSN1,,,
20260327,20260327VR1,,,
20260327,20260327KBO1,,,
20260328,20260328CHITCHIT1,,,
20260328,20260328BMBC1,,,
20260328,20260328HTSK02026,SK,HT,문학
20260328,20260328KTLG02026,LG,KT,잠실
20260328,20260328LTSS02026,SS,LT,대구
20260328,20260328OBNC02026,NC,OB,창원
20260328,20260328WOHH02026,HH,WO,대전
20260329,20260329CHITCHIT1,,,
20260329,20260329BMBC1,,,
20260329,20260329HTSK02026,SK,HT,문학
20260329,20260329KTLG02026,LG,KT,잠실
20260329,20260329LTSS02026,SS,LT,대구
20260329,20260329OBNC02026,NC,OB,창원
20260329,20260329WOHH02026,HH,WO,대전
20260330,20260330KBO1,,,
20260330,20260330SCBASEBALL1,,,
20260330,20260330SPORTSN1,,,
20260331,20260331KBO1,,,
20260331,20260331CHITCHIT1,,,
20260331,20260331BMBC1,,,
20260331,20260331HTLG02026,LG,HT,잠실
20260331,20260331KTHH02026,HH,KT,대전
20260331,20260331LTNC02026,NC,LT,창원
20260331,20260331OBSS02026,SS,OB,대구
20260331,20260331WOSK02026,SK,WO,문학
20260401,20260401KBO1,,,
20260401,20260401CHITCHIT1,,,
20260401,20260401BMBC1,,,
20260401,20260401HTLG02026,LG,HT,잠실
20260401,20260401KTHH02026,HH,KT,대전
20260401,20260401LTNC02026,NC,LT,창원
20260401,20260401OBSS02026,SS,OB,대구
20260401,20260401WOSK02026,SK,WO,문학
20260402,20260402KBO1,,,
20260402,20260402CHITCHIT1,,,
20260402,20260402BMBC1,,,
20260402,20260402HTLG02026,LG,HT,잠실
20260402,20260402KTHH02026,HH,KT,대전
20260402,20260402LTNC02026,NC,LT,창원
20260402,20260402OBSS02026,SS,OB,대구
20260402,20260402WOSK02026,SK,WO,문학
20260402,20260402SPORTSN1,,,
20260403,20260403VR1,,,
20260403,20260403KBO2,,,
20260403,20260403CHITCHIT1,,,
20260403,20260403BMBC1,,,
20260403,20260403HHOB02026,OB,HH,잠실
20260403,20260403LGWO02026,WO,LG,고척
20260403,20260403NCHT02026,HT,NC,광주
20260403,20260403SKLT02026,LT,SK,사직
20260403,20260403SSKT02026,KT,SS,수원
20260404,20260404HHOB02026,OB,HH,잠실
20260404,20260404CHITCHIT1,,,
20260404,20260404BMBC1,,,
20260404,20260404LGWO02026,WO,LG,고척
20260404,20260404NCHT02026,HT,NC,광주
20260404,20260404SKLT02026,LT,SK,사직
20260404,20260404SSKT02026,KT,SS,수원
20260405,20260405CHITCHIT1,,,
20260405,20260405BMBC1,,,
20260405,20260405HHOB02026,OB,HH,잠실
20260405,20260405LGWO02026,WO,LG,고척
20260405,20260405NCHT02026,HT,NC,광주
20260405,20260405SKLT02026,LT,SK,사직
20260405,20260405SSKT02026,KT,SS,수원
20260406,20260406KBO1,,,
20260406,20260406SCBASEBALL1,,,
20260406,20260406SPORTSN1,,,
20260407,20260407KBO1,,,
20260407,20260407CHITCHIT1,,,
20260407,20260407BMBC1,,,
20260407,20260407HHSK02026,SK,HH,문학
20260407,20260407KTLT02026,LT,KT,사직
20260407,20260407LGNC02026,NC,LG,창원
20260407,20260407SSHT02026,HT,SS,광주
20260407,20260407WOOB02026,OB,WO,잠실
20260408,20260408KBO1,,,
20260408,20260408CHITCHIT1,,,
20260408,20260408BMBC1,,,
20260408,20260408HHSK02026,SK,HH,문학
20260408,20260408KTLT02026,LT,KT,사직
20260408,20260408LGNC02026,NC,LG,창원
20260408,20260408SSHT02026,HT,SS,광주
20260408,20260408WOOB02026,OB,WO,잠실
20260409,20260409KBO1,,,
20260409,20260409SPORTSN1,,,
20260410,20260410VR1,,,
20260410,20260410KBO1,,,
20260410,20260410CHITCHIT1,,,
20260410,20260410BMBC1,,,
20260410,20260410HTHH02026,HH,HT,대전
20260410,20260410LTWO02026,WO,LT,고척
20260410,20260410NCSS02026,SS,NC,대구
20260410,20260410OBKT02026,KT,OB,수원
20260410,20260410SKLG02026,LG,SK,잠실
20260411,20260411HTHH02026,HH,HT,대전
20260411,20260411CHITCHIT1,,,
20260411,20260411BMBC1,,,
20260411,20260411LTWO02026,WO,LT,고척
20260411,20260411NCSS02026,SS,NC,대구
20260411,20260411OBKT02026,KT,OB,수원
20260411,20260411SKLG02026,LG,SK,잠실
20260412,20260412CHITCHIT1,,,
20260412,20260412BMBC1,,,
20260412,20260412HTHH02026,HH,HT,대전
20260412,20260412LTWO02026,WO,LT,고척
20260412,20260412NCSS02026,SS,NC,대구
20260412,20260412OBKT02026,KT,OB,수원
20260412,20260412SKLG02026,LG,SK,잠실
20260413,20260413KBO1,,,
20260413,20260413SPORTSN1,,,
20260414,20260414KBO1,,,
20260414,20260414CHITCHIT1,,,
20260414,20260414BMBC1,,,
20260414,20260414KTNC02026,NC,KT,창원
20260414,20260414LTLG02026,LG,LT,잠실
20260414,20260414OBSK02026,SK,OB,문학
20260414,20260414SSHH02026,HH,SS,대전
20260414,20260414WOHT02026,HT,WO,광주
20260415,20260415KBO1,,,
20260415,20260415CHITCHIT1,,,
20260415,20260415BMBC1,,,
20260415,20260415KTNC02026,NC,KT,창원
20260415,20260415LTLG02026,LG,LT,잠실
20260415,20260415OBSK02026,SK,OB,문학
20260415,20260415SSHH02026,HH,SS,대전
20260415,20260415WOHT02026,HT,WO,광주
20260416,20260416KBO1,,,
20260416,20260416BMBC1,,,
20260416,20260416KTNC02026,NC,KT,창원
20260416,20260416LTLG02026,LG,LT,잠실
20260416,20260416OBSK02026,SK,OB,문학
20260416,20260416SSHH02026,HH,SS,대전
20260416,20260416WOHT02026,HT,WO,광주
20260416,20260416SPORTSN1,,,
20260417,20260417VR1,,,
20260417,20260417KBO1,,,
20260417,20260417HTOB02026,OB,HT,잠실
20260417,20260417WOKT02026,KT,WO,수원
20260418,20260418LGSS02026,SS,LG,대구
20260418,20260418CHITCHIT1,,,
20260418,20260418BMBC1,,,
20260418,20260418HHLT02026,LT,HH,사직
20260418,20260418HTOB02026,OB,HT,잠실
20260418,20260418SKNC02026,NC,SK,창원
20260418,20260418WOKT02026,KT,WO,수원
20260419,20260419CHITCHIT1,,,
20260419,20260419BMBC1,,,
20260419,20260419HHLT02026,LT,HH,사직
20260419,20260419HTOB02026,OB,HT,잠실
20260419,20260419LGSS02026,SS,LG,대구
20260419,20260419SKNC02026,NC,SK,창원
20260419,20260419WOKT02026,KT,WO,수원
20260420,20260420KBO1,,,
20260420,20260420SCBASEBALL1,,,
20260420,20260420SPORTSN1,,,
20260421,20260421KBO1,,,
20260421,20260421CHITCHIT1,,,
20260421,20260421BMBC1,,,
20260421,20260421HHLG02026,LG,HH,잠실
20260421,20260421HTKT02026,KT,HT,수원
20260421,20260421NCWO02026,WO,NC,고척
20260421,20260421OBLT02026,LT,OB,사직
20260421,20260421SKSS02026,SS,SK,대구
20260422,20260422KBO1,,,
20260422,20260422CHITCHIT1,,,
20260422,20260422BMBC1,,,
20260422,20260422HHLG02026,LG,HH,잠실
20260422,20260422HTKT02026,KT,HT,수원
20260422,20260422NCWO02026,WO,NC,고척
20260422,20260422OBLT02026,LT,OB,사직
20260422,20260422SKSS02026,SS,SK,대구
20260423,20260423KBO1,,,
20260423,20260423CHITCHIT1,,,
20260423,20260423BMBC1,,,
20260423,20260423HHLG02026,LG,HH,잠실
20260423,20260423HTKT02026,KT,HT,수원
20260423,20260423NCWO02026,WO,NC,고척
20260423,20260423OBLT02026,LT,OB,사직
20260423,20260423SKSS02026,SS,SK,대구
20260423,20260423SPORTSN1,,,
20260424,20260424VR1,,,
20260424,20260424KBO1,,,
20260424,20260424CHITCHIT1,,,
20260424,20260424BMBC1,,,
20260424,20260424KTSK02026,SK,KT,문학
20260424,20260424LGOB02026,OB,LG,잠실
20260424,20260424LTHT02026,HT,LT,광주
20260424,20260424NCHH02026,HH,NC,대전
20260424,20260424SSWO02026,WO,SS,고척
20260425,20260425LGOB02026,OB,LG,잠실
20260425,20260425CHITCHIT1,,,
20260425,20260425BMBC1,,,
20260425,20260425KTSK02026,SK,KT,문학
20260425,20260425LTHT02026,HT,LT,광주
20260425,20260425NCHH02026,HH,NC,대전
20260425,20260425SSWO02026,WO,SS,고척
20260426,20260426CHITCHIT1,,,
20260426,20260426BMBC1,,,
20260426,20260426KTSK02026,SK,KT,문학
20260426,20260426LGOB02026,OB,LG,잠실
20260426,20260426LTHT02026,HT,LT,광주
20260426,20260426NCHH02026,HH,NC,대전
20260426,20260426SSWO02026,WO,SS,고척
20260427,20260427KBO1,,,
20260427,20260427SCBASEBALL1,,,
20260427,20260427SPORTSN1,,,
20260428,20260428KBO1,,,
20260428,20260428CHITCHIT1,,,
20260428,20260428BMBC1,,,
20260428,20260428HTNC02026,NC,HT,창원
20260428,20260428LGKT02026,KT,LG,수원
20260428,20260428SKHH02026,HH,SK,대전
20260428,20260428SSOB02026,OB,SS,잠실
20260428,20260428WOLT02026,LT,WO,사직
20260429,20260429KBO1,,,
20260429,20260429CHITCHIT1,,,
20260429,20260429BMBC1,,,
20260429,20260429HTNC02026,NC,HT,창원
20260429,20260429LGKT02026,KT,LG,수원
20260429,20260429SKHH02026,HH,SK,대전
20260429,20260429SSOB02026,OB,SS,잠실
20260429,20260429WOLT02026,LT,WO,사직
20260430,20260430KBO1,,,
20260430,20260430CHITCHIT1,,,
20260430,20260430BMBC1,,,
20260430,20260430HTNC02026,NC,HT,창원
20260430,20260430LGKT02026,KT,LG,수원
20260430,20260430SKHH02026,HH,SK,대전
20260430,20260430SSOB02026,OB,SS,잠실
20260430,20260430WOLT02026,LT,WO,사직
20260430,20260430SPORTSN1,,,
20260501,20260501KBO2,,,
20260501,20260501BMBC1,,,
20260501,20260501HHSS02026,SS,HH,대구
20260501,20260501KTHT02026,HT,KT,광주
20260501,20260501LTSK02026,SK,LT,문학
20260501,20260501NCLG02026,LG,NC,잠실
20260501,20260501OBWO02026,WO,OB,고척
20260502,20260502BMBC1,,,
20260502,20260502LTSK02026,SK,LT,문학
20260502,20260502HHSS02026,SS,HH,대구
20260502,20260502KTHT02026,HT,KT,광주
20260502,20260502NCLG02026,LG,NC,잠실
20260502,20260502OBWO02026,WO,OB,고척
20260503,20260503BMBC1,,,
20260503,20260503HHSS02026,SS,HH,대구
20260503,20260503KTHT02026,HT,KT,광주
20260503,20260503LTSK02026,SK,LT,문학
20260503,20260503NCLG02026,LG,NC,잠실
20260503,20260503OBWO02026,WO,OB,고척
20260504,20260504KBO1,,,
20260504,20260504SCBASEBALL1,,,
20260504,20260504SPORTSN1,,,
20260505,20260505CHITCHIT1,,,
20260505,20260505BMBC1,,,
20260505,20260505HHHT02026,HT,HH,광주
20260505,20260505LTKT02026,KT,LT,수원
20260505,20260505NCSK02026,SK,NC,문학
20260505,20260505OBLG02026,LG,OB,잠실
20260505,20260505WOSS02026,SS,WO,대구
20260506,20260506KBO1,,,
20260506,20260506CHITCHIT1,,,
20260506,20260506BMBC1,,,
20260506,20260506HHHT02026,HT,HH,광주
20260506,20260506LTKT02026,KT,LT,수원
20260506,20260506NCSK02026,SK,NC,문학
20260506,20260506OBLG02026,LG,OB,잠실
20260506,20260506WOSS02026,SS,WO,대구
20260507,20260507KBO1,,,
20260507,20260507CHITCHIT1,,,
20260507,20260507HHHT02026,HT,HH,광주
20260507,20260507NCSK02026,SK,NC,문학
20260507,20260507OBLG02026,LG,OB,잠실
20260507,20260507WOSS02026,SS,WO,대구
20260507,20260507SPORTSN1,,,
20260508,20260508VR1,,,
20260508,20260508KBO1,,,
20260508,20260508CHITCHIT1,,,
20260508,20260508BMBC1,,,
20260508,20260508HTLT02026,LT,HT,사직
20260508,20260508KTWO02026,WO,KT,고척
20260508,20260508LGHH02026,HH,LG,대전
20260508,20260508SKOB02026,OB,SK,잠실
20260508,20260508SSNC02026,NC,SS,창원
20260509,20260509LGHH02026,HH,LG,대전
20260509,20260509CHITCHIT1,,,
20260509,20260509BMBC1,,,
20260509,20260509HTLT02026,LT,HT,사직
20260509,20260509KTWO02026,WO,KT,고척
20260509,20260509SKOB02026,OB,SK,잠실
20260509,20260509SSNC02026,NC,SS,창원
20260510,20260510CHITCHIT1,,,
20260510,20260510BMBC1,,,
20260510,20260510HTLT02026,LT,HT,사직
20260510,20260510KTWO02026,WO,KT,고척
20260510,20260510LGHH02026,HH,LG,대전
20260510,20260510SKOB02026,OB,SK,잠실
20260510,20260510SSNC02026,NC,SS,창원
20260511,20260511KBO1,,,
20260511,20260511SCBASEBALL1,,,
20260511,20260511SPORTSN1,,,
20260512,20260512SC1,,,
20260512,20260512KBO1,,,
20260512,20260512CHITCHIT1,,,
20260512,20260512BMBC1,,,
20260512,20260512HHWO02026,WO,HH,고척
20260512,20260512NCLT02026,LT,NC,사직
20260512,20260512OBHT02026,HT,OB,광주
20260512,20260512SKKT02026,KT,SK,수원
20260512,20260512SSLG02026,LG,SS,잠실
20260513,20260513KBO1,,,
20260513,20260513CHITCHIT1,,,
20260513,20260513BMBC1,,,
20260513,20260513HHWO02026,WO,HH,고척
20260513,20260513NCLT02026,LT,NC,사직
20260513,20260513OBHT02026,HT,OB,광주
20260513,20260513SKKT02026,KT,SK,수원
20260513,20260513SSLG02026,LG,SS,잠실
20260514,20260514KBO1,,,
20260514,20260514CHITCHIT1,,,
20260514,20260514BMBC1,,,
20260514,20260514HHWO02026,WO,HH,고척
20260514,20260514NCLT02026,LT,NC,사직
20260514,20260514OBHT02026,HT,OB,광주
20260514,20260514SKKT02026,KT,SK,수원
20260514,20260514SSLG02026,LG,SS,잠실
20260514,20260514SPORTSN1,,,
20260515,20260515VR1,,,
20260515,20260515KBO2,,,
20260515,20260515CHITCHIT1,,,
20260515,20260515BMBC1,,,
20260515,20260515HHKT02026,KT,HH,수원
20260515,20260515HTSS02026,SS,HT,대구
20260515,20260515LGSK02026,SK,LG,문학
20260515,20260515LTOB02026,OB,LT,잠실
20260515,20260515WONC02026,NC,WO,창원
20260516,20260516HHKT02026,KT,HH,수원
20260516,20260516BMBC1,,,
20260516,20260516HTSS02026,SS,HT,대구
20260516,20260516LGSK02026,SK,LG,문학
20260516,20260516LTOB02026,OB,LT,잠실
20260516,20260516WONC02026,NC,WO,창원
20260517,20260517BMBC1,,,
20260517,20260517HHKT02026,KT,HH,수원
20260517,20260517HTSS02026,SS,HT,대구
20260517,20260517LGSK02026,SK,LG,문학
20260517,20260517LTOB02026,OB,LT,잠실
20260517,20260517WONC02026,NC,WO,창원
20260518,20260518KBO1,,,
20260518,20260518SCBASEBALL1,,,
20260518,20260518SPORTSN1,,,
20260519,20260519SC1,,,
20260519,20260519KBO1,,,
20260519,20260519BMBC1,,,
20260519,20260519KTSS02026,SS,KT,포항
20260519,20260519LGHT02026,HT,LG,광주
20260519,20260519LTHH02026,HH,LT,대전
20260519,20260519NCOB02026,OB,NC,잠실
20260519,20260519SKWO02026,WO,SK,고척
20260520,20260520KBO1,,,
20260520,20260520SKWO02026,WO,SK,고척
20260521,20260521KBO1,,,
20260521,20260521CHITCHIT1,,,
20260521,20260521BMBC1,,,
20260521,20260521KTSS02026,SS,KT,포항
20260521,20260521LGHT02026,HT,LG,광주
20260521,20260521LTHH02026,HH,LT,대전
20260521,20260521NCOB02026,OB,NC,잠실
20260521,20260521SKWO02026,WO,SK,고척
20260521,20260521SPORTSN1,,,
20260522,20260522KBO1,,,
20260522,20260522BMBC1,,,
20260522,20260522NCKT02026,KT,NC,수원
20260522,20260522OBHH02026,HH,OB,대전
20260522,20260522SKHT02026,HT,SK,광주
20260522,20260522SSLT02026,LT,SS,사직
20260522,20260522WOLG02026,LG,WO,잠실
20260523,20260523WOLG02026,LG,WO,잠실
20260523,20260519CHITCHIT1,,,
20260523,20260523BMBC1,,,
20260523,20260523NCKT02026,KT,NC,수원
20260523,20260523OBHH02026,HH,OB,대전
20260523,20260523SKHT02026,HT,SK,광주
20260523,20260523SSLT02026,LT,SS,사직
20260524,20260520CHITCHIT1,,,
20260524,20260524BMBC1,,,
20260524,20260524NCKT02026,KT,NC,수원
20260524,20260524OBHH02026,HH,OB,대전
20260524,20260524SKHT02026,HT,SK,광주
20260524,20260524SSLT02026,LT,SS,사직
20260524,20260524WOLG02026,LG,WO,잠실
20260525,20260525KBO1,,,
20260525,20260525SCBASEBALL1,,,
20260526,20260526SC1,,,
20260526,20260526KBO1,,,
20260526,20260526CHITCHIT1,,,
20260526,20260526BMBC1,,,
20260526,20260526HTWO02026,WO,HT,고척
20260526,20260526KTOB02026,OB,KT,잠실
20260526,20260526LGLT02026,LT,LG,사직
20260527,20260527KBO1,,,
20260527,20260527CHITCHIT1,,,
20260527,20260527BMBC1,,,
20260527,20260527HHNC02026,NC,HH,창원
20260527,20260527HTWO02026,WO,HT,고척
20260527,20260527KTOB02026,OB,KT,잠실
20260527,20260527LGLT02026,LT,LG,사직
20260527,20260527SSSK02026,SK,SS,문학
20260528,20260528KBO1,,,
20260528,20260528CHITCHIT1,,,
20260528,20260528BMBC1,,,
20260528,20260528HHNC02026,NC,HH,창원
20260528,20260528HTWO02026,WO,HT,고척
20260528,20260528KTOB02026,OB,KT,잠실
20260528,20260528LGLT02026,LT,LG,사직
20260528,20260528SSSK02026,SK,SS,문학
20260528,20260528SPORTSN1,,,
20260529,20260529VR1,,,
20260529,20260529KBO1,,,
20260529,20260529CHITCHIT1,,,
20260529,20260529BMBC1,,,
20260529,20260529HTLG02026,LG,HT,잠실
20260529,20260529KTWO02026,WO,KT,고척
20260529,20260529LTNC02026,NC,LT,창원
20260529,20260529OBSS02026,SS,OB,대구
20260529,20260529SKHH02026,HH,SK,대전
20260530,20260530OBSS02026,SS,OB,대구
20260530,20260530CHITCHIT1,,,
20260530,20260530BMBC1,,,
20260530,20260530HTLG02026,LG,HT,잠실
20260530,20260530KTWO02026,WO,KT,고척
20260530,20260530LTNC02026,NC,LT,창원
20260530,20260530SKHH02026,HH,SK,대전
20260531,20260531GP1,,,
20260531,20260531CHITCHIT1,,,
20260531,20260531BMBC1,,,
20260531,20260531HTLG02026,LG,HT,잠실
20260531,20260531KTWO02026,WO,KT,고척
20260531,20260531LTNC02026,NC,LT,창원
20260531,20260531OBSS02026,SS,OB,대구
20260531,20260531SKHH02026,HH,SK,대전
20260601,20260601KBO1,,,
20260601,20260601SPORTSN1,,,
20260602,20260602SC1,,,
20260602,20260602KBO1,,,
20260602,20260602CHITCHIT1,,,
20260602,20260602BMBC1,,,
20260602,20260602HHOB02026,OB,HH,잠실
20260602,20260602LGKT02026,KT,LG,수원
20260602,20260602LTHT02026,HT,LT,광주
20260602,20260602NCSS02026,SS,NC,대구
20260602,20260602WOSK02026,SK,WO,문학
20260603,20260603KBO1,,,
20260603,20260603CHITCHIT1,,,
20260603,20260603BMBC1,,,
20260603,20260603HHOB02026,OB,HH,잠실
20260603,20260603LGKT02026,KT,LG,수원
20260603,20260603LTHT02026,HT,LT,광주
20260603,20260603NCSS02026,SS,NC,대구
20260603,20260603WOSK02026,SK,WO,문학
20260604,20260604KBO1,,,
20260604,20260604CHITCHIT1,,,
20260604,20260604BMBC1,,,
20260604,20260604HHOB02026,OB,HH,잠실
20260604,20260604LGKT02026,KT,LG,수원
20260604,20260604LTHT02026,HT,LT,광주
20260604,20260604NCSS02026,SS,NC,대구
20260604,20260604WOSK02026,SK,WO,문학
20260604,20260604SPORTSN1,,,
20260605,20260605KUSF1,,,
20260605,20260605VR1,,,
20260605,20260605KUSF2,,,
20260605,20260605KBO1,,,
20260605,20260605CHITCHIT1,,,
20260605,20260605BMBC1,,,
20260605,20260605HHLT02026,LT,HH,사직
20260605,20260605KTSK02026,SK,KT,문학
20260605,20260605LGNC02026,NC,LG,창원
20260605,20260605SSHT02026,HT,SS,광주
20260605,20260605WOOB02026,OB,WO,잠실
20260606,20260606KTSK02026,SK,KT,문학
20260606,20260606CHITCHIT1,,,
20260606,20260606BMBC1,,,
20260606,20260606HHLT02026,LT,HH,사직
20260606,20260606LGNC02026,NC,LG,창원
20260606,20260606SSHT02026,HT,SS,광주
20260606,20260606WOOB02026,OB,WO,잠실
20260607,20260607CHITCHIT1,,,
20260607,20260607BMBC1,,,
20260607,20260607HHLT02026,LT,HH,사직
20260607,20260607KTSK02026,SK,KT,문학
20260607,20260607LGNC02026,NC,LG,창원
20260607,20260607SSHT02026,HT,SS,광주
20260607,20260607WOOB02026,OB,WO,잠실
20260608,20260608KBO1,,,
20260608,20260608SCBASEBALL1,,,
20260608,20260608SPORTSN1,,,
20260609,20260609SC1,,,
20260609,20260609KBO1,,,
20260609,20260609CHITCHIT1,,,
20260609,20260609BMBC1,,,
20260609,20260609HTHH02026,HH,HT,대전
20260609,20260609NCWO02026,WO,NC,고척
20260609,20260609OBLT02026,LT,OB,사직
20260609,20260609SKLG02026,LG,SK,잠실
20260609,20260609SSKT02026,KT,SS,수원
20260610,20260610KBO1,,,
20260610,20260610CHITCHIT1,,,
20260610,20260610BMBC1,,,
20260610,20260610HTHH02026,HH,HT,대전
20260610,20260610NCWO02026,WO,NC,고척
20260610,20260610OBLT02026,LT,OB,사직
20260610,20260610SKLG02026,LG,SK,잠실
20260610,20260610SSKT02026,KT,SS,수원
20260611,20260611KBO1,,,
20260611,20260611CHITCHIT1,,,
20260611,20260611BMBC1,,,
20260611,20260611HTHH02026,HH,HT,대전
20260611,20260611NCWO02026,WO,NC,고척
20260611,20260611OBLT02026,LT,OB,사직
20260611,20260611SKLG02026,LG,SK,잠실
20260611,20260611SSKT02026,KT,SS,수원
20260611,20260611SPORTSN1,,,
20260612,20260612VR1,,,
20260612,20260612KBO1,,,
20260612,20260612CHITCHIT1,,,
20260612,20260612BMBC1,,,
20260612,20260612HHWO02026,WO,HH,고척
20260612,20260612LTLG02026,LG,LT,잠실
20260612,20260612NCKT02026,KT,NC,수원
20260612,20260612OBHT02026,HT,OB,광주
20260612,20260612SKSS02026,SS,SK,대구
20260613,20260613BMBC1,,,
20260613,20260613HHWO02026,WO,HH,고척
20260613,20260613LTLG02026,LG,LT,잠실
20260613,20260613NCKT02026,KT,NC,수원
20260613,20260613OBHT02026,HT,OB,광주
20260613,20260613SKSS02026,SS,SK,대구
20260614,20260614HHWO02026,WO,HH,고척
20260614,20260614BMBC1,,,
20260614,20260614LTLG02026,LG,LT,잠실
20260614,20260614OBHT02026,HT,OB,광주
20260614,20260614SKSS02026,SS,SK,대구
20260615,20260615KBO1,,,
20260615,20260615SCBASEBALL1,,,
20260615,20260615SPORTSN1,,,
20260616,20260616SC1,,,
20260616,20260616KBO1,,,
20260616,20260616CHITCHIT1,,,
20260616,20260616BMBC1,,,
20260616,20260616HHNC02026,NC,HH,창원
20260616,20260616KTOB02026,OB,KT,잠실
20260616,20260616LGHT02026,HT,LG,광주
20260616,20260616LTSK02026,SK,LT,문학
20260616,20260616WOSS02026,SS,WO,대구
20260617,20260617KBO1,,,
20260617,20260617BMBC1,,,
20260617,20260617HHNC02026,NC,HH,창원
20260617,20260617KTOB02026,OB,KT,잠실
20260617,20260617LGHT02026,HT,LG,광주
20260617,20260617LTSK02026,SK,LT,문학
20260617,20260617WOSS02026,SS,WO,대구
20260618,20260618KBO1,,,
20260618,20260618BMBC1,,,
20260618,20260618HHNC02026,NC,HH,창원
20260618,20260618KTOB02026,OB,KT,잠실
20260618,20260618LGHT02026,HT,LG,광주
20260618,20260618LTSK02026,SK,LT,문학
20260618,20260618WOSS02026,SS,WO,대구
20260619,20260619KBO2,,,
20260619,20260619CHITCHIT1,,,
20260619,20260619BMBC1,,,
20260619,20260619HTKT02026,KT,HT,수원
20260619,20260619LTWO02026,WO,LT,고척
20260619,20260619OBLG02026,LG,OB,잠실
20260619,20260619SKNC02026,NC,SK,창원
20260619,20260619SSHH02026,HH,SS,대전
20260620,20260620CHITCHIT1,,,
20260620,20260620BMBC1,,,
20260620,20260620HTKT02026,KT,HT,수원
20260620,20260620LTWO02026,WO,LT,고척
20260620,20260620OBLG02026,LG,OB,잠실
20260620,20260620SKNC02026,NC,SK,창원
20260620,20260620SSHH02026,HH,SS,대전
20260621,20260621LTWO02026,WO,LT,고척
20260621,20260621CHITCHIT1,,,
20260621,20260621BMBC1,,,
20260621,20260621HTKT02026,KT,HT,수원
20260621,20260621OBLG02026,LG,OB,잠실
20260621,20260621SKNC02026,NC,SK,창원
20260621,20260621SSHH02026,HH,SS,대전
20260622,20260622KBO1,,,
20260622,20260622SPORTSN1,,,
20260623,20260623SC1,,,
20260623,20260623KBO1,,,
20260623,20260623BMBC1,,,
20260623,20260623HTWO02026,WO,HT,고척
20260623,20260623NCLT02026,LT,NC,사직
20260623,20260623OBHH02026,HH,OB,대전
20260623,20260623SKKT02026,KT,SK,수원
20260623,20260623SSLG02026,LG,SS,잠실
20260624,20260624KBO1,,,
20260624,20260624BMBC1,,,
20260624,20260624HTWO02026,WO,HT,고척
20260624,20260624NCLT02026,LT,NC,사직
20260624,20260624OBHH02026,HH,OB,대전
20260624,20260624SKKT02026,KT,SK,수원
20260624,20260624SSLG02026,LG,SS,잠실
20260625,20260625KBO1,,,
20260625,20260625BMBC1,,,
20260625,20260625HTWO02026,WO,HT,고척
20260625,20260625NCLT02026,LT,NC,사직
20260625,20260625OBHH02026,HH,OB,대전
20260625,20260625SKKT02026,KT,SK,수원
20260625,20260625SSLG02026,LG,SS,잠실
20260626,20260626VR1,,,
20260626,20260626KBO2,,,
20260626,20260626BMBC1,,,
20260626,20260626HHSK02026,SK,HH,문학
20260626,20260626HTOB02026,OB,HT,잠실
20260626,20260626KTSS02026,SS,KT,대구
20260626,20260626LGLT02026,LT,LG,사직
20260626,20260626WONC02026,NC,WO,창원
20260627,20260627BMBC1,,,
20260627,20260627HHSK02026,SK,HH,문학
20260627,20260627HTOB02026,OB,HT,잠실
20260627,20260627KTSS02026,SS,KT,대구
20260627,20260627LGLT02026,LT,LG,사직
20260627,20260627WONC02026,NC,WO,창원
20260628,20260628BMBC1,,,
20260628,20260628HHSK02026,SK,HH,문학
20260628,20260628HTOB02026,OB,HT,잠실
20260628,20260628KTSS02026,SS,KT,대구
20260628,20260628LGLT02026,LT,LG,사직
20260628,20260628WONC02026,NC,WO,창원
20260629,20260629KBO1,,,
20260629,20260629SCBASEBALL1,,,
20260629,20260629SPORTSN1,,,
20260630,20260630SC1,,,
20260630,20260630KBO1,,,
20260630,20260630BMBC1,,,
20260630,20260630LGWO02026,WO,LG,고척
20260630,20260630LTOB02026,OB,LT,잠실
20260630,20260630SKHT02026,HT,SK,광주
20260630,20260630SSNC02026,NC,SS,창원
20260701,20260701KBO1,,,
20260701,20260701BMBC1,,,
20260701,20260701KTHH02026,HH,KT,대전
20260701,20260701LGWO02026,WO,LG,고척
20260701,20260701LTOB02026,OB,LT,잠실
20260701,20260701SKHT02026,HT,SK,광주
20260701,20260701SSNC02026,NC,SS,창원
20260702,20260702KBO1,,,
20260702,20260702CHITCHIT1,,,
20260702,20260702BMBC1,,,
20260702,20260702KTHH02026,HH,KT,대전
20260702,20260702LGWO02026,WO,LG,고척
20260702,20260702LTOB02026,OB,LT,잠실
20260702,20260702SKHT02026,HT,SK,광주
20260702,20260702SSNC02026,NC,SS,창원
20260703,20260703VR1,,,
20260703,20260703KBO1,,,
20260703,20260703CHITCHIT1,,,
20260703,20260703BMBC1,,,
20260703,20260703HHLG02026,LG,HH,잠실
20260703,20260703LTKT02026,KT,LT,수원
20260703,20260703NCHT02026,HT,NC,광주
20260703,20260703OBWO02026,WO,OB,고척
20260703,20260703SSSK02026,SK,SS,문학
20260704,20260704CHITCHIT1,,,
20260704,20260704BMBC1,,,
20260704,20260704HHLG02026,LG,HH,잠실
20260704,20260704LTKT02026,KT,LT,수원
20260704,20260704NCHT02026,HT,NC,광주
20260704,20260704OBWO02026,WO,OB,고척
20260704,20260704SSSK02026,SK,SS,문학
20260705,20260705OBWO02026,WO,OB,고척
20260705,20260705CHITCHIT1,,,
20260705,20260705BMBC1,,,
20260705,20260705LTKT02026,KT,LT,수원
20260705,20260705SSSK02026,SK,SS,문학
20260706,20260706KBO1,,,
20260706,20260706SCBASEBALL1,,,
20260706,20260706SPORTSN1,,,
20260707,20260707SC1,,,
20260707,20260707KBO1,,,
20260707,20260707CHITCHIT1,,,
20260707,20260707BMBC1,,,
20260707,20260707HTLT02026,LT,HT,사직
20260707,20260707LGSS02026,SS,LG,대구
20260707,20260707NCHH02026,HH,NC,대전
20260707,20260707SKOB02026,OB,SK,잠실
20260707,20260707WOKT02026,KT,WO,수원
20260708,20260708KBO1,,,
20260708,20260708CHITCHIT1,,,
20260708,20260708BMBC1,,,
20260708,20260708HTLT02026,LT,HT,사직
20260708,20260708LGSS02026,SS,LG,대구
20260708,20260708SKOB02026,OB,SK,잠실
20260708,20260708WOKT02026,KT,WO,수원
20260709,20260709KBO1,,,
20260709,20260709CHITCHIT1,,,
20260709,20260709BMBC1,,,
20260709,20260709HTLT02026,LT,HT,사직
20260709,20260709LGSS02026,SS,LG,대구
20260709,20260709NCHH02026,HH,NC,대전
20260709,20260709SKOB02026,OB,SK,잠실
20260709,20260709SPORTSN1,,,
20260711,99990711WEEA02026,EA,WE,잠실
20260713,20260713SPORTSN1,,,
20260714,20260714SC1,,,
20260714,20260713SCBASEBALL1,,,
20260715,20260715KUSF4,,,
20260715,20260715NC1,,,
20260716,20260716KUSF3,,,
20260716,20260716KBO1,,,
20260716,20260716BMBC1,,,
20260716,20260716HTSK02026,SK,HT,문학
20260716,20260716KTLG02026,LG,KT,잠실
20260716,20260716LTSS02026,SS,LT,대구
20260716,20260716OBNC02026,NC,OB,창원
20260716,20260716WOHH02026,HH,WO,대전
20260716,20260716SPORTSN1,,,
20260717,20260717KUSF1,,,
20260717,20260717VR1,,,
20260717,20260717KBO1,,,
20260717,20260717HTSK02026,SK,HT,문학
20260717,20260717KTLG02026,LG,KT,잠실
20260717,20260717OBNC02026,NC,OB,창원
20260717,20260717WOHH02026,HH,WO,대전
20260718,20260718BMBC1,,,
20260718,20260718HTSK02026,SK,HT,문학
20260718,20260718KTLG02026,LG,KT,잠실
20260718,20260718LTSS02026,SS,LT,대구
20260718,20260718OBNC02026,NC,OB,창원
20260718,20260718WOHH02026,HH,WO,대전
20260719,20260719BMBC1,,,
20260719,20260719HTSK02026,SK,HT,문학
20260719,20260719KTLG02026,LG,KT,잠실
20260719,20260719LTSS02026,SS,LT,대구
20260719,20260719OBNC02026,NC,OB,창원
20260719,20260719WOHH02026,HH,WO,대전
